,mean_fit_time,mean_score_time,mean_test_score,mean_train_score,param_NN__alpha,param_NN__hidden_layer_sizes,param_ica__n_components,params,rank_test_score,split0_test_score,split0_train_score,split1_test_score,split1_train_score,split2_test_score,split2_train_score,split3_test_score,split3_train_score,split4_test_score,split4_train_score,std_fit_time,std_score_time,std_test_score,std_train_score
0,0.07813329696655273,0.0,0.6641366223908919,0.6631877800453132,0.1,"(50, 50)",2,"{'NN__alpha': 0.1, 'NN__hidden_layer_sizes': (50, 50), 'ica__n_components': 2}",22,0.6682464454976303,0.66429418742586,0.6635071090047393,0.6619217081850534,0.6635071090047393,0.6631079478054567,0.6635071090047393,0.6631079478054567,0.6619047619047619,0.6635071090047393,0.019766233335637973,0.0,0.002147508218912887,0.0007670453186662976
1,0.03125357627868652,0.0,0.6631878557874763,0.6629505321212326,0.1,"(50, 50)",5,"{'NN__alpha': 0.1, 'NN__hidden_layer_sizes': (50, 50), 'ica__n_components': 5}",32,0.6635071090047393,0.6631079478054567,0.6635071090047393,0.6631079478054567,0.6635071090047393,0.6631079478054567,0.6635071090047393,0.6619217081850534,0.6619047619047619,0.6635071090047393,1.0115243642614567e-06,0.0,0.0006400248824124762,0.0005371397605518669
2,0.03437871932983398,0.0,0.3368121442125237,0.3368122199546868,0.1,"(50, 50)",7,"{'NN__alpha': 0.1, 'NN__hidden_layer_sizes': (50, 50), 'ica__n_components': 7}",169,0.33649289099526064,0.3368920521945433,0.33649289099526064,0.3368920521945433,0.33649289099526064,0.3368920521945433,0.33649289099526064,0.3368920521945433,0.3380952380952381,0.33649289099526064,0.006250643818148124,0.0,0.0006400248824124983,0.0001596644797130731
3,0.03750433921813965,0.0,0.6631878557874763,0.6631877800453132,0.1,"(50, 50)",10,"{'NN__alpha': 0.1, 'NN__hidden_layer_sizes': (50, 50), 'ica__n_components': 10}",32,0.6635071090047393,0.6631079478054567,0.6635071090047393,0.6631079478054567,0.6635071090047393,0.6631079478054567,0.6635071090047393,0.6631079478054567,0.6619047619047619,0.6635071090047393,0.007655395211651173,0.0,0.0006400248824124762,0.00015966447971305087
4,0.05938148498535156,0.0,0.6631878557874763,0.6631877800453132,0.1,"(50, 50)",15,"{'NN__alpha': 0.1, 'NN__hidden_layer_sizes': (50, 50), 'ica__n_components': 15}",32,0.6635071090047393,0.6631079478054567,0.6635071090047393,0.6631079478054567,0.6635071090047393,0.6631079478054567,0.6635071090047393,0.6631079478054567,0.6619047619047619,0.6635071090047393,0.026884710977090713,0.0,0.0006400248824124762,0.00015966447971305087
5,0.09376053810119629,0.0,0.6480075901328273,0.6527511201812529,0.1,"(50, 50)",20,"{'NN__alpha': 0.1, 'NN__hidden_layer_sizes': (50, 50), 'ica__n_components': 20}",160,0.6587677725118484,0.6583629893238434,0.6398104265402843,0.641755634638197,0.6398104265402843,0.6465005931198102,0.6635071090047393,0.6631079478054567,0.638095238095238,0.6540284360189573,0.026148361503094863,0.0,0.010851273752743041,0.007750590691471972
6,0.08843407630920411,0.0,0.627134724857685,0.6489529046004734,0.1,"(50, 50)",25,"{'NN__alpha': 0.1, 'NN__hidden_layer_sizes': (50, 50), 'ica__n_components': 25}",164,0.6255924170616114,0.6441281138790036,0.5213270142180095,0.6109134045077106,0.6635071090047393,0.6631079478054567,0.6635071090047393,0.6631079478054567,0.6619047619047619,0.6635071090047393,0.021547567966713643,0.0,0.054883609046823975,0.020409985472431492
7,0.12501168251037598,0.0031253814697265623,0.6574952561669829,0.6582069791367998,0.1,"(50, 50)",30,"{'NN__alpha': 0.1, 'NN__hidden_layer_sizes': (50, 50), 'ica__n_components': 30}",149,0.6540284360189573,0.6595492289442467,0.6635071090047393,0.6571767497034401,0.6587677725118484,0.6595492289442467,0.6587677725118484,0.6571767497034401,0.6523809523809524,0.6575829383886256,0.03125054844195663,0.006250762939453125,0.003937141543548836,0.001105933209311104
8,0.15338683128356934,0.0033260345458984374,0.6603415559772297,0.6622390694484268,0.1,"(50, 50)",35,"{'NN__alpha': 0.1, 'NN__hidden_layer_sizes': (50, 50), 'ica__n_components': 35}",140,0.6587677725118484,0.6631079478054567,0.6587677725118484,0.6619217081850534,0.6587677725118484,0.66073546856465,0.6635071090047393,0.6631079478054567,0.6619047619047619,0.6623222748815166,0.049750020063290615,0.006162811353825481,0.0019950942477172766,0.0008807219915398703
9,0.02869563102722168,0.0006194591522216796,0.6631878557874763,0.6624760362730713,0.1,"(50,)",2,"{'NN__alpha': 0.1, 'NN__hidden_layer_sizes': (50,), 'ica__n_components': 2}",32,0.6635071090047393,0.6631079478054567,0.6635071090047393,0.6631079478054567,0.6635071090047393,0.6595492289442467,0.6635071090047393,0.6631079478054567,0.6619047619047619,0.6635071090047393,0.004277268533409862,0.0008335342993294601,0.0006400248824124762,0.0014715467150135245
10,0.06919527053833008,0.0031251907348632812,0.6612903225806451,0.6603408049563452,0.1,"(50,)",5,"{'NN__alpha': 0.1, 'NN__hidden_layer_sizes': (50,), 'ica__n_components': 5}",132,0.6635071090047393,0.6595492289442467,0.6635071090047393,0.6631079478054567,0.6635071090047393,0.6583629893238434,0.6587677725118484,0.6571767497034401,0.6571428571428571,0.6635071090047393,0.032944240385630895,0.0062503814697265625,0.002766293484323862,0.0025389822282481734
11,0.07188315391540527,0.0031252384185791017,0.6717267552182163,0.7011353606224666,0.1,"(50,)",7,"{'NN__alpha': 0.1, 'NN__hidden_layer_sizes': (50,), 'ica__n_components': 7}",13,0.6635071090047393,0.6631079478054567,0.7061611374407583,0.6536180308422301,0.7156398104265402,0.7580071174377224,0.5876777251184834,0.7164887307236062,0.6857142857142857,0.7144549763033176,0.021196693528829913,0.006250476837158203,0.045717643412158705,0.03834453184901538
12,0.0656322956085205,0.0,0.683111954459203,0.6878579098570328,0.1,"(50,)",10,"{'NN__alpha': 0.1, 'NN__hidden_layer_sizes': (50,), 'ica__n_components': 10}",1,0.6635071090047393,0.6631079478054567,0.6635071090047393,0.66429418742586,0.7535545023696683,0.7710557532621589,0.6635071090047393,0.6619217081850534,0.6714285714285714,0.6789099526066351,0.011692577395346782,0.0,0.035375097904802255,0.04205340243013932
13,0.1125117301940918,0.0,0.6631878557874763,0.6631877800453132,0.1,"(50,)",15,"{'NN__alpha': 0.1, 'NN__hidden_layer_sizes': (50,), 'ica__n_components': 15}",32,0.6635071090047393,0.6631079478054567,0.6635071090047393,0.6631079478054567,0.6635071090047393,0.6631079478054567,0.6635071090047393,0.6631079478054567,0.6619047619047619,0.6635071090047393,0.12359910794039333,0.0,0.0006400248824124762,0.00015966447971305087
14,0.10313739776611328,0.0,0.6774193548387096,0.6669682863616175,0.1,"(50,)",20,"{'NN__alpha': 0.1, 'NN__hidden_layer_sizes': (50,), 'ica__n_components': 20}",6,0.7109004739336493,0.6927639383155397,0.6635071090047393,0.6429418742586003,0.6113744075829384,0.608540925266904,0.6682464454976303,0.6619217081850534,0.7333333333333333,0.7286729857819905,0.033662681408304515,0.0,0.04214400768606296,0.04120528739036945
15,0.16252355575561522,0.0,0.6631878557874763,0.6631877800453132,0.1,"(50,)",25,"{'NN__alpha': 0.1, 'NN__hidden_layer_sizes': (50,), 'ica__n_components': 25}",32,0.6635071090047393,0.6631079478054567,0.6635071090047393,0.6631079478054567,0.6635071090047393,0.6631079478054567,0.6635071090047393,0.6631079478054567,0.6619047619047619,0.6635071090047393,0.09196866023573691,0.0,0.0006400248824124762,0.00015966447971305087
16,0.22035613059997558,0.00020060539245605468,0.6603415559772297,0.6620015404249099,0.1,"(50,)",30,"{'NN__alpha': 0.1, 'NN__hidden_layer_sizes': (50,), 'ica__n_components': 30}",140,0.6635071090047393,0.6595492289442467,0.6635071090047393,0.6619217081850534,0.6635071090047393,0.6631079478054567,0.6492890995260664,0.6619217081850534,0.6619047619047619,0.6635071090047393,0.1289250909362609,0.0004012107849121094,0.005564130316419265,0.0013796703962563922
17,0.2644075393676758,0.0031249523162841797,0.6631878557874763,0.6631877800453132,0.1,"(50,)",35,"{'NN__alpha': 0.1, 'NN__hidden_layer_sizes': (50,), 'ica__n_components': 35}",32,0.6635071090047393,0.6631079478054567,0.6635071090047393,0.6631079478054567,0.6635071090047393,0.6631079478054567,0.6635071090047393,0.6631079478054567,0.6619047619047619,0.6635071090047393,0.12056302984645931,0.006249904632568359,0.0006400248824124762,0.00015966447971305087
18,0.01875014305114746,0.0,0.6631878557874763,0.6631877800453132,0.1,"(25,)",2,"{'NN__alpha': 0.1, 'NN__hidden_layer_sizes': (25,), 'ica__n_components': 2}",32,0.6635071090047393,0.6631079478054567,0.6635071090047393,0.6631079478054567,0.6635071090047393,0.6631079478054567,0.6635071090047393,0.6631079478054567,0.6619047619047619,0.6635071090047393,0.006250644511111666,0.0,0.0006400248824124762,0.00015966447971305087
19,0.03125243186950684,0.0,0.6612903225806451,0.6624760362730712,0.1,"(25,)",5,"{'NN__alpha': 0.1, 'NN__hidden_layer_sizes': (25,), 'ica__n_components': 5}",132,0.6540284360189573,0.66073546856465,0.6635071090047393,0.6631079478054567,0.6635071090047393,0.6631079478054567,0.6635071090047393,0.6619217081850534,0.6619047619047619,0.6635071090047393,2.4657599399276538e-06,0.0,0.0036855812518524203,0.0010196657221145612
20,0.04062995910644531,0.0,0.3368121442125237,0.3368122199546868,0.1,"(25,)",7,"{'NN__alpha': 0.1, 'NN__hidden_layer_sizes': (25,), 'ica__n_components': 7}",169,0.33649289099526064,0.3368920521945433,0.33649289099526064,0.3368920521945433,0.33649289099526064,0.3368920521945433,0.33649289099526064,0.3368920521945433,0.3380952380952381,0.33649289099526064,0.012501704778861361,0.0,0.0006400248824124983,0.0001596644797130731
21,0.08750567436218262,0.0,0.6631878557874763,0.6631877800453132,0.1,"(25,)",10,"{'NN__alpha': 0.1, 'NN__hidden_layer_sizes': (25,), 'ica__n_components': 10}",32,0.6635071090047393,0.6631079478054567,0.6635071090047393,0.6631079478054567,0.6635071090047393,0.6631079478054567,0.6635071090047393,0.6631079478054567,0.6619047619047619,0.6635071090047393,0.05192001021497485,0.0,0.0006400248824124762,0.00015966447971305087
22,0.10001101493835449,0.0,0.6631878557874763,0.6629505321212326,0.1,"(25,)",15,"{'NN__alpha': 0.1, 'NN__hidden_layer_sizes': (25,), 'ica__n_components': 15}",32,0.6635071090047393,0.6631079478054567,0.6635071090047393,0.6631079478054567,0.6635071090047393,0.6619217081850534,0.6635071090047393,0.6631079478054567,0.6619047619047619,0.6635071090047393,0.042622754732429116,0.0,0.0006400248824124762,0.0005371397605518669
23,0.07188286781311035,0.0,0.6631878557874763,0.6629505321212326,0.1,"(25,)",20,"{'NN__alpha': 0.1, 'NN__hidden_layer_sizes': (25,), 'ica__n_components': 20}",32,0.6635071090047393,0.6631079478054567,0.6635071090047393,0.6631079478054567,0.6635071090047393,0.6631079478054567,0.6635071090047393,0.6619217081850534,0.6619047619047619,0.6635071090047393,0.02119611755703985,0.0,0.0006400248824124762,0.0005371397605518669
24,0.12189502716064453,0.0,0.3368121442125237,0.3368122199546868,0.1,"(25,)",25,"{'NN__alpha': 0.1, 'NN__hidden_layer_sizes': (25,), 'ica__n_components': 25}",169,0.33649289099526064,0.3368920521945433,0.33649289099526064,0.3368920521945433,0.33649289099526064,0.3368920521945433,0.33649289099526064,0.3368920521945433,0.3380952380952381,0.33649289099526064,0.07616676369729596,0.0,0.0006400248824124983,0.0001596644797130731
25,0.10490312576293945,0.00020055770874023439,0.6631878557874763,0.6631877800453132,0.1,"(25,)",30,"{'NN__alpha': 0.1, 'NN__hidden_layer_sizes': (25,), 'ica__n_components': 30}",32,0.6635071090047393,0.6631079478054567,0.6635071090047393,0.6631079478054567,0.6635071090047393,0.6631079478054567,0.6635071090047393,0.6631079478054567,0.6619047619047619,0.6635071090047393,0.019610243703511804,0.00040111541748046877,0.0006400248824124762,0.00015966447971305087
26,0.2501803398132324,0.0,0.4297912713472486,0.4170020182939512,0.1,"(25,)",35,"{'NN__alpha': 0.1, 'NN__hidden_layer_sizes': (25,), 'ica__n_components': 35}",165,0.33649289099526064,0.3368920521945433,0.7914691943127962,0.7378410438908659,0.3412322274881517,0.3368920521945433,0.33649289099526064,0.3368920521945433,0.34285714285714286,0.33649289099526064,0.19127725899337855,0.0,0.1809639346692297,0.1604195872889089
27,0.05559391975402832,0.0,0.6802656546489564,0.6864380766052184,0.1,"(25, 25)",2,"{'NN__alpha': 0.1, 'NN__hidden_layer_sizes': (25, 25), 'ica__n_components': 2}",5,0.7061611374407583,0.6737841043890866,0.6635071090047393,0.6619217081850534,0.6635071090047393,0.7200474495848161,0.7061611374407583,0.7129300118623962,0.6619047619047619,0.6635071090047393,0.015058380404308302,0.0,0.021168363673645583,0.024973654895534773
28,0.10149550437927246,0.003125286102294922,0.6631878557874763,0.6627132841971518,0.1,"(25, 25)",5,"{'NN__alpha': 0.1, 'NN__hidden_layer_sizes': (25, 25), 'ica__n_components': 5}",32,0.6635071090047393,0.6631079478054567,0.6635071090047393,0.6631079478054567,0.6635071090047393,0.6619217081850534,0.6635071090047393,0.6619217081850534,0.6619047619047619,0.6635071090047393,0.07381095047068884,0.006250572204589844,0.0006400248824124762,0.0006625498801510918
29,0.06926417350769043,0.003326606750488281,0.6641366223908919,0.6802704738774293,0.1,"(25, 25)",7,"{'NN__alpha': 0.1, 'NN__hidden_layer_sizes': (25, 25), 'ica__n_components': 7}",22,0.6635071090047393,0.6631079478054567,0.6635071090047393,0.6631079478054567,0.7014218009478673,0.7627520759193357,0.6350710900473934,0.6524317912218268,0.6571428571428571,0.659952606635071,0.023272648882839485,0.006164292953311637,0.02138518480354268,0.04142493755944391
30,0.14515972137451172,0.0,0.6546489563567363,0.6584428215636999,0.1,"(25, 25)",10,"{'NN__alpha': 0.1, 'NN__hidden_layer_sizes': (25, 25), 'ica__n_components': 10}",153,0.6635071090047393,0.6631079478054567,0.6635071090047393,0.6631079478054567,0.6635071090047393,0.6631079478054567,0.6208530805687204,0.6393831553973903,0.6619047619047619,0.6635071090047393,0.09608144408917207,0.0,0.01691931278931291,0.009531086928689913
31,0.08750886917114258,0.0,0.6631878557874763,0.6631877800453132,0.1,"(25, 25)",15,"{'NN__alpha': 0.1, 'NN__hidden_layer_sizes': (25, 25), 'ica__n_components': 15}",32,0.6635071090047393,0.6631079478054567,0.6635071090047393,0.6631079478054567,0.6635071090047393,0.6631079478054567,0.6635071090047393,0.6631079478054567,0.6619047619047619,0.6635071090047393,0.015935296421984716,0.0,0.0006400248824124762,0.00015966447971305087
32,0.14689369201660157,0.00624995231628418,0.6631878557874763,0.6631877800453132,0.1,"(25, 25)",20,"{'NN__alpha': 0.1, 'NN__hidden_layer_sizes': (25, 25), 'ica__n_components': 20}",32,0.6635071090047393,0.6631079478054567,0.6635071090047393,0.6631079478054567,0.6635071090047393,0.6631079478054567,0.6635071090047393,0.6631079478054567,0.6619047619047619,0.6635071090047393,0.10853546627941953,0.01249990463256836,0.0006400248824124762,0.00015966447971305087
33,0.1343895435333252,0.0,0.6660341555977229,0.6646112675897973,0.1,"(25, 25)",25,"{'NN__alpha': 0.1, 'NN__hidden_layer_sizes': (25, 25), 'ica__n_components': 25}",17,0.6872037914691943,0.6820877817319099,0.6919431279620853,0.6619217081850534,0.6303317535545023,0.6536180308422301,0.6635071090047393,0.6619217081850534,0.6571428571428571,0.6635071090047393,0.02538891131696029,0.0,0.02227782964226866,0.009401770328100684
34,0.16452426910400392,0.0031246185302734376,0.6631878557874763,0.6631877800453132,0.1,"(25, 25)",30,"{'NN__alpha': 0.1, 'NN__hidden_layer_sizes': (25, 25), 'ica__n_components': 30}",32,0.6635071090047393,0.6631079478054567,0.6635071090047393,0.6631079478054567,0.6635071090047393,0.6631079478054567,0.6635071090047393,0.6631079478054567,0.6619047619047619,0.6635071090047393,0.09278861480329728,0.006249237060546876,0.0006400248824124762,0.00015966447971305087
35,0.25710387229919435,0.0,0.6641366223908919,0.6624763173725075,0.1,"(25, 25)",35,"{'NN__alpha': 0.1, 'NN__hidden_layer_sizes': (25, 25), 'ica__n_components': 35}",22,0.6682464454976303,0.6631079478054567,0.6729857819905213,0.66073546856465,0.6635071090047393,0.6619217081850534,0.6587677725118484,0.66429418742586,0.6571428571428571,0.6623222748815166,0.10443638226077719,0.0,0.005886667607580169,0.0011887374433710175
36,0.06875796318054199,0.003124713897705078,0.6631878557874763,0.6631877800453132,0.1,"(100, 25, 100)",2,"{'NN__alpha': 0.1, 'NN__hidden_layer_sizes': (100, 25, 100), 'ica__n_components': 2}",32,0.6635071090047393,0.6631079478054567,0.6635071090047393,0.6631079478054567,0.6635071090047393,0.6631079478054567,0.6635071090047393,0.6631079478054567,0.6619047619047619,0.6635071090047393,0.012502694291230708,0.006249427795410156,0.0006400248824124762,0.00015966447971305087
37,0.1312654972076416,0.0,0.6631878557874763,0.6631877800453132,0.1,"(100, 25, 100)",5,"{'NN__alpha': 0.1, 'NN__hidden_layer_sizes': (100, 25, 100), 'ica__n_components': 5}",32,0.6635071090047393,0.6631079478054567,0.6635071090047393,0.6631079478054567,0.6635071090047393,0.6631079478054567,0.6635071090047393,0.6631079478054567,0.6619047619047619,0.6635071090047393,0.07435304276553895,0.0,0.0006400248824124762,0.00015966447971305087
38,0.07187957763671875,0.0,0.6631878557874763,0.6631877800453132,0.1,"(100, 25, 100)",7,"{'NN__alpha': 0.1, 'NN__hidden_layer_sizes': (100, 25, 100), 'ica__n_components': 7}",32,0.6635071090047393,0.6631079478054567,0.6635071090047393,0.6631079478054567,0.6635071090047393,0.6631079478054567,0.6635071090047393,0.6631079478054567,0.6619047619047619,0.6635071090047393,0.012507416673329,0.0,0.0006400248824124762,0.00015966447971305087
39,0.06588993072509766,0.0031198501586914063,0.6631878557874763,0.6631877800453132,0.1,"(100, 25, 100)",10,"{'NN__alpha': 0.1, 'NN__hidden_layer_sizes': (100, 25, 100), 'ica__n_components': 10}",32,0.6635071090047393,0.6631079478054567,0.6635071090047393,0.6631079478054567,0.6635071090047393,0.6631079478054567,0.6635071090047393,0.6631079478054567,0.6619047619047619,0.6635071090047393,0.015260677260754087,0.0062397003173828135,0.0006400248824124762,0.00015966447971305087
40,0.1250136375427246,0.0,0.6631878557874763,0.6631877800453132,0.1,"(100, 25, 100)",15,"{'NN__alpha': 0.1, 'NN__hidden_layer_sizes': (100, 25, 100), 'ica__n_components': 15}",32,0.6635071090047393,0.6631079478054567,0.6635071090047393,0.6631079478054567,0.6635071090047393,0.6631079478054567,0.6635071090047393,0.6631079478054567,0.6619047619047619,0.6635071090047393,0.06250658036496914,0.0,0.0006400248824124762,0.00015966447971305087
41,0.13570446968078614,0.0031250953674316407,0.6631878557874763,0.6631877800453132,0.1,"(100, 25, 100)",20,"{'NN__alpha': 0.1, 'NN__hidden_layer_sizes': (100, 25, 100), 'ica__n_components': 20}",32,0.6635071090047393,0.6631079478054567,0.6635071090047393,0.6631079478054567,0.6635071090047393,0.6631079478054567,0.6635071090047393,0.6631079478054567,0.6619047619047619,0.6635071090047393,0.05150332495069262,0.006250190734863282,0.0006400248824124762,0.00015966447971305087
42,0.20051078796386718,0.0,0.6631878557874763,0.6631877800453132,0.1,"(100, 25, 100)",25,"{'NN__alpha': 0.1, 'NN__hidden_layer_sizes': (100, 25, 100), 'ica__n_components': 25}",32,0.6635071090047393,0.6631079478054567,0.6635071090047393,0.6631079478054567,0.6635071090047393,0.6631079478054567,0.6635071090047393,0.6631079478054567,0.6619047619047619,0.6635071090047393,0.13183783971154897,0.0,0.0006400248824124762,0.00015966447971305087
43,0.25627789497375486,0.0,0.6631878557874763,0.6631877800453132,0.1,"(100, 25, 100)",30,"{'NN__alpha': 0.1, 'NN__hidden_layer_sizes': (100, 25, 100), 'ica__n_components': 30}",32,0.6635071090047393,0.6631079478054567,0.6635071090047393,0.6631079478054567,0.6635071090047393,0.6631079478054567,0.6635071090047393,0.6631079478054567,0.6619047619047619,0.6635071090047393,0.11423553319661167,0.0,0.0006400248824124762,0.00015966447971305087
44,0.30315704345703126,0.0031254768371582033,0.6631878557874763,0.6631877800453132,0.1,"(100, 25, 100)",35,"{'NN__alpha': 0.1, 'NN__hidden_layer_sizes': (100, 25, 100), 'ica__n_components': 35}",32,0.6635071090047393,0.6631079478054567,0.6635071090047393,0.6631079478054567,0.6635071090047393,0.6631079478054567,0.6635071090047393,0.6631079478054567,0.6619047619047619,0.6635071090047393,0.161976210443848,0.006250953674316407,0.0006400248824124762,0.00015966447971305087
45,0.09689154624938964,0.003125286102294922,0.6641366223908919,0.6631877800453132,0.01,"(50, 50)",2,"{'NN__alpha': 0.01, 'NN__hidden_layer_sizes': (50, 50), 'ica__n_components': 2}",22,0.6682464454976303,0.66429418742586,0.6635071090047393,0.6619217081850534,0.6635071090047393,0.6631079478054567,0.6635071090047393,0.6631079478054567,0.6619047619047619,0.6635071090047393,0.10843295704721435,0.006250572204589844,0.002147508218912887,0.0007670453186662976
46,0.0687553882598877,0.0,0.6631878557874763,0.6629505321212326,0.01,"(50, 50)",5,"{'NN__alpha': 0.01, 'NN__hidden_layer_sizes': (50, 50), 'ica__n_components': 5}",32,0.6635071090047393,0.6631079478054567,0.6635071090047393,0.6631079478054567,0.6635071090047393,0.6631079478054567,0.6635071090047393,0.6619217081850534,0.6619047619047619,0.6635071090047393,0.012502134104847951,0.0,0.0006400248824124762,0.0005371397605518669
47,0.06250782012939453,0.0,0.3368121442125237,0.3368122199546868,0.01,"(50, 50)",7,"{'NN__alpha': 0.01, 'NN__hidden_layer_sizes': (50, 50), 'ica__n_components': 7}",169,0.33649289099526064,0.3368920521945433,0.33649289099526064,0.3368920521945433,0.33649289099526064,0.3368920521945433,0.33649289099526064,0.3368920521945433,0.3380952380952381,0.33649289099526064,0.009883324092553509,0.0,0.0006400248824124983,0.0001596644797130731
48,0.11308393478393555,0.0,0.6631878557874763,0.6631877800453132,0.01,"(50, 50)",10,"{'NN__alpha': 0.01, 'NN__hidden_layer_sizes': (50, 50), 'ica__n_components': 10}",32,0.6635071090047393,0.6631079478054567,0.6635071090047393,0.6631079478054567,0.6635071090047393,0.6631079478054567,0.6635071090047393,0.6631079478054567,0.6619047619047619,0.6635071090047393,0.12513221382053674,0.0,0.0006400248824124762,0.00015966447971305087
49,0.06875796318054199,0.0,0.6631878557874763,0.6631877800453132,0.01,"(50, 50)",15,"{'NN__alpha': 0.01, 'NN__hidden_layer_sizes': (50, 50), 'ica__n_components': 15}",32,0.6635071090047393,0.6631079478054567,0.6635071090047393,0.6631079478054567,0.6635071090047393,0.6631079478054567,0.6635071090047393,0.6631079478054567,0.6619047619047619,0.6635071090047393,0.021196967859178656,0.0,0.0006400248824124762,0.00015966447971305087
50,0.11251206398010254,0.012500619888305664,0.6537001897533207,0.6527511201812529,0.01,"(50, 50)",20,"{'NN__alpha': 0.01, 'NN__hidden_layer_sizes': (50, 50), 'ica__n_components': 20}",157,0.6635071090047393,0.6583629893238434,0.6445497630331753,0.641755634638197,0.6587677725118484,0.6465005931198102,0.6635071090047393,0.6631079478054567,0.638095238095238,0.6540284360189573,0.0544923683456449,0.01822313942892855,0.01043684529743342,0.007750590691471972
51,0.14064297676086426,0.0,0.6318785578747628,0.6496646483727154,0.01,"(50, 50)",25,"{'NN__alpha': 0.01, 'NN__hidden_layer_sizes': (50, 50), 'ica__n_components': 25}",163,0.6350710900473934,0.6453143534994069,0.5355450236966824,0.6132858837485172,0.6635071090047393,0.6631079478054567,0.6635071090047393,0.6631079478054567,0.6619047619047619,0.6635071090047393,0.03953118510248395,0.0,0.04939622769797361,0.01946996608468213
52,0.15314097404479982,0.0031253814697265623,0.6574952561669829,0.6582069791367998,0.01,"(50, 50)",30,"{'NN__alpha': 0.01, 'NN__hidden_layer_sizes': (50, 50), 'ica__n_components': 30}",149,0.6540284360189573,0.6595492289442467,0.6635071090047393,0.6571767497034401,0.6587677725118484,0.6595492289442467,0.6587677725118484,0.6571767497034401,0.6523809523809524,0.6575829383886256,0.05266985906729219,0.006250762939453125,0.003937141543548836,0.001105933209311104
53,0.1656468391418457,0.0,0.6603415559772297,0.6622390694484268,0.01,"(50, 50)",35,"{'NN__alpha': 0.01, 'NN__hidden_layer_sizes': (50, 50), 'ica__n_components': 35}",140,0.6587677725118484,0.6631079478054567,0.6587677725118484,0.6619217081850534,0.6587677725118484,0.66073546856465,0.6635071090047393,0.6631079478054567,0.6619047619047619,0.6623222748815166,0.04262225931363865,0.0,0.0019950942477172766,0.0008807219915398703
54,0.043756961822509766,0.0,0.6631878557874763,0.6624760362730713,0.01,"(50,)",2,"{'NN__alpha': 0.01, 'NN__hidden_layer_sizes': (50,), 'ica__n_components': 2}",32,0.6635071090047393,0.6631079478054567,0.6635071090047393,0.6631079478054567,0.6635071090047393,0.6595492289442467,0.6635071090047393,0.6631079478054567,0.6619047619047619,0.6635071090047393,0.006247520599633094,0.0,0.0006400248824124762,0.0014715467150135245
55,0.0281280517578125,0.0,0.6612903225806451,0.6603408049563452,0.01,"(50,)",5,"{'NN__alpha': 0.01, 'NN__hidden_layer_sizes': (50,), 'ica__n_components': 5}",132,0.6635071090047393,0.6595492289442467,0.6635071090047393,0.6631079478054567,0.6635071090047393,0.6583629893238434,0.6587677725118484,0.6571767497034401,0.6571428571428571,0.6635071090047393,0.006251528303026829,0.0,0.002766293484323862,0.0025389822282481734
56,0.07188072204589843,0.0,0.674573055028463,0.702084071219353,0.01,"(50,)",7,"{'NN__alpha': 0.01, 'NN__hidden_layer_sizes': (50,), 'ica__n_components': 7}",8,0.6635071090047393,0.6631079478054567,0.7109004739336493,0.6583629893238434,0.7109004739336493,0.7568208778173191,0.5971563981042654,0.7164887307236062,0.6904761904761905,0.7156398104265402,0.028982963198931986,0.0,0.04246272051455617,0.03692706724319987
57,0.05313034057617187,0.0,0.683111954459203,0.6885696536292748,0.01,"(50,)",10,"{'NN__alpha': 0.01, 'NN__hidden_layer_sizes': (50,), 'ica__n_components': 10}",1,0.6635071090047393,0.6631079478054567,0.6635071090047393,0.6654804270462633,0.7535545023696683,0.7722419928825622,0.6635071090047393,0.6631079478054567,0.6714285714285714,0.6789099526066351,0.007656232395096474,0.0,0.035375097904802255,0.042247081534901226
58,0.04719433784484863,0.006306838989257812,0.6631878557874763,0.6631877800453132,0.01,"(50,)",15,"{'NN__alpha': 0.01, 'NN__hidden_layer_sizes': (50,), 'ica__n_components': 15}",32,0.6635071090047393,0.6631079478054567,0.6635071090047393,0.6631079478054567,0.6635071090047393,0.6631079478054567,0.6635071090047393,0.6631079478054567,0.6619047619047619,0.6635071090047393,0.014244775211739474,0.007724793256590292,0.0006400248824124762,0.00015966447971305087
59,0.09280142784118653,0.00020031929016113282,0.6755218216318786,0.6693396412046797,0.01,"(50,)",20,"{'NN__alpha': 0.01, 'NN__hidden_layer_sizes': (50,), 'ica__n_components': 20}",7,0.7109004739336493,0.6951364175563464,0.6682464454976303,0.6476868327402135,0.6018957345971564,0.608540925266904,0.6682464454976303,0.6619217081850534,0.7285714285714285,0.7334123222748815,0.023105455949711622,0.0004006385803222656,0.04379114854013299,0.04240550868466637
60,0.07500739097595215,0.0,0.6631878557874763,0.6631877800453132,0.01,"(50,)",25,"{'NN__alpha': 0.01, 'NN__hidden_layer_sizes': (50,), 'ica__n_components': 25}",32,0.6635071090047393,0.6631079478054567,0.6635071090047393,0.6631079478054567,0.6635071090047393,0.6631079478054567,0.6635071090047393,0.6631079478054567,0.6619047619047619,0.6635071090047393,0.02297435366515269,0.0,0.0006400248824124762,0.00015966447971305087
61,0.10325064659118652,0.0,0.6603415559772297,0.6620015404249099,0.01,"(50,)",30,"{'NN__alpha': 0.01, 'NN__hidden_layer_sizes': (50,), 'ica__n_components': 30}",140,0.6635071090047393,0.6595492289442467,0.6635071090047393,0.6619217081850534,0.6635071090047393,0.6631079478054567,0.6492890995260664,0.6619217081850534,0.6619047619047619,0.6635071090047393,0.02771549813151367,0.0,0.005564130316419265,0.0013796703962563922
62,0.1216494083404541,0.0031252384185791017,0.6631878557874763,0.6631877800453132,0.01,"(50,)",35,"{'NN__alpha': 0.01, 'NN__hidden_layer_sizes': (50,), 'ica__n_components': 35}",32,0.6635071090047393,0.6631079478054567,0.6635071090047393,0.6631079478054567,0.6635071090047393,0.6631079478054567,0.6635071090047393,0.6631079478054567,0.6619047619047619,0.6635071090047393,0.04368793479586574,0.006250476837158203,0.0006400248824124762,0.00015966447971305087
63,0.01875333786010742,0.0,0.6631878557874763,0.6631877800453132,0.01,"(25,)",2,"{'NN__alpha': 0.01, 'NN__hidden_layer_sizes': (25,), 'ica__n_components': 2}",32,0.6635071090047393,0.6631079478054567,0.6635071090047393,0.6631079478054567,0.6635071090047393,0.6631079478054567,0.6635071090047393,0.6631079478054567,0.6619047619047619,0.6635071090047393,0.006251788325509037,0.0,0.0006400248824124762,0.00015966447971305087
64,0.03125295639038086,0.0,0.6612903225806451,0.6624760362730712,0.01,"(25,)",5,"{'NN__alpha': 0.01, 'NN__hidden_layer_sizes': (25,), 'ica__n_components': 5}",132,0.6540284360189573,0.66073546856465,0.6635071090047393,0.6631079478054567,0.6635071090047393,0.6631079478054567,0.6635071090047393,0.6619217081850534,0.6619047619047619,0.6635071090047393,0.009883927228671202,0.0,0.0036855812518524203,0.0010196657221145612
65,0.03487472534179688,0.0,0.3368121442125237,0.3368122199546868,0.01,"(25,)",7,"{'NN__alpha': 0.01, 'NN__hidden_layer_sizes': (25,), 'ica__n_components': 7}",169,0.33649289099526064,0.3368920521945433,0.33649289099526064,0.3368920521945433,0.33649289099526064,0.3368920521945433,0.33649289099526064,0.3368920521945433,0.3380952380952381,0.33649289099526064,0.006029738943623224,0.0,0.0006400248824124983,0.0001596644797130731
66,0.040386104583740236,0.003096914291381836,0.6631878557874763,0.6631877800453132,0.01,"(25,)",10,"{'NN__alpha': 0.01, 'NN__hidden_layer_sizes': (25,), 'ica__n_components': 10}",32,0.6635071090047393,0.6631079478054567,0.6635071090047393,0.6631079478054567,0.6635071090047393,0.6631079478054567,0.6635071090047393,0.6631079478054567,0.6619047619047619,0.6635071090047393,0.007750629865303787,0.006193828582763673,0.0006400248824124762,0.00015966447971305087
67,0.046880054473876956,0.0,0.6631878557874763,0.6629505321212326,0.01,"(25,)",15,"{'NN__alpha': 0.01, 'NN__hidden_layer_sizes': (25,), 'ica__n_components': 15}",32,0.6635071090047393,0.6631079478054567,0.6635071090047393,0.6631079478054567,0.6635071090047393,0.6619217081850534,0.6635071090047393,0.6631079478054567,0.6619047619047619,0.6635071090047393,0.00988535999187389,0.0,0.0006400248824124762,0.0005371397605518669
68,0.06710472106933593,0.0031252384185791017,0.6631878557874763,0.6629505321212326,0.01,"(25,)",20,"{'NN__alpha': 0.01, 'NN__hidden_layer_sizes': (25,), 'ica__n_components': 20}",32,0.6635071090047393,0.6631079478054567,0.6635071090047393,0.6631079478054567,0.6635071090047393,0.6631079478054567,0.6635071090047393,0.6619217081850534,0.6619047619047619,0.6635071090047393,0.015240811069124206,0.0062504768371582035,0.0006400248824124762,0.0005371397605518669
69,0.0656346321105957,0.0,0.3368121442125237,0.3368122199546868,0.01,"(25,)",25,"{'NN__alpha': 0.01, 'NN__hidden_layer_sizes': (25,), 'ica__n_components': 25}",169,0.33649289099526064,0.3368920521945433,0.33649289099526064,0.3368920521945433,0.33649289099526064,0.3368920521945433,0.33649289099526064,0.3368920521945433,0.3380952380952381,0.33649289099526064,0.011693291557642857,0.0,0.0006400248824124983,0.0001596644797130731
70,0.11323509216308594,0.0,0.6631878557874763,0.6631877800453132,0.01,"(25,)",30,"{'NN__alpha': 0.01, 'NN__hidden_layer_sizes': (25,), 'ica__n_components': 30}",32,0.6635071090047393,0.6631079478054567,0.6635071090047393,0.6631079478054567,0.6635071090047393,0.6631079478054567,0.6635071090047393,0.6631079478054567,0.6619047619047619,0.6635071090047393,0.049422939889600816,0.0,0.0006400248824124762,0.00015966447971305087
71,0.13752126693725586,0.0006014823913574219,0.4117647058823529,0.40893558887520876,0.01,"(25,)",35,"{'NN__alpha': 0.01, 'NN__hidden_layer_sizes': (25,), 'ica__n_components': 35}",166,0.33649289099526064,0.3368920521945433,0.7014218009478673,0.697508896797153,0.3412322274881517,0.3368920521945433,0.33649289099526064,0.3368920521945433,0.34285714285714286,0.33649289099526064,0.04896259024448728,0.0012029647827148438,0.14493658029929274,0.14428673678028334
72,0.050268697738647464,0.0,0.6707779886148008,0.6845400932125731,0.01,"(25, 25)",2,"{'NN__alpha': 0.01, 'NN__hidden_layer_sizes': (25, 25), 'ica__n_components': 2}",14,0.6635071090047393,0.6631079478054567,0.6635071090047393,0.6619217081850534,0.6587677725118484,0.7200474495848161,0.7061611374407583,0.7141162514827996,0.6619047619047619,0.6635071090047393,0.014993619291990555,0.0,0.01778653556712852,0.02664145685679689
73,0.031253480911254884,0.0,0.6631878557874763,0.6627132841971518,0.01,"(25, 25)",5,"{'NN__alpha': 0.01, 'NN__hidden_layer_sizes': (25, 25), 'ica__n_components': 5}",32,0.6635071090047393,0.6631079478054567,0.6635071090047393,0.6631079478054567,0.6635071090047393,0.6619217081850534,0.6635071090047393,0.6619217081850534,0.6619047619047619,0.6635071090047393,6.712404004962072e-06,0.0,0.0006400248824124762,0.0006625498801510918
74,0.043753767013549806,0.0,0.6641366223908919,0.681219465573752,0.01,"(25, 25)",7,"{'NN__alpha': 0.01, 'NN__hidden_layer_sizes': (25, 25), 'ica__n_components': 7}",22,0.6635071090047393,0.6631079478054567,0.6635071090047393,0.6631079478054567,0.7014218009478673,0.7627520759193357,0.6350710900473934,0.6571767497034401,0.6571428571428571,0.659952606635071,0.015310420571949009,0.0,0.02138518480354268,0.04082634486957077
75,0.0593813419342041,0.0,0.6546489563567363,0.6586800694877806,0.01,"(25, 25)",10,"{'NN__alpha': 0.01, 'NN__hidden_layer_sizes': (25, 25), 'ica__n_components': 10}",153,0.6635071090047393,0.6631079478054567,0.6635071090047393,0.6631079478054567,0.6635071090047393,0.6631079478054567,0.6208530805687204,0.6405693950177936,0.6619047619047619,0.6635071090047393,0.01822350741701504,0.0,0.01691931278931291,0.009056656772171021
76,0.050005435943603516,0.0,0.6631878557874763,0.6631877800453132,0.01,"(25, 25)",15,"{'NN__alpha': 0.01, 'NN__hidden_layer_sizes': (25, 25), 'ica__n_components': 15}",32,0.6635071090047393,0.6631079478054567,0.6635071090047393,0.6631079478054567,0.6635071090047393,0.6631079478054567,0.6635071090047393,0.6631079478054567,0.6619047619047619,0.6635071090047393,0.015310731986717797,0.0,0.0006400248824124762,0.00015966447971305087
77,0.06859126091003417,0.003291463851928711,0.6631878557874763,0.6631877800453132,0.01,"(25, 25)",20,"{'NN__alpha': 0.01, 'NN__hidden_layer_sizes': (25, 25), 'ica__n_components': 20}",32,0.6635071090047393,0.6631079478054567,0.6635071090047393,0.6631079478054567,0.6635071090047393,0.6631079478054567,0.6635071090047393,0.6631079478054567,0.6619047619047619,0.6635071090047393,0.0075143189416384225,0.006582927703857422,0.0006400248824124762,0.00015966447971305087
78,0.0937582015991211,0.0,0.6641366223908919,0.6638995238175551,0.01,"(25, 25)",25,"{'NN__alpha': 0.01, 'NN__hidden_layer_sizes': (25, 25), 'ica__n_components': 25}",22,0.6872037914691943,0.6820877817319099,0.6919431279620853,0.66073546856465,0.6208530805687204,0.6512455516014235,0.6635071090047393,0.6619217081850534,0.6571428571428571,0.6635071090047393,0.029647308122798904,0.0,0.025420073660936238,0.010050002273737464
79,0.09379348754882813,0.0031253814697265623,0.6631878557874763,0.6631877800453132,0.01,"(25, 25)",30,"{'NN__alpha': 0.01, 'NN__hidden_layer_sizes': (25, 25), 'ica__n_components': 30}",32,0.6635071090047393,0.6631079478054567,0.6635071090047393,0.6631079478054567,0.6635071090047393,0.6631079478054567,0.6635071090047393,0.6631079478054567,0.6619047619047619,0.6635071090047393,0.02212286791064907,0.006250762939453125,0.0006400248824124762,0.00015966447971305087
80,0.15311031341552733,0.0,0.6650853889943074,0.6624765984719435,0.01,"(25, 25)",35,"{'NN__alpha': 0.01, 'NN__hidden_layer_sizes': (25, 25), 'ica__n_components': 35}",18,0.6682464454976303,0.6631079478054567,0.6777251184834123,0.6619217081850534,0.6635071090047393,0.6619217081850534,0.6587677725118484,0.66429418742586,0.6571428571428571,0.6611374407582938,0.034799703624118966,0.0,0.007418948431821455,0.0011055660477171164
81,0.03437862396240234,0.0031253814697265623,0.6631878557874763,0.6631877800453132,0.01,"(100, 25, 100)",2,"{'NN__alpha': 0.01, 'NN__hidden_layer_sizes': (100, 25, 100), 'ica__n_components': 2}",32,0.6635071090047393,0.6631079478054567,0.6635071090047393,0.6631079478054567,0.6635071090047393,0.6631079478054567,0.6635071090047393,0.6631079478054567,0.6619047619047619,0.6635071090047393,0.006250214657436074,0.006250762939453125,0.0006400248824124762,0.00015966447971305087
82,0.06280121803283692,0.0,0.6631878557874763,0.6631877800453132,0.01,"(100, 25, 100)",5,"{'NN__alpha': 0.01, 'NN__hidden_layer_sizes': (100, 25, 100), 'ica__n_components': 5}",32,0.6635071090047393,0.6631079478054567,0.6635071090047393,0.6631079478054567,0.6635071090047393,0.6631079478054567,0.6635071090047393,0.6631079478054567,0.6619047619047619,0.6635071090047393,0.010072329746260529,0.0,0.0006400248824124762,0.00015966447971305087
83,0.06624364852905273,0.003125286102294922,0.6631878557874763,0.6631877800453132,0.01,"(100, 25, 100)",7,"{'NN__alpha': 0.01, 'NN__hidden_layer_sizes': (100, 25, 100), 'ica__n_components': 7}",32,0.6635071090047393,0.6631079478054567,0.6635071090047393,0.6631079478054567,0.6635071090047393,0.6631079478054567,0.6635071090047393,0.6631079478054567,0.6619047619047619,0.6635071090047393,0.011885233073491036,0.006250572204589844,0.0006400248824124762,0.00015966447971305087
84,0.05451970100402832,0.0033863544464111327,0.6631878557874763,0.6631877800453132,0.01,"(100, 25, 100)",10,"{'NN__alpha': 0.01, 'NN__hidden_layer_sizes': (100, 25, 100), 'ica__n_components': 10}",32,0.6635071090047393,0.6631079478054567,0.6635071090047393,0.6631079478054567,0.6635071090047393,0.6631079478054567,0.6635071090047393,0.6631079478054567,0.6619047619047619,0.6635071090047393,0.007392609574761434,0.006131029274960656,0.0006400248824124762,0.00015966447971305087
85,0.060809993743896486,0.0,0.6631878557874763,0.6631877800453132,0.01,"(100, 25, 100)",15,"{'NN__alpha': 0.01, 'NN__hidden_layer_sizes': (100, 25, 100), 'ica__n_components': 15}",32,0.6635071090047393,0.6631079478054567,0.6635071090047393,0.6631079478054567,0.6635071090047393,0.6631079478054567,0.6635071090047393,0.6631079478054567,0.6619047619047619,0.6635071090047393,0.01044460833677063,0.0,0.0006400248824124762,0.00015966447971305087
86,0.09392509460449219,0.0,0.6631878557874763,0.6631877800453132,0.01,"(100, 25, 100)",20,"{'NN__alpha': 0.01, 'NN__hidden_layer_sizes': (100, 25, 100), 'ica__n_components': 20}",32,0.6635071090047393,0.6631079478054567,0.6635071090047393,0.6631079478054567,0.6635071090047393,0.6631079478054567,0.6635071090047393,0.6631079478054567,0.6619047619047619,0.6635071090047393,0.028047610520301136,0.0,0.0006400248824124762,0.00015966447971305087
87,0.0781320571899414,0.0,0.6631878557874763,0.6631877800453132,0.01,"(100, 25, 100)",25,"{'NN__alpha': 0.01, 'NN__hidden_layer_sizes': (100, 25, 100), 'ica__n_components': 25}",32,0.6635071090047393,0.6631079478054567,0.6635071090047393,0.6631079478054567,0.6635071090047393,0.6631079478054567,0.6635071090047393,0.6631079478054567,0.6619047619047619,0.6635071090047393,0.013977131351889169,0.0,0.0006400248824124762,0.00015966447971305087
88,0.11290321350097657,0.0,0.6631878557874763,0.6631877800453132,0.01,"(100, 25, 100)",30,"{'NN__alpha': 0.01, 'NN__hidden_layer_sizes': (100, 25, 100), 'ica__n_components': 30}",32,0.6635071090047393,0.6631079478054567,0.6635071090047393,0.6631079478054567,0.6635071090047393,0.6631079478054567,0.6635071090047393,0.6631079478054567,0.6619047619047619,0.6635071090047393,0.014995314459174543,0.0,0.0006400248824124762,0.00015966447971305087
89,0.16250214576721192,0.0,0.6631878557874763,0.6631877800453132,0.01,"(100, 25, 100)",35,"{'NN__alpha': 0.01, 'NN__hidden_layer_sizes': (100, 25, 100), 'ica__n_components': 35}",32,0.6635071090047393,0.6631079478054567,0.6635071090047393,0.6631079478054567,0.6635071090047393,0.6631079478054567,0.6635071090047393,0.6631079478054567,0.6619047619047619,0.6635071090047393,0.0490199472193588,0.0,0.0006400248824124762,0.00015966447971305087
90,0.03750391006469726,0.0,0.6641366223908919,0.6631877800453132,0.001,"(50, 50)",2,"{'NN__alpha': 0.001, 'NN__hidden_layer_sizes': (50, 50), 'ica__n_components': 2}",22,0.6682464454976303,0.66429418742586,0.6635071090047393,0.6619217081850534,0.6635071090047393,0.6631079478054567,0.6635071090047393,0.6631079478054567,0.6619047619047619,0.6635071090047393,0.0076552589221784385,0.0,0.002147508218912887,0.0007670453186662976
91,0.043967390060424806,0.0,0.6631878557874763,0.6629505321212326,0.001,"(50, 50)",5,"{'NN__alpha': 0.001, 'NN__hidden_layer_sizes': (50, 50), 'ica__n_components': 5}",32,0.6635071090047393,0.6631079478054567,0.6635071090047393,0.6631079478054567,0.6635071090047393,0.6631079478054567,0.6635071090047393,0.6619217081850534,0.6619047619047619,0.6635071090047393,0.011511474054135365,0.0,0.0006400248824124762,0.0005371397605518669
92,0.0404693603515625,0.0,0.3368121442125237,0.3368122199546868,0.001,"(50, 50)",7,"{'NN__alpha': 0.001, 'NN__hidden_layer_sizes': (50, 50), 'ica__n_components': 7}",169,0.33649289099526064,0.3368920521945433,0.33649289099526064,0.3368920521945433,0.33649289099526064,0.3368920521945433,0.33649289099526064,0.3368920521945433,0.3380952380952381,0.33649289099526064,0.007534027248092843,0.0,0.0006400248824124983,0.0001596644797130731
93,0.0343785285949707,0.0,0.6631878557874763,0.6631877800453132,0.001,"(50, 50)",10,"{'NN__alpha': 0.001, 'NN__hidden_layer_sizes': (50, 50), 'ica__n_components': 10}",32,0.6635071090047393,0.6631079478054567,0.6635071090047393,0.6631079478054567,0.6635071090047393,0.6631079478054567,0.6635071090047393,0.6631079478054567,0.6619047619047619,0.6635071090047393,0.0062509797502256145,0.0,0.0006400248824124762,0.00015966447971305087
94,0.062507963180542,0.0,0.6631878557874763,0.6631877800453132,0.001,"(50, 50)",15,"{'NN__alpha': 0.001, 'NN__hidden_layer_sizes': (50, 50), 'ica__n_components': 15}",32,0.6635071090047393,0.6631079478054567,0.6635071090047393,0.6631079478054567,0.6635071090047393,0.6631079478054567,0.6635071090047393,0.6631079478054567,0.6619047619047619,0.6635071090047393,0.013975371748674623,0.0,0.0006400248824124762,0.00015966447971305087
95,0.07511506080627442,0.0,0.6537001897533207,0.6527511201812529,0.001,"(50, 50)",20,"{'NN__alpha': 0.001, 'NN__hidden_layer_sizes': (50, 50), 'ica__n_components': 20}",157,0.6635071090047393,0.6583629893238434,0.6445497630331753,0.641755634638197,0.6587677725118484,0.6465005931198102,0.6635071090047393,0.6631079478054567,0.638095238095238,0.6540284360189573,0.006311030166736873,0.0,0.01043684529743342,0.007750590691471972
96,0.1105867862701416,0.0,0.6328273244781784,0.6494274004486347,0.001,"(50, 50)",25,"{'NN__alpha': 0.001, 'NN__hidden_layer_sizes': (50, 50), 'ica__n_components': 25}",162,0.6398104265402843,0.6429418742586003,0.5355450236966824,0.6144721233689205,0.6635071090047393,0.6631079478054567,0.6635071090047393,0.6631079478054567,0.6619047619047619,0.6635071090047393,0.024959303710640084,0.0,0.049493854292432554,0.019165001386227735
97,0.09688515663146972,0.0,0.6574952561669829,0.6582069791367998,0.001,"(50, 50)",30,"{'NN__alpha': 0.001, 'NN__hidden_layer_sizes': (50, 50), 'ica__n_components': 30}",149,0.6540284360189573,0.6595492289442467,0.6635071090047393,0.6571767497034401,0.6587677725118484,0.6595492289442467,0.6587677725118484,0.6571767497034401,0.6523809523809524,0.6575829383886256,0.02500281334173423,0.0,0.003937141543548836,0.001105933209311104
98,0.1500164031982422,0.0,0.6603415559772297,0.6622390694484268,0.001,"(50, 50)",35,"{'NN__alpha': 0.001, 'NN__hidden_layer_sizes': (50, 50), 'ica__n_components': 35}",140,0.6587677725118484,0.6631079478054567,0.6587677725118484,0.6619217081850534,0.6587677725118484,0.66073546856465,0.6635071090047393,0.6631079478054567,0.6619047619047619,0.6623222748815166,0.06140289884383216,0.0,0.0019950942477172766,0.0008807219915398703
99,0.018749094009399413,0.0,0.6631878557874763,0.6624760362730713,0.001,"(50,)",2,"{'NN__alpha': 0.001, 'NN__hidden_layer_sizes': (50,), 'ica__n_components': 2}",32,0.6635071090047393,0.6631079478054567,0.6635071090047393,0.6631079478054567,0.6635071090047393,0.6595492289442467,0.6635071090047393,0.6631079478054567,0.6619047619047619,0.6635071090047393,0.0062517670442928525,0.0,0.0006400248824124762,0.0014715467150135245
100,0.018752050399780274,0.0,0.6612903225806451,0.6603408049563452,0.001,"(50,)",5,"{'NN__alpha': 0.001, 'NN__hidden_layer_sizes': (50,), 'ica__n_components': 5}",132,0.6635071090047393,0.6595492289442467,0.6635071090047393,0.6631079478054567,0.6635071090047393,0.6583629893238434,0.6587677725118484,0.6571767497034401,0.6571428571428571,0.6635071090047393,0.006250166906420059,0.0,0.002766293484323862,0.0025389822282481734
101,0.04375433921813965,0.0031253814697265623,0.674573055028463,0.7018468232952724,0.001,"(50,)",7,"{'NN__alpha': 0.001, 'NN__hidden_layer_sizes': (50,), 'ica__n_components': 7}",8,0.6635071090047393,0.6631079478054567,0.7109004739336493,0.6571767497034401,0.7109004739336493,0.7568208778173191,0.5971563981042654,0.7164887307236062,0.6904761904761905,0.7156398104265402,0.01169352045410308,0.006250762939453125,0.04246272051455617,0.03720993030536698
102,0.05043807029724121,0.0,0.683111954459203,0.6885696536292748,0.001,"(50,)",10,"{'NN__alpha': 0.001, 'NN__hidden_layer_sizes': (50,), 'ica__n_components': 10}",1,0.6635071090047393,0.6631079478054567,0.6635071090047393,0.6654804270462633,0.7535545023696683,0.7722419928825622,0.6635071090047393,0.6631079478054567,0.6714285714285714,0.6789099526066351,0.0061046577565912925,0.0,0.035375097904802255,0.042247081534901226
103,0.05634198188781738,0.0,0.6631878557874763,0.6631877800453132,0.001,"(50,)",15,"{'NN__alpha': 0.001, 'NN__hidden_layer_sizes': (50,), 'ica__n_components': 15}",32,0.6635071090047393,0.6631079478054567,0.6635071090047393,0.6631079478054567,0.6635071090047393,0.6631079478054567,0.6635071090047393,0.6631079478054567,0.6619047619047619,0.6635071090047393,0.012252624946332022,0.0,0.0006400248824124762,0.00015966447971305087
104,0.07709074020385742,0.0,0.674573055028463,0.6683912117072293,0.001,"(50,)",20,"{'NN__alpha': 0.001, 'NN__hidden_layer_sizes': (50,), 'ica__n_components': 20}",8,0.7061611374407583,0.6927639383155397,0.6682464454976303,0.6476868327402135,0.6018957345971564,0.608540925266904,0.6682464454976303,0.6619217081850534,0.7285714285714285,0.731042654028436,0.00833284863535303,0.0,0.04305959694455459,0.04140486830910873
105,0.06319684982299804,0.0,0.6631878557874763,0.6631877800453132,0.001,"(50,)",25,"{'NN__alpha': 0.001, 'NN__hidden_layer_sizes': (50,), 'ica__n_components': 25}",32,0.6635071090047393,0.6631079478054567,0.6635071090047393,0.6631079478054567,0.6635071090047393,0.6631079478054567,0.6635071090047393,0.6631079478054567,0.6619047619047619,0.6635071090047393,0.017787180650499206,0.0,0.0006400248824124762,0.00015966447971305087
106,0.11052236557006836,0.00648951530456543,0.6603415559772297,0.6620015404249099,0.001,"(50,)",30,"{'NN__alpha': 0.001, 'NN__hidden_layer_sizes': (50,), 'ica__n_components': 30}",140,0.6635071090047393,0.6595492289442467,0.6635071090047393,0.6619217081850534,0.6635071090047393,0.6631079478054567,0.6492890995260664,0.6619217081850534,0.6619047619047619,0.6635071090047393,0.021430082266951894,0.007956967634132795,0.005564130316419265,0.0013796703962563922
107,0.1264481544494629,0.0,0.6631878557874763,0.6631877800453132,0.001,"(50,)",35,"{'NN__alpha': 0.001, 'NN__hidden_layer_sizes': (50,), 'ica__n_components': 35}",32,0.6635071090047393,0.6631079478054567,0.6635071090047393,0.6631079478054567,0.6635071090047393,0.6631079478054567,0.6635071090047393,0.6631079478054567,0.6619047619047619,0.6635071090047393,0.049231762640762074,0.0,0.0006400248824124762,0.00015966447971305087
108,0.015626811981201173,0.0,0.6631878557874763,0.6631877800453132,0.001,"(25,)",2,"{'NN__alpha': 0.001, 'NN__hidden_layer_sizes': (25,), 'ica__n_components': 2}",32,0.6635071090047393,0.6631079478054567,0.6635071090047393,0.6631079478054567,0.6635071090047393,0.6631079478054567,0.6635071090047393,0.6631079478054567,0.6619047619047619,0.6635071090047393,6.843900725558912e-07,0.0,0.0006400248824124762,0.00015966447971305087
109,0.018752384185791015,0.0,0.6612903225806451,0.6624760362730712,0.001,"(25,)",5,"{'NN__alpha': 0.001, 'NN__hidden_layer_sizes': (25,), 'ica__n_components': 5}",132,0.6540284360189573,0.66073546856465,0.6635071090047393,0.6631079478054567,0.6635071090047393,0.6631079478054567,0.6635071090047393,0.6619217081850534,0.6619047619047619,0.6635071090047393,0.0062502384740561615,0.0,0.0036855812518524203,0.0010196657221145612
110,0.03126859664916992,0.0,0.3368121442125237,0.3368122199546868,0.001,"(25,)",7,"{'NN__alpha': 0.001, 'NN__hidden_layer_sizes': (25,), 'ica__n_components': 7}",169,0.33649289099526064,0.3368920521945433,0.33649289099526064,0.3368920521945433,0.33649289099526064,0.3368920521945433,0.33649289099526064,0.3368920521945433,0.3380952380952381,0.33649289099526064,0.00988409515282002,0.0,0.0006400248824124983,0.0001596644797130731
111,0.04723052978515625,0.0004009723663330078,0.6631878557874763,0.6631877800453132,0.001,"(25,)",10,"{'NN__alpha': 0.001, 'NN__hidden_layer_sizes': (25,), 'ica__n_components': 10}",32,0.6635071090047393,0.6631079478054567,0.6635071090047393,0.6631079478054567,0.6635071090047393,0.6631079478054567,0.6635071090047393,0.6631079478054567,0.6619047619047619,0.6635071090047393,0.025611147655583758,0.0008019447326660156,0.0006400248824124762,0.00015966447971305087
112,0.041628456115722655,0.0,0.6631878557874763,0.6629505321212326,0.001,"(25,)",15,"{'NN__alpha': 0.001, 'NN__hidden_layer_sizes': (25,), 'ica__n_components': 15}",32,0.6635071090047393,0.6631079478054567,0.6635071090047393,0.6631079478054567,0.6635071090047393,0.6619217081850534,0.6635071090047393,0.6631079478054567,0.6619047619047619,0.6635071090047393,0.011481400667539332,0.0,0.0006400248824124762,0.0005371397605518669
113,0.04687628746032715,0.0,0.6631878557874763,0.6629505321212326,0.001,"(25,)",20,"{'NN__alpha': 0.001, 'NN__hidden_layer_sizes': (25,), 'ica__n_components': 20}",32,0.6635071090047393,0.6631079478054567,0.6635071090047393,0.6631079478054567,0.6635071090047393,0.6631079478054567,0.6635071090047393,0.6619217081850534,0.6619047619047619,0.6635071090047393,0.009878273367283773,0.0,0.0006400248824124762,0.0005371397605518669
114,0.06563200950622558,0.0,0.3368121442125237,0.3368122199546868,0.001,"(25,)",25,"{'NN__alpha': 0.001, 'NN__hidden_layer_sizes': (25,), 'ica__n_components': 25}",169,0.33649289099526064,0.3368920521945433,0.33649289099526064,0.3368920521945433,0.33649289099526064,0.3368920521945433,0.33649289099526064,0.3368920521945433,0.3380952380952381,0.33649289099526064,0.015311286801757518,0.0,0.0006400248824124983,0.0001596644797130731
115,0.09376039505004882,0.0,0.6631878557874763,0.6631877800453132,0.001,"(25,)",30,"{'NN__alpha': 0.001, 'NN__hidden_layer_sizes': (25,), 'ica__n_components': 30}",32,0.6635071090047393,0.6631079478054567,0.6635071090047393,0.6631079478054567,0.6635071090047393,0.6631079478054567,0.6635071090047393,0.6631079478054567,0.6619047619047619,0.6635071090047393,0.03277854996326477,0.0,0.0006400248824124762,0.00015966447971305087
116,0.13126373291015625,0.0,0.4117647058823529,0.40893558887520876,0.001,"(25,)",35,"{'NN__alpha': 0.001, 'NN__hidden_layer_sizes': (25,), 'ica__n_components': 35}",166,0.33649289099526064,0.3368920521945433,0.7014218009478673,0.697508896797153,0.3412322274881517,0.3368920521945433,0.33649289099526064,0.3368920521945433,0.34285714285714286,0.33649289099526064,0.05377066915566687,0.0,0.14493658029929274,0.14428673678028334
117,0.03437871932983398,0.0,0.6707779886148008,0.6843028452884925,0.001,"(25, 25)",2,"{'NN__alpha': 0.001, 'NN__hidden_layer_sizes': (25, 25), 'ica__n_components': 2}",14,0.6635071090047393,0.6631079478054567,0.6635071090047393,0.6619217081850534,0.6587677725118484,0.7200474495848161,0.7061611374407583,0.7129300118623962,0.6619047619047619,0.6635071090047393,0.006250882191255552,0.0,0.01778653556712852,0.026381027376861342
118,0.043894481658935544,0.0,0.6631878557874763,0.6627132841971518,0.001,"(25, 25)",5,"{'NN__alpha': 0.001, 'NN__hidden_layer_sizes': (25, 25), 'ica__n_components': 5}",32,0.6635071090047393,0.6631079478054567,0.6635071090047393,0.6631079478054567,0.6635071090047393,0.6619217081850534,0.6635071090047393,0.6619217081850534,0.6619047619047619,0.6635071090047393,0.01177900874870293,0.0,0.0006400248824124762,0.0006625498801510918
119,0.05611629486083984,0.0,0.6641366223908919,0.6814567134978328,0.001,"(25, 25)",7,"{'NN__alpha': 0.001, 'NN__hidden_layer_sizes': (25, 25), 'ica__n_components': 7}",22,0.6635071090047393,0.6631079478054567,0.6635071090047393,0.6631079478054567,0.7014218009478673,0.763938315539739,0.6350710900473934,0.6571767497034401,0.6571428571428571,0.659952606635071,0.01292565978241087,0.0,0.02138518480354268,0.041300150929721606
120,0.043754863739013675,0.0,0.6546489563567363,0.6586800694877806,0.001,"(25, 25)",10,"{'NN__alpha': 0.001, 'NN__hidden_layer_sizes': (25, 25), 'ica__n_components': 10}",153,0.6635071090047393,0.6631079478054567,0.6635071090047393,0.6631079478054567,0.6635071090047393,0.6631079478054567,0.6208530805687204,0.6405693950177936,0.6619047619047619,0.6635071090047393,0.006251001362578972,0.0,0.01691931278931291,0.009056656772171021
121,0.050005435943603516,0.0,0.6631878557874763,0.6631877800453132,0.001,"(25, 25)",15,"{'NN__alpha': 0.001, 'NN__hidden_layer_sizes': (25, 25), 'ica__n_components': 15}",32,0.6635071090047393,0.6631079478054567,0.6635071090047393,0.6631079478054567,0.6635071090047393,0.6631079478054567,0.6635071090047393,0.6631079478054567,0.6619047619047619,0.6635071090047393,0.0062506199037655405,0.0,0.0006400248824124762,0.00015966447971305087
122,0.05938405990600586,0.0,0.6631878557874763,0.6631877800453132,0.001,"(25, 25)",20,"{'NN__alpha': 0.001, 'NN__hidden_layer_sizes': (25, 25), 'ica__n_components': 20}",32,0.6635071090047393,0.6631079478054567,0.6635071090047393,0.6631079478054567,0.6635071090047393,0.6631079478054567,0.6635071090047393,0.6631079478054567,0.6619047619047619,0.6635071090047393,0.01822176607701342,0.0,0.0006400248824124762,0.00015966447971305087
123,0.09688529968261719,0.0,0.6593927893738141,0.6638995238175551,0.001,"(25, 25)",25,"{'NN__alpha': 0.001, 'NN__hidden_layer_sizes': (25, 25), 'ica__n_components': 25}",148,0.6872037914691943,0.6820877817319099,0.6872037914691943,0.66073546856465,0.6018957345971564,0.6512455516014235,0.6635071090047393,0.6619217081850534,0.6571428571428571,0.6635071090047393,0.006305794572297011,0.0,0.031239096792148594,0.010050002273737464
124,0.12382655143737793,0.0031250953674316407,0.6631878557874763,0.6631877800453132,0.001,"(25, 25)",30,"{'NN__alpha': 0.001, 'NN__hidden_layer_sizes': (25, 25), 'ica__n_components': 30}",32,0.6635071090047393,0.6631079478054567,0.6635071090047393,0.6631079478054567,0.6635071090047393,0.6631079478054567,0.6635071090047393,0.6631079478054567,0.6619047619047619,0.6635071090047393,0.02807870726898142,0.006250190734863281,0.0006400248824124762,0.00015966447971305087
125,0.17829766273498535,0.0031253337860107423,0.6650853889943074,0.6624765984719435,0.001,"(25, 25)",35,"{'NN__alpha': 0.001, 'NN__hidden_layer_sizes': (25, 25), 'ica__n_components': 35}",18,0.6682464454976303,0.6631079478054567,0.6777251184834123,0.6619217081850534,0.6635071090047393,0.6619217081850534,0.6587677725118484,0.66429418742586,0.6571428571428571,0.6611374407582938,0.10484029191854911,0.0062506675720214845,0.007418948431821455,0.0011055660477171164
126,0.03437862396240234,0.0,0.6631878557874763,0.6631877800453132,0.001,"(100, 25, 100)",2,"{'NN__alpha': 0.001, 'NN__hidden_layer_sizes': (100, 25, 100), 'ica__n_components': 2}",32,0.6635071090047393,0.6631079478054567,0.6635071090047393,0.6631079478054567,0.6635071090047393,0.6631079478054567,0.6635071090047393,0.6631079478054567,0.6619047619047619,0.6635071090047393,0.006250691418199016,0.0,0.0006400248824124762,0.00015966447971305087
127,0.07122220993041992,0.0,0.6631878557874763,0.6631877800453132,0.001,"(100, 25, 100)",5,"{'NN__alpha': 0.001, 'NN__hidden_layer_sizes': (100, 25, 100), 'ica__n_components': 5}",32,0.6635071090047393,0.6631079478054567,0.6635071090047393,0.6631079478054567,0.6635071090047393,0.6631079478054567,0.6635071090047393,0.6631079478054567,0.6619047619047619,0.6635071090047393,0.015060018958167885,0.0,0.0006400248824124762,0.00015966447971305087
128,0.0796463966369629,0.00020055770874023439,0.6631878557874763,0.6631877800453132,0.001,"(100, 25, 100)",7,"{'NN__alpha': 0.001, 'NN__hidden_layer_sizes': (100, 25, 100), 'ica__n_components': 7}",32,0.6635071090047393,0.6631079478054567,0.6635071090047393,0.6631079478054567,0.6635071090047393,0.6631079478054567,0.6635071090047393,0.6631079478054567,0.6619047619047619,0.6635071090047393,0.03968772655125123,0.00040111541748046877,0.0006400248824124762,0.00015966447971305087
129,0.05000567436218262,0.0,0.6631878557874763,0.6631877800453132,0.001,"(100, 25, 100)",10,"{'NN__alpha': 0.001, 'NN__hidden_layer_sizes': (100, 25, 100), 'ica__n_components': 10}",32,0.6635071090047393,0.6631079478054567,0.6635071090047393,0.6631079478054567,0.6635071090047393,0.6631079478054567,0.6635071090047393,0.6631079478054567,0.6619047619047619,0.6635071090047393,0.006250262273851496,0.0,0.0006400248824124762,0.00015966447971305087
130,0.07188453674316406,0.003125762939453125,0.6631878557874763,0.6631877800453132,0.001,"(100, 25, 100)",15,"{'NN__alpha': 0.001, 'NN__hidden_layer_sizes': (100, 25, 100), 'ica__n_components': 15}",32,0.6635071090047393,0.6631079478054567,0.6635071090047393,0.6631079478054567,0.6635071090047393,0.6631079478054567,0.6635071090047393,0.6631079478054567,0.6619047619047619,0.6635071090047393,0.01250357662646874,0.00625152587890625,0.0006400248824124762,0.00015966447971305087
131,0.14910516738891602,0.0,0.6631878557874763,0.6631877800453132,0.001,"(100, 25, 100)",20,"{'NN__alpha': 0.001, 'NN__hidden_layer_sizes': (100, 25, 100), 'ica__n_components': 20}",32,0.6635071090047393,0.6631079478054567,0.6635071090047393,0.6631079478054567,0.6635071090047393,0.6631079478054567,0.6635071090047393,0.6631079478054567,0.6619047619047619,0.6635071090047393,0.04930957351878509,0.0,0.0006400248824124762,0.00015966447971305087
132,0.11888341903686524,0.0,0.6631878557874763,0.6631877800453132,0.001,"(100, 25, 100)",25,"{'NN__alpha': 0.001, 'NN__hidden_layer_sizes': (100, 25, 100), 'ica__n_components': 25}",32,0.6635071090047393,0.6631079478054567,0.6635071090047393,0.6631079478054567,0.6635071090047393,0.6631079478054567,0.6635071090047393,0.6631079478054567,0.6619047619047619,0.6635071090047393,0.015839930644012477,0.0,0.0006400248824124762,0.00015966447971305087
133,0.2128751754760742,0.0010027885437011719,0.6631878557874763,0.6631877800453132,0.001,"(100, 25, 100)",30,"{'NN__alpha': 0.001, 'NN__hidden_layer_sizes': (100, 25, 100), 'ica__n_components': 30}",32,0.6635071090047393,0.6631079478054567,0.6635071090047393,0.6631079478054567,0.6635071090047393,0.6631079478054567,0.6635071090047393,0.6631079478054567,0.6619047619047619,0.6635071090047393,0.10250616589098963,0.0008970280086975582,0.0006400248824124762,0.00015966447971305087
134,0.2779544353485107,0.009018659591674805,0.6631878557874763,0.6631877800453132,0.001,"(100, 25, 100)",35,"{'NN__alpha': 0.001, 'NN__hidden_layer_sizes': (100, 25, 100), 'ica__n_components': 35}",32,0.6635071090047393,0.6631079478054567,0.6635071090047393,0.6631079478054567,0.6635071090047393,0.6631079478054567,0.6635071090047393,0.6631079478054567,0.6619047619047619,0.6635071090047393,0.1445868589340694,0.0069845164172771075,0.0006400248824124762,0.00015966447971305087
135,0.08491487503051758,0.0,0.6641366223908919,0.6631877800453132,0.0001,"(50, 50)",2,"{'NN__alpha': 0.0001, 'NN__hidden_layer_sizes': (50, 50), 'ica__n_components': 2}",22,0.6682464454976303,0.66429418742586,0.6635071090047393,0.6619217081850534,0.6635071090047393,0.6631079478054567,0.6635071090047393,0.6631079478054567,0.6619047619047619,0.6635071090047393,0.03159973988132922,0.0,0.002147508218912887,0.0007670453186662976
136,0.04062952995300293,0.0,0.6631878557874763,0.6629505321212326,0.0001,"(50, 50)",5,"{'NN__alpha': 0.0001, 'NN__hidden_layer_sizes': (50, 50), 'ica__n_components': 5}",32,0.6635071090047393,0.6631079478054567,0.6635071090047393,0.6631079478054567,0.6635071090047393,0.6631079478054567,0.6635071090047393,0.6619217081850534,0.6619047619047619,0.6635071090047393,0.007655534334804813,0.0,0.0006400248824124762,0.0005371397605518669
137,0.06137542724609375,0.0031250476837158202,0.3368121442125237,0.3368122199546868,0.0001,"(50, 50)",7,"{'NN__alpha': 0.0001, 'NN__hidden_layer_sizes': (50, 50), 'ica__n_components': 7}",169,0.33649289099526064,0.3368920521945433,0.33649289099526064,0.3368920521945433,0.33649289099526064,0.3368920521945433,0.33649289099526064,0.3368920521945433,0.3380952380952381,0.33649289099526064,0.010059068841915155,0.0062500953674316405,0.0006400248824124983,0.0001596644797130731
138,0.07107195854187012,0.0,0.6631878557874763,0.6631877800453132,0.0001,"(50, 50)",10,"{'NN__alpha': 0.0001, 'NN__hidden_layer_sizes': (50, 50), 'ica__n_components': 10}",32,0.6635071090047393,0.6631079478054567,0.6635071090047393,0.6631079478054567,0.6635071090047393,0.6631079478054567,0.6635071090047393,0.6631079478054567,0.6619047619047619,0.6635071090047393,0.021759343739958886,0.0,0.0006400248824124762,0.00015966447971305087
139,0.10063576698303223,0.0031252384185791017,0.6631878557874763,0.6631877800453132,0.0001,"(50, 50)",15,"{'NN__alpha': 0.0001, 'NN__hidden_layer_sizes': (50, 50), 'ica__n_components': 15}",32,0.6635071090047393,0.6631079478054567,0.6635071090047393,0.6631079478054567,0.6635071090047393,0.6631079478054567,0.6635071090047393,0.6631079478054567,0.6619047619047619,0.6635071090047393,0.0628663441322201,0.0062504768371582035,0.0006400248824124762,0.00015966447971305087
140,0.10625877380371093,0.0,0.6537001897533207,0.6527511201812529,0.0001,"(50, 50)",20,"{'NN__alpha': 0.0001, 'NN__hidden_layer_sizes': (50, 50), 'ica__n_components': 20}",157,0.6635071090047393,0.6583629893238434,0.6445497630331753,0.641755634638197,0.6587677725118484,0.6465005931198102,0.6635071090047393,0.6631079478054567,0.638095238095238,0.6540284360189573,0.030302568402787104,0.0,0.01043684529743342,0.007750590691471972
141,0.15360069274902344,0.0031253814697265623,0.6337760910815939,0.6494274004486347,0.0001,"(50, 50)",25,"{'NN__alpha': 0.0001, 'NN__hidden_layer_sizes': (50, 50), 'ica__n_components': 25}",161,0.6398104265402843,0.6429418742586003,0.5402843601895735,0.6144721233689205,0.6635071090047393,0.6631079478054567,0.6635071090047393,0.6631079478054567,0.6619047619047619,0.6635071090047393,0.05697944656098701,0.006250762939453125,0.04763025910773285,0.019165001386227735
142,0.1591930389404297,0.0031252384185791017,0.6574952561669829,0.6582069791367998,0.0001,"(50, 50)",30,"{'NN__alpha': 0.0001, 'NN__hidden_layer_sizes': (50, 50), 'ica__n_components': 30}",149,0.6540284360189573,0.6595492289442467,0.6635071090047393,0.6571767497034401,0.6587677725118484,0.6595492289442467,0.6587677725118484,0.6571767497034401,0.6523809523809524,0.6575829383886256,0.04984188038799694,0.006250476837158203,0.003937141543548836,0.001105933209311104
143,0.19317216873168946,0.00020055770874023439,0.6603415559772297,0.6622390694484268,0.0001,"(50, 50)",35,"{'NN__alpha': 0.0001, 'NN__hidden_layer_sizes': (50, 50), 'ica__n_components': 35}",140,0.6587677725118484,0.6631079478054567,0.6587677725118484,0.6619217081850534,0.6587677725118484,0.66073546856465,0.6635071090047393,0.6631079478054567,0.6619047619047619,0.6623222748815166,0.03021720968525068,0.00040111541748046877,0.0019950942477172766,0.0008807219915398703
144,0.026135826110839845,0.0030167102813720703,0.6631878557874763,0.6624760362730713,0.0001,"(50,)",2,"{'NN__alpha': 0.0001, 'NN__hidden_layer_sizes': (50,), 'ica__n_components': 2}",32,0.6635071090047393,0.6631079478054567,0.6635071090047393,0.6631079478054567,0.6635071090047393,0.6595492289442467,0.6635071090047393,0.6631079478054567,0.6619047619047619,0.6635071090047393,0.006574804148048484,0.006033420562744141,0.0006400248824124762,0.0014715467150135245
145,0.04308562278747559,0.0005452156066894532,0.6612903225806451,0.6603408049563452,0.0001,"(50,)",5,"{'NN__alpha': 0.0001, 'NN__hidden_layer_sizes': (50,), 'ica__n_components': 5}",132,0.6635071090047393,0.6595492289442467,0.6635071090047393,0.6631079478054567,0.6635071090047393,0.6583629893238434,0.6587677725118484,0.6571767497034401,0.6571428571428571,0.6635071090047393,0.016481154829968238,0.0010904312133789063,0.002766293484323862,0.0025389822282481734
146,0.05938005447387695,0.0,0.674573055028463,0.7016098564706279,0.0001,"(50,)",7,"{'NN__alpha': 0.0001, 'NN__hidden_layer_sizes': (50,), 'ica__n_components': 7}",8,0.6635071090047393,0.6631079478054567,0.7109004739336493,0.6571767497034401,0.7109004739336493,0.7568208778173191,0.5971563981042654,0.7164887307236062,0.6904761904761905,0.7144549763033176,0.011693775761358308,0.0,0.04246272051455617,0.03712501266947228
147,0.07261028289794921,0.00020046234130859374,0.683111954459203,0.6885696536292748,0.0001,"(50,)",10,"{'NN__alpha': 0.0001, 'NN__hidden_layer_sizes': (50,), 'ica__n_components': 10}",1,0.6635071090047393,0.6631079478054567,0.6635071090047393,0.6654804270462633,0.7535545023696683,0.7722419928825622,0.6635071090047393,0.6631079478054567,0.6714285714285714,0.6789099526066351,0.030073455601504838,0.0004009246826171875,0.035375097904802255,0.042247081534901226
148,0.060001373291015625,0.0062506675720214845,0.6631878557874763,0.6631877800453132,0.0001,"(50,)",15,"{'NN__alpha': 0.0001, 'NN__hidden_layer_sizes': (50,), 'ica__n_components': 15}",32,0.6635071090047393,0.6631079478054567,0.6635071090047393,0.6631079478054567,0.6635071090047393,0.6631079478054567,0.6635071090047393,0.6631079478054567,0.6619047619047619,0.6635071090047393,0.010348574879820749,0.00765547305309207,0.0006400248824124762,0.00015966447971305087
149,0.11061506271362305,0.0031251907348632812,0.674573055028463,0.6683912117072293,0.0001,"(50,)",20,"{'NN__alpha': 0.0001, 'NN__hidden_layer_sizes': (50,), 'ica__n_components': 20}",8,0.7061611374407583,0.6927639383155397,0.6682464454976303,0.6476868327402135,0.6018957345971564,0.608540925266904,0.6682464454976303,0.6619217081850534,0.7285714285714285,0.731042654028436,0.031230503437736538,0.0062503814697265625,0.04305959694455459,0.04140486830910873
150,0.0843843936920166,0.003125286102294922,0.6631878557874763,0.6631877800453132,0.0001,"(50,)",25,"{'NN__alpha': 0.0001, 'NN__hidden_layer_sizes': (50,), 'ica__n_components': 25}",32,0.6635071090047393,0.6631079478054567,0.6635071090047393,0.6631079478054567,0.6635071090047393,0.6631079478054567,0.6635071090047393,0.6631079478054567,0.6619047619047619,0.6635071090047393,0.023391801346370145,0.006250572204589844,0.0006400248824124762,0.00015966447971305087
151,0.12371935844421386,0.0,0.6603415559772297,0.6620015404249099,0.0001,"(50,)",30,"{'NN__alpha': 0.0001, 'NN__hidden_layer_sizes': (50,), 'ica__n_components': 30}",140,0.6635071090047393,0.6595492289442467,0.6635071090047393,0.6619217081850534,0.6635071090047393,0.6631079478054567,0.6492890995260664,0.6619217081850534,0.6619047619047619,0.6635071090047393,0.05129352298505269,0.0,0.005564130316419265,0.0013796703962563922
152,0.16597466468811034,0.0,0.6631878557874763,0.6631877800453132,0.0001,"(50,)",35,"{'NN__alpha': 0.0001, 'NN__hidden_layer_sizes': (50,), 'ica__n_components': 35}",32,0.6635071090047393,0.6631079478054567,0.6635071090047393,0.6631079478054567,0.6635071090047393,0.6631079478054567,0.6635071090047393,0.6631079478054567,0.6619047619047619,0.6635071090047393,0.049486322901532626,0.0,0.0006400248824124762,0.00015966447971305087
153,0.02195124626159668,0.0,0.6631878557874763,0.6631877800453132,0.0001,"(25,)",2,"{'NN__alpha': 0.0001, 'NN__hidden_layer_sizes': (25,), 'ica__n_components': 2}",32,0.6635071090047393,0.6631079478054567,0.6635071090047393,0.6631079478054567,0.6635071090047393,0.6631079478054567,0.6635071090047393,0.6631079478054567,0.6619047619047619,0.6635071090047393,0.007793403953149885,0.0,0.0006400248824124762,0.00015966447971305087
154,0.02921576499938965,0.0,0.6612903225806451,0.6624760362730712,0.0001,"(25,)",5,"{'NN__alpha': 0.0001, 'NN__hidden_layer_sizes': (25,), 'ica__n_components': 5}",132,0.6540284360189573,0.66073546856465,0.6635071090047393,0.6631079478054567,0.6635071090047393,0.6631079478054567,0.6635071090047393,0.6619217081850534,0.6619047619047619,0.6635071090047393,0.010487604696574442,0.0,0.0036855812518524203,0.0010196657221145612
155,0.028127717971801757,0.0,0.3368121442125237,0.3368122199546868,0.0001,"(25,)",7,"{'NN__alpha': 0.0001, 'NN__hidden_layer_sizes': (25,), 'ica__n_components': 7}",169,0.33649289099526064,0.3368920521945433,0.33649289099526064,0.3368920521945433,0.33649289099526064,0.3368920521945433,0.33649289099526064,0.3368920521945433,0.3380952380952381,0.33649289099526064,0.0116928959852611,0.0,0.0006400248824124983,0.0001596644797130731
156,0.04062962532043457,0.0,0.6631878557874763,0.6631877800453132,0.0001,"(25,)",10,"{'NN__alpha': 0.0001, 'NN__hidden_layer_sizes': (25,), 'ica__n_components': 10}",32,0.6635071090047393,0.6631079478054567,0.6635071090047393,0.6631079478054567,0.6635071090047393,0.6631079478054567,0.6635071090047393,0.6631079478054567,0.6619047619047619,0.6635071090047393,0.007655609325981608,0.0,0.0006400248824124762,0.00015966447971305087
157,0.06250581741333008,0.003125286102294922,0.6631878557874763,0.6629505321212326,0.0001,"(25,)",15,"{'NN__alpha': 0.0001, 'NN__hidden_layer_sizes': (25,), 'ica__n_components': 15}",32,0.6635071090047393,0.6631079478054567,0.6635071090047393,0.6631079478054567,0.6635071090047393,0.6619217081850534,0.6635071090047393,0.6631079478054567,0.6619047619047619,0.6635071090047393,0.019768155934536093,0.006250572204589844,0.0006400248824124762,0.0005371397605518669
158,0.0753046989440918,0.0,0.6631878557874763,0.6629505321212326,0.0001,"(25,)",20,"{'NN__alpha': 0.0001, 'NN__hidden_layer_sizes': (25,), 'ica__n_components': 20}",32,0.6635071090047393,0.6631079478054567,0.6635071090047393,0.6631079478054567,0.6635071090047393,0.6631079478054567,0.6635071090047393,0.6619217081850534,0.6619047619047619,0.6635071090047393,0.015072853542104182,0.0,0.0006400248824124762,0.0005371397605518669
159,0.09971413612365723,0.0,0.3368121442125237,0.3368122199546868,0.0001,"(25,)",25,"{'NN__alpha': 0.0001, 'NN__hidden_layer_sizes': (25,), 'ica__n_components': 25}",169,0.33649289099526064,0.3368920521945433,0.33649289099526064,0.3368920521945433,0.33649289099526064,0.3368920521945433,0.33649289099526064,0.3368920521945433,0.3380952380952381,0.33649289099526064,0.02062909276888654,0.0,0.0006400248824124983,0.0001596644797130731
160,0.10626235008239746,0.003125286102294922,0.6631878557874763,0.6631877800453132,0.0001,"(25,)",30,"{'NN__alpha': 0.0001, 'NN__hidden_layer_sizes': (25,), 'ica__n_components': 30}",32,0.6635071090047393,0.6631079478054567,0.6635071090047393,0.6631079478054567,0.6635071090047393,0.6631079478054567,0.6635071090047393,0.6631079478054567,0.6619047619047619,0.6635071090047393,0.0361772255334453,0.006250572204589844,0.0006400248824124762,0.00015966447971305087
161,0.17816872596740724,0.003125286102294922,0.4117647058823529,0.40893558887520876,0.0001,"(25,)",35,"{'NN__alpha': 0.0001, 'NN__hidden_layer_sizes': (25,), 'ica__n_components': 35}",166,0.33649289099526064,0.3368920521945433,0.7014218009478673,0.697508896797153,0.3412322274881517,0.3368920521945433,0.33649289099526064,0.3368920521945433,0.34285714285714286,0.33649289099526064,0.07662555086654238,0.006250572204589844,0.14493658029929274,0.14428673678028334
162,0.04375467300415039,0.003125286102294922,0.6698292220113852,0.6843028452884925,0.0001,"(25, 25)",2,"{'NN__alpha': 0.0001, 'NN__hidden_layer_sizes': (25, 25), 'ica__n_components': 2}",16,0.6635071090047393,0.6631079478054567,0.6635071090047393,0.6619217081850534,0.6587677725118484,0.7200474495848161,0.7014218009478673,0.7129300118623962,0.6619047619047619,0.6635071090047393,0.006251263690077467,0.006250572204589844,0.015900204833280408,0.026381027376861342
163,0.04375557899475098,0.0,0.6631878557874763,0.6627132841971518,0.0001,"(25, 25)",5,"{'NN__alpha': 0.0001, 'NN__hidden_layer_sizes': (25, 25), 'ica__n_components': 5}",32,0.6635071090047393,0.6631079478054567,0.6635071090047393,0.6631079478054567,0.6635071090047393,0.6619217081850534,0.6635071090047393,0.6619217081850534,0.6619047619047619,0.6635071090047393,0.006250644220103364,0.0,0.0006400248824124762,0.0006625498801510918
164,0.06886138916015624,0.0,0.6641366223908919,0.6814567134978328,0.0001,"(25, 25)",7,"{'NN__alpha': 0.0001, 'NN__hidden_layer_sizes': (25, 25), 'ica__n_components': 7}",22,0.6635071090047393,0.6631079478054567,0.6635071090047393,0.6631079478054567,0.7014218009478673,0.763938315539739,0.6350710900473934,0.6571767497034401,0.6571428571428571,0.659952606635071,0.012722664072500162,0.0,0.02138518480354268,0.041300150929721606
165,0.054086732864379886,0.0,0.6546489563567363,0.6586800694877806,0.0001,"(25, 25)",10,"{'NN__alpha': 0.0001, 'NN__hidden_layer_sizes': (25, 25), 'ica__n_components': 10}",153,0.6635071090047393,0.6631079478054567,0.6635071090047393,0.6631079478054567,0.6635071090047393,0.6631079478054567,0.6208530805687204,0.6405693950177936,0.6619047619047619,0.6635071090047393,0.01216460895155945,0.0,0.01691931278931291,0.009056656772171021
166,0.06563200950622558,0.0,0.6631878557874763,0.6631877800453132,0.0001,"(25, 25)",15,"{'NN__alpha': 0.0001, 'NN__hidden_layer_sizes': (25, 25), 'ica__n_components': 15}",32,0.6635071090047393,0.6631079478054567,0.6635071090047393,0.6631079478054567,0.6635071090047393,0.6631079478054567,0.6635071090047393,0.6631079478054567,0.6619047619047619,0.6635071090047393,0.02688538723836245,0.0,0.0006400248824124762,0.00015966447971305087
167,0.06562552452087403,0.0,0.6631878557874763,0.6631877800453132,0.0001,"(25, 25)",20,"{'NN__alpha': 0.0001, 'NN__hidden_layer_sizes': (25, 25), 'ica__n_components': 20}",32,0.6635071090047393,0.6631079478054567,0.6635071090047393,0.6631079478054567,0.6635071090047393,0.6631079478054567,0.6635071090047393,0.6631079478054567,0.6619047619047619,0.6635071090047393,0.01169547671720943,0.0,0.0006400248824124762,0.00015966447971305087
168,0.11853642463684082,0.0,0.6650853889943074,0.6646112675897973,0.0001,"(25, 25)",25,"{'NN__alpha': 0.0001, 'NN__hidden_layer_sizes': (25, 25), 'ica__n_components': 25}",18,0.6872037914691943,0.6820877817319099,0.6824644549763034,0.66073546856465,0.6350710900473934,0.6548042704626335,0.6635071090047393,0.6619217081850534,0.6571428571428571,0.6635071090047393,0.02881559432539572,0.0,0.018756635950059487,0.009220417054207439
169,0.1125798225402832,0.009560155868530273,0.6631878557874763,0.6631877800453132,0.0001,"(25, 25)",30,"{'NN__alpha': 0.0001, 'NN__hidden_layer_sizes': (25, 25), 'ica__n_components': 30}",32,0.6635071090047393,0.6631079478054567,0.6635071090047393,0.6631079478054567,0.6635071090047393,0.6631079478054567,0.6635071090047393,0.6631079478054567,0.6619047619047619,0.6635071090047393,0.03025913044245314,0.007813060929128436,0.0006400248824124762,0.00015966447971305087
170,0.20914559364318847,0.0,0.6650853889943074,0.6624765984719435,0.0001,"(25, 25)",35,"{'NN__alpha': 0.0001, 'NN__hidden_layer_sizes': (25, 25), 'ica__n_components': 35}",18,0.6682464454976303,0.6631079478054567,0.6777251184834123,0.6619217081850534,0.6635071090047393,0.6619217081850534,0.6587677725118484,0.66429418742586,0.6571428571428571,0.6611374407582938,0.049802890373703855,0.0,0.007418948431821455,0.0011055660477171164
171,0.06269330978393554,0.0032548427581787108,0.6631878557874763,0.6631877800453132,0.0001,"(100, 25, 100)",2,"{'NN__alpha': 0.0001, 'NN__hidden_layer_sizes': (100, 25, 100), 'ica__n_components': 2}",32,0.6635071090047393,0.6631079478054567,0.6635071090047393,0.6631079478054567,0.6635071090047393,0.6631079478054567,0.6635071090047393,0.6631079478054567,0.6619047619047619,0.6635071090047393,0.013816168924032098,0.006509685516357421,0.0006400248824124762,0.00015966447971305087
172,0.08743395805358886,0.0031253814697265623,0.6631878557874763,0.6631877800453132,0.0001,"(100, 25, 100)",5,"{'NN__alpha': 0.0001, 'NN__hidden_layer_sizes': (100, 25, 100), 'ica__n_components': 5}",32,0.6635071090047393,0.6631079478054567,0.6635071090047393,0.6631079478054567,0.6635071090047393,0.6631079478054567,0.6635071090047393,0.6631079478054567,0.6619047619047619,0.6635071090047393,0.012464366515099301,0.006250762939453125,0.0006400248824124762,0.00015966447971305087
173,0.09147958755493164,0.0,0.6631878557874763,0.6631877800453132,0.0001,"(100, 25, 100)",7,"{'NN__alpha': 0.0001, 'NN__hidden_layer_sizes': (100, 25, 100), 'ica__n_components': 7}",32,0.6635071090047393,0.6631079478054567,0.6635071090047393,0.6631079478054567,0.6635071090047393,0.6631079478054567,0.6635071090047393,0.6631079478054567,0.6619047619047619,0.6635071090047393,0.024257085210889172,0.0,0.0006400248824124762,0.00015966447971305087
174,0.07195334434509278,0.0,0.6631878557874763,0.6631877800453132,0.0001,"(100, 25, 100)",10,"{'NN__alpha': 0.0001, 'NN__hidden_layer_sizes': (100, 25, 100), 'ica__n_components': 10}",32,0.6635071090047393,0.6631079478054567,0.6635071090047393,0.6631079478054567,0.6635071090047393,0.6631079478054567,0.6635071090047393,0.6631079478054567,0.6619047619047619,0.6635071090047393,0.00781427351621913,0.0,0.0006400248824124762,0.00015966447971305087
175,0.09395527839660645,0.0,0.6631878557874763,0.6631877800453132,0.0001,"(100, 25, 100)",15,"{'NN__alpha': 0.0001, 'NN__hidden_layer_sizes': (100, 25, 100), 'ica__n_components': 15}",32,0.6635071090047393,0.6631079478054567,0.6635071090047393,0.6631079478054567,0.6635071090047393,0.6631079478054567,0.6635071090047393,0.6631079478054567,0.6619047619047619,0.6635071090047393,0.00988847107262292,0.0,0.0006400248824124762,0.00015966447971305087
176,0.10356488227844238,0.0,0.6631878557874763,0.6631877800453132,0.0001,"(100, 25, 100)",20,"{'NN__alpha': 0.0001, 'NN__hidden_layer_sizes': (100, 25, 100), 'ica__n_components': 20}",32,0.6635071090047393,0.6631079478054567,0.6635071090047393,0.6631079478054567,0.6635071090047393,0.6631079478054567,0.6635071090047393,0.6631079478054567,0.6619047619047619,0.6635071090047393,0.016539020749593902,0.0,0.0006400248824124762,0.00015966447971305087
177,0.12490053176879883,0.0,0.6631878557874763,0.6631877800453132,0.0001,"(100, 25, 100)",25,"{'NN__alpha': 0.0001, 'NN__hidden_layer_sizes': (100, 25, 100), 'ica__n_components': 25}",32,0.6635071090047393,0.6631079478054567,0.6635071090047393,0.6631079478054567,0.6635071090047393,0.6631079478054567,0.6635071090047393,0.6631079478054567,0.6619047619047619,0.6635071090047393,0.019856625378319243,0.0,0.0006400248824124762,0.00015966447971305087
178,0.15025439262390136,0.0,0.6631878557874763,0.6631877800453132,0.0001,"(100, 25, 100)",30,"{'NN__alpha': 0.0001, 'NN__hidden_layer_sizes': (100, 25, 100), 'ica__n_components': 30}",32,0.6635071090047393,0.6631079478054567,0.6635071090047393,0.6631079478054567,0.6635071090047393,0.6631079478054567,0.6635071090047393,0.6631079478054567,0.6619047619047619,0.6635071090047393,0.0547036777770205,0.0,0.0006400248824124762,0.00015966447971305087
179,0.22900562286376952,0.0031261444091796875,0.6631878557874763,0.6631877800453132,0.0001,"(100, 25, 100)",35,"{'NN__alpha': 0.0001, 'NN__hidden_layer_sizes': (100, 25, 100), 'ica__n_components': 35}",32,0.6635071090047393,0.6631079478054567,0.6635071090047393,0.6631079478054567,0.6635071090047393,0.6631079478054567,0.6635071090047393,0.6631079478054567,0.6619047619047619,0.6635071090047393,0.06352636137923454,0.006252288818359375,0.0006400248824124762,0.00015966447971305087
