,x,y,target
0,15.139789581298828,21.47843360900879,0.0
1,0.10724212229251862,-43.46265411376953,1.0
2,7.743206977844238,-18.341341018676758,2.0
3,-8.975618362426758,1.8347363471984863,3.0
4,-56.3326416015625,25.36266326904297,4.0
5,4.149170398712158,-15.703849792480469,5.0
6,39.743534088134766,-8.238863945007324,6.0
7,-41.30736541748047,32.16447067260742,7.0
8,32.90681076049805,-30.612024307250977,8.0
9,-3.5231730937957764,-31.918371200561523,9.0
10,12.4879150390625,24.157224655151367,0.0
11,-7.5460286140441895,-44.358821868896484,1.0
12,-17.48721694946289,28.726272583007812,2.0
13,4.020941257476807,3.906485080718994,3.0
14,-53.68341064453125,19.960689544677734,4.0
15,-23.77342987060547,-7.781635761260986,5.0
16,41.51927947998047,7.51379919052124,6.0
17,-39.66838073730469,16.524089813232422,7.0
18,23.76580047607422,-17.549659729003906,8.0
19,-12.593438148498535,-23.222713470458984,9.0
20,28.31842613220215,13.07115650177002,0.0
21,-3.4137542247772217,-48.20274353027344,1.0
22,-17.490543365478516,26.79950714111328,2.0
23,4.966198444366455,0.21826773881912231,3.0
24,-54.26899337768555,7.669954299926758,4.0
25,-22.52915382385254,2.870880126953125,5.0
26,41.067039489746094,-9.180006980895996,6.0
27,-29.414806365966797,29.408367156982422,7.0
28,33.3659553527832,-30.403255462646484,8.0
29,-12.596654891967773,-23.00801658630371,9.0
30,11.689026832580566,19.575515747070312,0.0
31,-12.593233108520508,-23.582056045532227,9.0
32,-26.735261917114258,-13.69917106628418,5.0
33,-20.560855865478516,7.146288871765137,5.0
34,36.19514846801758,-3.0807509422302246,6.0
35,-20.55679702758789,7.15717077255249,5.0
36,17.683012008666992,14.096109390258789,0.0
37,-10.744341850280762,-4.789145469665527,9.0
38,24.695234298706055,-15.976920127868652,8.0
39,-7.186678409576416,-11.553568840026855,9.0
40,26.00212287902832,-19.548049926757812,8.0
41,-55.256202697753906,13.972755432128906,4.0
42,-6.5924882888793945,-42.66272735595703,1.0
43,-39.38691711425781,18.77919578552246,7.0
44,-41.826839447021484,29.663339614868164,7.0
45,7.7663750648498535,9.333683967590332,3.0
46,11.987343788146973,9.736072540283203,5.0
47,0.5746534466743469,-46.3531494140625,1.0
48,18.653152465820312,22.20139503479004,0.0
49,28.19075584411621,26.675100326538086,0.0
50,8.232243537902832,-17.258520126342773,2.0
51,9.487860679626465,-19.357421875,2.0
52,-29.037397384643555,27.86630630493164,7.0
53,26.73978042602539,-18.055843353271484,8.0
54,9.846080780029297,-18.119028091430664,2.0
55,25.19422149658203,12.0782470703125,0.0
56,-1.0933462381362915,-48.498748779296875,1.0
57,7.731646537780762,-18.146316528320312,2.0
58,42.417335510253906,-8.617692947387695,6.0
59,6.5196685791015625,5.360800743103027,3.0
60,7.445759296417236,8.473018646240234,3.0
61,-40.575233459472656,16.85565757751465,7.0
62,7.406655788421631,8.486333847045898,3.0
63,4.11277961730957,8.982714653015137,3.0
64,-55.74943542480469,11.435611724853516,4.0
65,40.52404022216797,-1.4995535612106323,6.0
66,48.64011001586914,-11.863363265991211,6.0
67,51.73579406738281,-7.093456268310547,6.0
68,-17.458377838134766,-38.16942596435547,4.0
69,11.256916999816895,-28.117534637451172,9.0
70,0.93962162733078,-47.86552047729492,1.0
71,-27.80951499938965,-10.853951454162598,5.0
72,26.901580810546875,13.222444534301758,0.0
73,-9.83161735534668,-23.471914291381836,9.0
74,4.587243556976318,-14.685385704040527,5.0
75,9.497697830200195,-19.8356876373291,2.0
76,20.99768829345703,-2.5638978481292725,8.0
77,9.599239349365234,-20.577592849731445,2.0
78,31.105579376220703,24.059650421142578,0.0
79,25.205495834350586,23.300922393798828,0.0
80,-1.545896291732788,-49.274620056152344,1.0
81,-39.36681365966797,26.115219116210938,7.0
82,40.823951721191406,-8.394067764282227,6.0
83,4.882364273071289,10.569805145263672,3.0
84,-10.793465614318848,26.16983985900879,2.0
85,-5.228374481201172,-42.45402145385742,1.0
86,-41.925235748291016,16.822734832763672,7.0
87,18.867420196533203,2.858604907989502,4.0
88,39.578433990478516,-7.477777481079102,6.0
89,8.095563888549805,7.888635158538818,3.0
90,-6.492156982421875,-42.38584899902344,1.0
91,2.7106852531433105,7.172971248626709,3.0
92,-4.707329750061035,-10.372422218322754,9.0
93,0.10278177261352539,-43.53522491455078,1.0
94,-36.82411193847656,16.330780029296875,7.0
95,27.606952667236328,-8.018739700317383,6.0
96,17.937911987304688,-18.21617317199707,8.0
97,-53.839290618896484,10.09597110748291,4.0
98,3.503068685531616,8.302470207214355,3.0
99,12.647740364074707,-11.212228775024414,1.0
100,-53.78765106201172,10.047359466552734,4.0
101,30.310226440429688,18.973125457763672,0.0
102,5.408771514892578,-12.224530220031738,5.0
103,4.654905796051025,8.323296546936035,3.0
104,28.709367752075195,-8.64631462097168,6.0
105,-10.31251049041748,-20.068754196166992,9.0
106,38.65688705444336,-10.593311309814453,6.0
107,-9.176325798034668,-44.247032165527344,1.0
108,-40.13905715942383,18.368778228759766,7.0
109,-23.293222427368164,1.696056842803955,5.0
110,-48.981689453125,12.17408275604248,4.0
111,-52.03940200805664,17.416805267333984,4.0
112,-40.26750183105469,21.000625610351562,7.0
113,-17.987285614013672,16.308813095092773,2.0
114,20.484708786010742,-6.137021541595459,8.0
115,9.246898651123047,-17.260513305664062,2.0
116,8.576860427856445,-17.00016212463379,2.0
117,-24.961759567260742,-2.586451292037964,5.0
118,-32.943424224853516,19.821928024291992,7.0
119,-9.941431999206543,-19.288713455200195,9.0
120,7.054620742797852,16.57876968383789,5.0
121,6.168783664703369,-46.247623443603516,4.0
122,24.10948371887207,-18.737571716308594,8.0
123,28.131650924682617,-12.009706497192383,8.0
124,-55.154685974121094,14.267547607421875,4.0
125,-6.798006057739258,-20.962390899658203,9.0
126,26.357666015625,12.584053039550781,0.0
127,23.835796356201172,-16.002681732177734,8.0
128,0.06583952903747559,-13.801777839660645,9.0
129,18.754453659057617,-17.12501335144043,8.0
130,29.382871627807617,16.742515563964844,0.0
131,-6.741330623626709,-49.56058883666992,1.0
132,-11.357458114624023,20.825565338134766,2.0
133,4.8719801902771,9.494933128356934,3.0
134,-53.4687385559082,14.653979301452637,4.0
135,-26.743122100830078,2.3917908668518066,5.0
136,43.95903778076172,-5.01483154296875,6.0
137,-32.945045471191406,17.663820266723633,7.0
138,25.227170944213867,-27.191272735595703,8.0
139,-8.076821327209473,-21.497465133666992,9.0
140,22.390113830566406,10.452452659606934,0.0
141,-9.117823600769043,-44.936317443847656,1.0
142,-5.501935005187988,38.0687255859375,2.0
143,1.917096734046936,10.87256145477295,3.0
144,-64.1529312133789,-0.05445356294512749,4.0
145,-25.17300796508789,-3.340350866317749,5.0
146,39.0760498046875,2.3995561599731445,6.0
147,-32.80767059326172,17.47303581237793,7.0
148,28.57029914855957,-30.317041397094727,8.0
149,-9.311491012573242,-23.907716751098633,9.0
150,27.663217544555664,19.040950775146484,0.0
151,-9.503336906433105,-45.82687759399414,1.0
152,-13.64316177368164,18.77297592163086,2.0
153,-13.857141494750977,11.69135570526123,3.0
154,-63.17204284667969,1.0955781936645508,4.0
155,-29.170433044433594,-1.2698564529418945,5.0
156,39.86445617675781,-7.003625869750977,6.0
157,-42.58618927001953,22.426448822021484,7.0
158,29.51508331298828,-18.07294464111328,8.0
159,-7.971561908721924,-21.9161434173584,9.0
160,19.90720558166504,15.723551750183105,0.0
161,-8.584840774536133,-22.309839248657227,9.0
162,0.5380787253379822,12.174245834350586,5.0
163,-29.81361961364746,1.4279346466064453,5.0
164,50.5894775390625,-4.377785682678223,6.0
165,-25.81630516052246,2.316411256790161,5.0
166,18.86118507385254,12.452301025390625,0.0
167,-6.366849899291992,-18.7978458404541,9.0
168,25.03960418701172,-25.99675178527832,8.0
169,-8.917099952697754,-21.087417602539062,9.0
170,27.198448181152344,-14.975397109985352,8.0
171,-57.82462692260742,0.3463978171348572,4.0
172,-6.860762119293213,-48.3487663269043,1.0
173,-31.338634490966797,28.995906829833984,7.0
174,-39.2718391418457,12.966050148010254,7.0
175,1.1692298650741577,2.3843071460723877,3.0
176,0.5083938241004944,12.190125465393066,5.0
177,-8.223468780517578,-45.85575866699219,1.0
178,21.8837890625,27.039466857910156,0.0
179,24.621337890625,13.55672836303711,0.0
180,-6.699470520019531,24.384471893310547,2.0
181,-7.772646427154541,19.978473663330078,2.0
182,-34.86923599243164,21.470266342163086,7.0
183,29.850791931152344,-21.906476974487305,8.0
184,-8.900389671325684,23.276092529296875,2.0
185,24.933120727539062,11.726900100708008,0.0
186,-3.8606619834899902,-47.26531982421875,1.0
187,-6.238215923309326,24.26317596435547,2.0
188,46.984622955322266,-6.928895473480225,6.0
189,2.4641451835632324,10.34040641784668,3.0
190,5.82253360748291,11.50943660736084,3.0
191,-33.68555450439453,24.101816177368164,7.0
192,4.003549575805664,0.08490710705518723,3.0
193,3.4088423252105713,9.697365760803223,3.0
194,-58.04485321044922,2.517883062362671,4.0
195,38.23481369018555,-3.2106754779815674,6.0
196,46.936363220214844,-7.20434045791626,6.0
197,49.0536994934082,-3.3224122524261475,6.0
198,-56.13794708251953,-0.038586270064115524,4.0
199,-7.022476673126221,-24.100173950195312,9.0
200,-8.651703834533691,-43.157135009765625,1.0
201,-27.202518463134766,-0.39379262924194336,5.0
202,28.800785064697266,20.457670211791992,0.0
203,-1.014316439628601,-10.115087509155273,9.0
204,-29.375205993652344,-1.168094515800476,5.0
205,-11.518956184387207,16.582489013671875,2.0
206,27.177288055419922,-15.043233871459961,8.0
207,-11.27974796295166,17.910104751586914,2.0
208,23.80561637878418,11.460015296936035,0.0
209,30.96687126159668,19.606496810913086,0.0
210,-7.64101505279541,-47.22597885131836,1.0
211,9.470772743225098,-24.52688980102539,7.0
212,51.49856185913086,-7.246043682098389,6.0
213,5.057247638702393,11.424304008483887,3.0
214,-10.841843605041504,19.568958282470703,2.0
215,-10.153141021728516,-41.8346061706543,1.0
216,-32.09723663330078,20.45404052734375,7.0
217,7.418664455413818,11.435638427734375,3.0
218,-9.180115699768066,-45.86342239379883,1.0
219,6.211925029754639,11.431571960449219,3.0
220,-5.807716369628906,-25.99336051940918,9.0
221,-6.093634605407715,-45.585018157958984,1.0
222,-33.78581619262695,29.693769454956055,7.0
223,38.52680969238281,-6.305701732635498,6.0
224,31.2530574798584,-21.246667861938477,8.0
225,-62.647377014160156,-0.010754399001598358,4.0
226,4.727688789367676,12.11274528503418,3.0
227,-7.602034568786621,-43.75910568237305,1.0
228,-62.77165222167969,-0.06052538752555847,4.0
229,24.08100128173828,23.316062927246094,0.0
230,-25.96820640563965,3.5665881633758545,5.0
231,5.1401753425598145,0.25386348366737366,3.0
232,35.329647064208984,-0.25450870394706726,6.0
233,-8.70876693725586,-23.144977569580078,9.0
234,49.97272872924805,2.128908157348633,6.0
235,-7.33549690246582,-46.42164611816406,1.0
236,-41.399051666259766,24.91523551940918,7.0
237,-24.198856353759766,2.123758316040039,5.0
238,-56.14738845825195,0.024596456438302994,4.0
239,-61.48984146118164,1.313857078552246,4.0
240,-34.73039245605469,21.657129287719727,7.0
241,-8.889473915100098,23.242897033691406,2.0
242,28.258203506469727,-22.3881893157959,8.0
243,-8.015704154968262,26.565338134765625,2.0
244,-11.855002403259277,19.466882705688477,2.0
245,-28.623254776000977,1.3502552509307861,5.0
246,-26.426063537597656,4.229108810424805,5.0
247,-60.543800354003906,0.8938238620758057,4.0
248,27.55652618408203,-21.540555953979492,8.0
249,29.82298469543457,-21.912965774536133,8.0
250,-63.974063873291016,0.032697226852178574,4.0
251,-3.5125136375427246,-30.60165023803711,9.0
252,28.622262954711914,17.96377944946289,0.0
253,28.58730697631836,-19.96970558166504,8.0
254,2.3098108768463135,-27.85367202758789,9.0
255,26.437191009521484,-22.727529525756836,8.0
256,11.7782564163208,24.402793884277344,0.0
257,17.472379684448242,-9.330942153930664,1.0
258,-13.595130920410156,22.86812400817871,2.0
259,-9.494865417480469,2.248843193054199,3.0
260,-52.43820571899414,17.704513549804688,4.0
261,-20.232812881469727,-15.223633766174316,5.0
262,48.31770324707031,0.3241860568523407,6.0
263,-26.062389373779297,39.31861114501953,7.0
264,24.27071189880371,-36.97999954223633,8.0
265,11.056034088134766,-33.624839782714844,9.0
266,23.201833724975586,21.601943969726562,0.0
267,13.534781455993652,-19.613935470581055,1.0
268,-14.01955795288086,23.90566062927246,2.0
269,-1.0570125579833984,-2.493211269378662,3.0
270,-57.0131950378418,16.893238067626953,4.0
271,-23.79051971435547,10.089578628540039,5.0
272,45.669891357421875,3.805520534515381,6.0
273,-39.26357650756836,25.168697357177734,7.0
274,19.374046325683594,-23.050790786743164,8.0
275,-18.676353454589844,47.092796325683594,9.0
276,16.93394660949707,21.79233169555664,0.0
277,20.923065185546875,-10.273669242858887,1.0
278,-14.86014175415039,25.443639755249023,2.0
279,-3.4576656818389893,6.279749870300293,3.0
280,-57.34359359741211,18.630413055419922,4.0
281,-21.750858306884766,-12.062263488769531,5.0
282,50.431739807128906,-4.682363033294678,6.0
283,-26.98929214477539,41.04064178466797,7.0
284,17.687705993652344,-23.323896408081055,8.0
285,-4.702508926391602,-14.151342391967773,9.0
286,11.176172256469727,25.10540008544922,0.0
287,-7.6402058601379395,-17.733734130859375,9.0
288,-20.67068099975586,-14.135642051696777,5.0
289,-20.41305923461914,-9.567358016967773,5.0
290,41.256229400634766,1.9331058263778687,6.0
291,-13.446884155273438,-12.300451278686523,5.0
292,10.990190505981445,24.01190185546875,0.0
293,1.396336555480957,-18.563247680664062,9.0
294,31.04901695251465,-27.313262939453125,8.0
295,1.3046345710754395,-22.86254119873047,9.0
296,29.038381576538086,-27.331212997436523,8.0
297,-56.542625427246094,15.331342697143555,4.0
298,22.102558135986328,-7.101929187774658,1.0
299,-36.239219665527344,23.466228485107422,7.0
300,-40.424217224121094,12.447576522827148,7.0
301,-0.7438992857933044,-2.01967453956604,3.0
302,-28.538341522216797,-16.210954666137695,5.0
303,26.788122177124023,-11.244233131408691,1.0
304,19.306747436523438,21.964874267578125,0.0
305,17.889591217041016,22.310752868652344,0.0
306,-13.747058868408203,26.210002899169922,2.0
307,-9.883947372436523,19.31439208984375,2.0
308,-33.02588653564453,29.986907958984375,7.0
309,24.86600112915039,-38.82990646362305,8.0
310,-13.930194854736328,22.47943878173828,2.0
311,16.260334014892578,23.87135124206543,0.0
312,-10.053435325622559,-41.9006462097168,1.0
313,-13.414461135864258,24.593942642211914,2.0
314,48.951961517333984,3.9185402393341064,6.0
315,-5.510218143463135,-0.47907546162605286,3.0
316,-1.745144248008728,-1.8805829286575317,3.0
317,-26.910625457763672,41.74491500854492,7.0
318,-4.108072280883789,-1.4602056741714478,3.0
319,-3.3238320350646973,-0.7934375405311584,3.0
320,-57.506996154785156,17.10239028930664,4.0
321,49.4058952331543,-6.815670490264893,6.0
322,49.06327438354492,-6.794256687164307,6.0
323,47.50740432739258,6.46579647064209,6.0
324,-63.60997772216797,13.863424301147461,4.0
325,10.47079086303711,-35.179420471191406,9.0
326,15.968984603881836,-8.004376411437988,1.0
327,42.586944580078125,23.95182228088379,5.0
328,17.74102210998535,18.78852081298828,0.0
329,14.373806953430176,1.088741421699524,9.0
330,-20.95150375366211,-13.941495895385742,5.0
331,-11.755701065063477,23.769790649414062,2.0
332,28.423978805541992,-30.418968200683594,8.0
333,-14.312684059143066,25.7097110748291,2.0
334,13.185566902160645,23.76067352294922,0.0
335,14.510782241821289,20.220279693603516,0.0
336,13.810386657714844,-19.504642486572266,1.0
337,-33.55198669433594,13.844688415527344,7.0
338,37.4371223449707,-3.7251219749450684,6.0
339,-0.8706812262535095,-2.1056582927703857,3.0
340,-9.581850051879883,19.428234100341797,2.0
341,13.648880958557129,-20.549283981323242,1.0
342,-33.258968353271484,14.713885307312012,7.0
343,-56.58675003051758,17.041658401489258,4.0
344,50.395320892333984,0.9888409972190857,6.0
345,0.45708176493644714,0.9065006971359253,3.0
346,17.337961196899414,-7.699339389801025,1.0
347,-5.533024311065674,0.8717852234840393,3.0
348,9.828922271728516,-33.83108139038086,9.0
349,16.36135482788086,-4.57566499710083,1.0
350,-32.182037353515625,17.934701919555664,7.0
351,40.82703399658203,2.257883310317993,6.0
352,26.249834060668945,-27.072566986083984,8.0
353,-59.04547882080078,21.3110294342041,4.0
354,-5.1884541511535645,1.2899386882781982,3.0
355,13.304072380065918,-3.9051761627197266,1.0
356,-20.0880126953125,50.54872131347656,4.0
357,24.21110725402832,20.75476837158203,0.0
358,-19.4040584564209,-20.532695770263672,5.0
359,-4.624294281005859,5.235882759094238,3.0
360,48.325767517089844,-0.6963544487953186,6.0
361,10.352813720703125,-35.53169631958008,9.0
362,49.3439826965332,-7.51501989364624,6.0
363,14.775216102600098,-11.728608131408691,1.0
364,-30.697011947631836,13.707489967346191,7.0
365,-22.94658660888672,-8.981475830078125,5.0
366,-65.43475341796875,23.796300888061523,4.0
367,-56.951717376708984,14.867778778076172,4.0
368,-33.66960144042969,15.255217552185059,7.0
369,-13.604399681091309,22.753686904907227,2.0
370,29.16089630126953,-28.345245361328125,8.0
371,-14.894486427307129,25.935230255126953,2.0
372,-11.117055892944336,27.417142868041992,2.0
373,-20.777299880981445,-9.809112548828125,5.0
374,-40.444541931152344,14.94269847869873,7.0
375,-18.37614631652832,-48.439640045166016,9.0
376,1.2575225830078125,40.4951286315918,5.0
377,-57.55105972290039,18.073413848876953,4.0
378,21.344968795776367,1.4239096641540527,8.0
379,17.45597267150879,-27.754907608032227,8.0
380,-54.71482849121094,15.43370532989502,4.0
381,-17.931476593017578,-49.87641525268555,9.0
382,21.60367202758789,21.130306243896484,0.0
383,19.054901123046875,-23.327438354492188,8.0
384,10.699231147766113,-34.03029251098633,9.0
385,-0.6548130512237549,3.5159921646118164,3.0
386,30.838321685791016,23.000356674194336,0.0
387,-3.8499362468719482,-52.51362609863281,1.0
388,-17.29711151123047,27.857025146484375,2.0
389,10.752860069274902,-1.3928495645523071,3.0
390,-56.79540252685547,2.2131221294403076,4.0
391,-18.348583221435547,10.778635025024414,5.0
392,34.981544494628906,-1.0699065923690796,6.0
393,-31.70591163635254,45.24606704711914,7.0
394,21.039819717407227,-32.78285217285156,8.0
395,-0.5679699778556824,-13.586621284484863,9.0
396,23.696353912353516,22.595346450805664,0.0
397,-1.9546916484832764,-45.548797607421875,1.0
398,-14.144022941589355,33.97989273071289,2.0
399,-9.348311424255371,-0.465354323387146,3.0
400,-61.13168716430664,5.930174350738525,4.0
401,5.8964972496032715,33.225128173828125,5.0
402,31.686830520629883,2.0092155933380127,6.0
403,-29.035186767578125,43.19668197631836,7.0
404,23.781696319580078,-27.343402862548828,8.0
405,-4.5838623046875,-18.691347122192383,9.0
406,28.805925369262695,18.431198120117188,0.0
407,-4.376702308654785,-46.218074798583984,1.0
408,-8.287165641784668,28.939311981201172,2.0
409,-13.852657318115234,1.0826605558395386,3.0
410,-59.55000305175781,4.420777320861816,4.0
411,5.509220600128174,32.22029495239258,5.0
412,34.3960075378418,1.094237208366394,6.0
413,-28.056522369384766,42.52432632446289,7.0
414,16.181598663330078,-39.51040267944336,8.0
415,-4.631579875946045,-18.79486846923828,9.0
416,15.919707298278809,13.30423355102539,0.0
417,-2.0090885162353516,-29.75774574279785,9.0
418,-18.143310546875,10.609881401062012,5.0
419,4.882544040679932,33.306312561035156,5.0
420,32.23027420043945,2.5243823528289795,6.0
421,-19.058259963989258,11.316880226135254,5.0
422,25.52031898498535,24.549623489379883,0.0
423,-1.5245552062988281,-30.293087005615234,9.0
424,23.12879180908203,-33.2780647277832,8.0
425,-0.11103049665689468,-24.741798400878906,9.0
426,24.773195266723633,-32.4742317199707,8.0
427,-57.15216827392578,5.466172695159912,4.0
428,-2.423776865005493,-47.610260009765625,1.0
429,-31.358360290527344,45.02588653564453,7.0
430,-39.21794128417969,0.35303881764411926,7.0
431,-11.000104904174805,8.715105056762695,3.0
432,7.141744613647461,32.72844314575195,5.0
433,-1.5853748321533203,-45.763710021972656,1.0
434,25.296003341674805,22.83574676513672,0.0
435,28.046953201293945,20.594833374023438,0.0
436,-14.955366134643555,33.521419525146484,2.0
437,-15.132559776306152,19.380939483642578,2.0
438,-31.62952995300293,45.19559097290039,7.0
439,20.33783721923828,-36.46535110473633,8.0
440,-15.1998929977417,29.224672317504883,2.0
441,24.243961334228516,24.162723541259766,0.0
442,-46.248687744140625,-26.42992401123047,1.0
443,-12.345678329467773,34.007545471191406,2.0
444,33.85287094116211,-1.0746818780899048,6.0
445,-10.779585838317871,8.956283569335938,3.0
446,-12.708120346069336,-0.08235178887844086,3.0
447,-27.236282348632812,42.45988464355469,7.0
448,-11.753673553466797,1.8795663118362427,3.0
449,-11.14847469329834,1.1235566139221191,3.0
450,-60.03322219848633,4.9437971115112305,4.0
451,34.171363830566406,1.5908565521240234,6.0
452,32.53921127319336,0.2815403938293457,6.0
453,34.146114349365234,1.895335078239441,6.0
454,-58.560020446777344,3.0389509201049805,4.0
455,0.449820876121521,-24.0302734375,9.0
456,-3.802703380584717,-48.41093063354492,1.0
457,-25.270465850830078,-16.18278694152832,5.0
458,16.611562728881836,14.138404846191406,0.0
459,-1.3748970031738281,-30.26847267150879,9.0
460,5.460093021392822,31.930736541748047,5.0
461,-16.283912658691406,29.803518295288086,2.0
462,23.98805046081543,-31.49439239501953,8.0
463,-14.532572746276855,20.10028839111328,2.0
464,20.813570022583008,25.00312614440918,0.0
465,31.782358169555664,20.15728187561035,0.0
466,-1.533147931098938,-45.99470138549805,1.0
467,-29.625839233398438,43.95467758178711,7.0
468,39.08242416381836,-3.589712142944336,6.0
469,-12.543168067932129,0.08103163540363312,3.0
470,-5.469668388366699,27.05781364440918,2.0
471,-5.936044216156006,-44.84428024291992,1.0
472,-38.892234802246094,1.0534337759017944,7.0
473,-54.55717849731445,6.636770248413086,4.0
474,38.23965072631836,1.3477275371551514,6.0
475,-9.444443702697754,1.3456422090530396,3.0
476,-2.6466660499572754,-48.17760467529297,1.0
477,-10.358132362365723,-4.3190226554870605,3.0
478,-0.5856150388717651,-25.834203720092773,9.0
479,-3.366116523742676,-46.09221267700195,1.0
480,6.838100910186768,-3.667933940887451,7.0
481,32.521453857421875,3.039193868637085,6.0
482,-5.766725540161133,-39.59897232055664,8.0
483,-60.18762969970703,5.230638027191162,4.0
484,-9.31714916229248,-2.06685471534729,3.0
485,-2.3083934783935547,-46.24238967895508,1.0
486,-59.56602478027344,3.1533358097076416,4.0
487,32.014137268066406,22.150344848632812,0.0
488,4.15261697769165,27.90291976928711,5.0
489,-10.943940162658691,-0.25070860981941223,3.0
490,36.58866882324219,-0.14539532363414764,6.0
491,-1.4137413501739502,-30.542747497558594,9.0
492,27.92226791381836,-4.832177639007568,6.0
493,-3.7435693740844727,-46.58665466308594,1.0
494,-27.63602638244629,42.28041458129883,7.0
495,4.360208511352539,30.61471176147461,5.0
496,-56.045494079589844,6.4902496337890625,4.0
497,-58.3398323059082,4.183810710906982,4.0
498,-29.2703914642334,43.38389205932617,7.0
499,-14.38808536529541,20.751691818237305,2.0
500,26.876272201538086,-30.380090713500977,8.0
501,-9.191428184509277,29.021804809570312,2.0
502,15.628922462463379,-7.717574596405029,2.0
503,-20.692270278930664,-0.5292107462882996,5.0
504,-38.89408493041992,1.051231026649475,7.0
505,-0.954783022403717,-25.774927139282227,9.0
506,7.20994234085083,32.66844177246094,5.0
507,-54.8450813293457,6.750074863433838,4.0
508,24.802942276000977,-28.45041275024414,8.0
509,22.91097068786621,-30.094966888427734,8.0
510,-56.633949279785156,2.082146167755127,4.0
511,8.816506385803223,24.869543075561523,9.0
512,19.766433715820312,20.011856079101562,0.0
513,21.32575225830078,-30.68471908569336,8.0
514,0.015045779757201672,-26.059194564819336,9.0
515,24.889175415039062,-32.999141693115234,8.0
516,19.036266326904297,11.746143341064453,0.0
517,-42.02765655517578,-24.185789108276367,1.0
518,-42.221858978271484,-15.288473129272461,2.0
519,26.01326560974121,4.557919025421143,3.0
520,-65.7162094116211,13.362168312072754,4.0
521,-26.15558624267578,-20.812137603759766,5.0
522,40.12940216064453,-4.156739234924316,6.0
523,9.457700729370117,-24.556875228881836,7.0
524,35.76924514770508,-19.45572853088379,8.0
525,-9.179851531982422,-33.8210334777832,9.0
526,17.553730010986328,24.15064239501953,0.0
527,-44.36116409301758,-26.07854652404785,1.0
528,-9.899832725524902,31.69742202758789,2.0
529,24.552499771118164,3.344249963760376,3.0
530,-63.83493423461914,15.538530349731445,4.0
531,-21.287979125976562,-18.902267456054688,5.0
532,43.38618087768555,1.4221216440200806,6.0
533,-37.75293731689453,29.742353439331055,7.0
534,40.40572738647461,-21.54113006591797,8.0
535,-0.15779539942741394,-27.106401443481445,9.0
536,17.533349990844727,10.569815635681152,0.0
537,-39.8204231262207,-30.25592803955078,1.0
538,-15.527848243713379,35.03050994873047,2.0
539,34.10654830932617,-12.911521911621094,3.0
540,-64.56769561767578,8.1234130859375,4.0
541,-24.338489532470703,-15.814233779907227,5.0
542,41.26944351196289,-4.177413463592529,6.0
543,-31.85259246826172,29.81689453125,7.0
544,41.513309478759766,-21.736143112182617,8.0
545,-10.762918472290039,-32.825225830078125,9.0
546,18.23267936706543,10.59351634979248,0.0
547,1.7665754556655884,-14.06297492980957,9.0
548,-26.256996154785156,-13.990164756774902,5.0
549,-23.252355575561523,-17.201488494873047,5.0
550,34.12674331665039,-8.718358993530273,6.0
551,-23.840330123901367,-16.375038146972656,5.0
552,26.994796752929688,26.13317108154297,0.0
553,0.38250184059143066,-15.533519744873047,9.0
554,36.65611267089844,-19.635976791381836,8.0
555,-10.989715576171875,-33.906795501708984,9.0
556,41.951087951660156,-21.55887222290039,8.0
557,-66.95793914794922,10.915197372436523,4.0
558,-38.10841751098633,-30.815134048461914,1.0
559,-39.64084243774414,20.61210060119629,7.0
560,-38.54181671142578,30.395092010498047,7.0
561,25.714031219482422,4.279191493988037,3.0
562,-23.73695182800293,-14.995393753051758,5.0
563,-37.852684020996094,-32.06300354003906,1.0
564,26.189260482788086,14.92543888092041,0.0
565,22.716251373291016,28.018360137939453,0.0
566,53.270137786865234,-22.270641326904297,2.0
567,2.3507027626037598,22.269411087036133,2.0
568,-43.340049743652344,31.65073585510254,7.0
569,42.24711990356445,-22.57557487487793,8.0
570,-40.274723052978516,-16.093839645385742,2.0
571,13.667181968688965,17.275915145874023,0.0
572,-42.28264617919922,-27.455120086669922,1.0
573,2.3444321155548096,22.273422241210938,2.0
574,31.911842346191406,-7.773769378662109,6.0
575,22.599712371826172,4.8012800216674805,3.0
576,7.019350051879883,-1.4681200981140137,3.0
577,-30.866832733154297,32.36475372314453,7.0
578,26.632394790649414,5.380963325500488,3.0
579,25.42837905883789,3.5848236083984375,3.0
580,-60.874385833740234,13.583986282348633,4.0
581,34.204322814941406,-9.647758483886719,6.0
582,40.26620864868164,-4.786357879638672,6.0
583,44.938114166259766,1.6844693422317505,6.0
584,-64.6469497680664,14.366654396057129,4.0
585,14.274588584899902,31.426254272460938,9.0
586,-37.5283203125,-30.953495025634766,1.0
587,-22.391141891479492,-13.482662200927734,5.0
588,19.790491104125977,9.694694519042969,0.0
589,3.3856945037841797,-21.519174575805664,9.0
590,-21.96957015991211,-19.995925903320312,5.0
591,-38.012428283691406,-20.634374618530273,2.0
592,43.44504165649414,-21.096965789794922,8.0
593,-14.597884178161621,23.202634811401367,2.0
594,29.33537483215332,25.08873176574707,0.0
595,18.09836196899414,9.56765365600586,0.0
596,-37.811622619628906,-32.26287841796875,1.0
597,-39.56636428833008,28.613401412963867,7.0
598,34.21971130371094,-9.55421257019043,6.0
599,22.475454330444336,4.841162204742432,3.0
600,-44.79804229736328,-23.79810333251953,2.0
601,-38.394691467285156,-31.734697341918945,1.0
602,-39.33327102661133,29.63347053527832,7.0
603,-66.50141143798828,12.676200866699219,4.0
604,31.49256134033203,-8.097253799438477,6.0
605,26.770078659057617,3.31838321685791,3.0
606,-39.7010383605957,-30.65037727355957,1.0
607,25.395193099975586,2.8159406185150146,3.0
608,-10.603742599487305,-34.39081573486328,9.0
609,-37.002323150634766,-31.935867309570312,1.0
610,-35.401695251464844,19.863550186157227,7.0
611,40.43395233154297,-4.114720344543457,6.0
612,41.80593490600586,-21.279409408569336,8.0
613,-65.31562805175781,11.29481315612793,4.0
614,24.935365676879883,4.1183366775512695,3.0
615,22.817121505737305,-9.239614486694336,1.0
616,-65.40946960449219,11.772436141967773,4.0
617,17.19306182861328,9.50051212310791,0.0
618,-21.571964263916016,-17.378929138183594,5.0
619,25.00937271118164,4.9193291664123535,3.0
620,41.05965042114258,-5.132979869842529,6.0
621,-10.815403938293457,-33.912445068359375,9.0
622,32.47099685668945,-7.659918785095215,6.0
623,-42.087135314941406,-22.957345962524414,1.0
624,-38.27854919433594,26.43098258972168,7.0
625,-22.854900360107422,-13.066548347473145,5.0
626,-65.95305633544922,8.734251022338867,4.0
627,-57.8693962097168,21.966659545898438,4.0
628,-41.73468017578125,27.164051055908203,7.0
629,-43.06687927246094,-21.479206085205078,2.0
630,37.26273727416992,-20.603879928588867,8.0
631,-15.419652938842773,22.76932716369629,2.0
632,-42.60531234741211,-20.83115577697754,2.0
633,11.285579681396484,-44.790130615234375,5.0
634,-37.60163879394531,29.996952056884766,7.0
635,-4.132659912109375,-21.315444946289062,9.0
636,-22.127885818481445,-19.692485809326172,5.0
637,-66.5191879272461,13.028164863586426,4.0
638,36.02509307861328,-19.872339248657227,8.0
639,42.117435455322266,-20.563846588134766,8.0
640,-66.13548278808594,14.41935920715332,4.0
641,-1.475948452949524,-17.47769546508789,9.0
642,18.88764190673828,20.38300895690918,0.0
643,42.89239501953125,-21.25294303894043,8.0
644,-2.9493579864501953,-26.348873138427734,9.0
645,36.8621711730957,-19.744375228881836,8.0
646,13.423725128173828,22.410329818725586,0.0
647,17.003053665161133,-11.268465042114258,1.0
648,-4.711884498596191,18.359102249145508,2.0
649,-2.2963452339172363,-4.578781604766846,3.0
650,-62.85175323486328,2.6019532680511475,4.0
651,30.618305206298828,-1.3929656744003296,5.0
652,52.03015899658203,-5.207279205322266,6.0
653,-36.66975784301758,29.084489822387695,7.0
654,29.71025276184082,-31.861129760742188,8.0
655,-17.04315757751465,55.000831604003906,9.0
656,10.341432571411133,16.877239227294922,0.0
657,23.840234756469727,-7.84303092956543,1.0
658,2.867201566696167,-7.55083703994751,2.0
659,-0.9600626230239868,-5.4313788414001465,3.0
660,-61.87810516357422,2.2821414470672607,4.0
661,-21.860076904296875,2.7751851081848145,5.0
662,52.8079833984375,-3.8617827892303467,6.0
663,-30.909717559814453,32.93629837036133,7.0
664,30.748533248901367,-10.110640525817871,8.0
665,-16.24105453491211,-50.351844787597656,9.0
666,21.25638771057129,17.125030517578125,0.0
667,23.86378288269043,-7.187842845916748,1.0
668,-3.4141783714294434,21.98615074157715,2.0
669,-0.10114502161741257,-4.069011688232422,3.0
670,-58.201454162597656,8.32900619506836,4.0
671,-21.739337921142578,2.464146375656128,5.0
672,52.29540252685547,-4.007961750030518,6.0
673,-45.322105407714844,-1.5332781076431274,7.0
674,30.33757781982422,-31.77231788635254,8.0
675,-14.723952293395996,-49.92937469482422,9.0
676,14.464441299438477,18.490936279296875,0.0
677,-16.132295608520508,-50.609127044677734,9.0
678,-31.80215072631836,-14.713301658630371,5.0
679,-21.60413360595703,-0.9878925085067749,5.0
680,49.65840530395508,-3.1294989585876465,6.0
681,-23.711732864379883,5.874098300933838,5.0
682,26.95027732849121,21.285661697387695,0.0
683,-13.427591323852539,-51.201988220214844,9.0
684,32.222686767578125,-15.440767288208008,8.0
685,-16.171279907226562,-49.94422912597656,9.0
686,32.232574462890625,-15.495780944824219,8.0
687,-63.06390380859375,3.25958251953125,4.0
688,18.351770401000977,-14.432941436767578,1.0
689,-16.025793075561523,54.93263626098633,7.0
690,-18.7818546295166,-50.31865692138672,7.0
691,-0.09751442819833755,8.131731986999512,3.0
692,-20.617874145507812,-0.050640929490327835,5.0
693,18.379234313964844,-14.386256217956543,1.0
694,21.73850440979004,18.827898025512695,0.0
695,14.896614074707031,15.073830604553223,0.0
696,5.252974510192871,-6.76207971572876,2.0
697,3.418919086456299,-7.22313928604126,2.0
698,-34.93728256225586,31.222742080688477,7.0
699,21.788253784179688,-22.50754165649414,8.0
700,6.130556583404541,-7.3392333984375,2.0
701,21.263320922851562,14.196478843688965,0.0
702,18.02809715270996,-5.611330509185791,1.0
703,6.015458583831787,-7.1715168952941895,2.0
704,51.74874496459961,-6.3784260749816895,6.0
705,-2.932394027709961,-4.500566005706787,3.0
706,-4.233256816864014,-3.1446430683135986,3.0
707,-35.49398422241211,31.578325271606445,7.0
708,-4.351612091064453,-4.192420959472656,3.0
709,-2.8358349800109863,-0.8570542931556702,3.0
710,-52.684268951416016,14.188421249389648,4.0
711,49.93989181518555,-0.36529242992401123,6.0
712,46.25043487548828,5.289535999298096,6.0
713,52.430545806884766,-1.3539814949035645,6.0
714,-63.873287200927734,1.9909700155258179,4.0
715,-15.336313247680664,-50.8828125,9.0
716,15.777840614318848,-13.651001930236816,1.0
717,-17.922470092773438,-2.9128572940826416,5.0
718,19.193876266479492,18.147689819335938,0.0
719,-15.757386207580566,-48.945281982421875,9.0
720,-17.176156997680664,-3.200223445892334,5.0
721,4.212257385253906,-6.781639575958252,2.0
722,26.888607025146484,-36.434852600097656,8.0
723,2.932141065597534,-7.536454200744629,2.0
724,16.875324249267578,14.21818733215332,0.0
725,17.854965209960938,18.7131290435791,0.0
726,12.73347282409668,-3.2049155235290527,1.0
727,-33.01444625854492,31.58725929260254,7.0
728,53.32083511352539,-3.477654457092285,6.0
729,-3.554565191268921,-3.5462260246276855,3.0
730,-7.380300045013428,38.13206100463867,2.0
731,15.166152954101562,-14.917313575744629,1.0
732,-45.61191940307617,-1.678431510925293,7.0
733,-63.149845123291016,1.734318494796753,4.0
734,50.53438949584961,-11.423917770385742,6.0
735,-4.870358943939209,-4.1067795753479,3.0
736,14.712624549865723,-12.29051399230957,1.0
737,1.8898214101791382,-3.518150806427002,3.0
738,-15.892141342163086,-51.363525390625,9.0
739,16.209802627563477,-13.504124641418457,1.0
740,-34.19492721557617,32.45029067993164,7.0
741,50.95521926879883,0.5137625336647034,6.0
742,29.891569137573242,-13.303295135498047,8.0
743,-66.48689270019531,14.25931167602539,4.0
744,1.9710876941680908,-3.5871315002441406,3.0
745,15.785722732543945,-15.198455810546875,1.0
746,-38.70002746582031,32.249114990234375,4.0
747,24.076641082763672,17.665990829467773,0.0
748,-4.771368503570557,-34.9903564453125,5.0
749,-5.141373634338379,-1.431190848350525,3.0
750,48.66594696044922,-10.344461441040039,6.0
751,-17.54180908203125,-52.17796325683594,9.0
752,48.839439392089844,-10.061968803405762,6.0
753,17.61008071899414,-12.639725685119629,1.0
754,-33.525909423828125,32.709754943847656,7.0
755,4.801406383514404,39.99344253540039,5.0
756,3.4370837211608887,18.57708740234375,4.0
757,13.543929100036621,38.96084976196289,4.0
758,-33.42303466796875,33.06278991699219,7.0
759,-4.255021572113037,20.503786087036133,2.0
760,19.505868911743164,-22.539260864257812,8.0
761,-4.415116786956787,20.592864990234375,2.0
762,-4.167947769165039,19.584627151489258,2.0
763,2.197700023651123,-36.600826263427734,5.0
764,-38.38451385498047,28.617769241333008,7.0
765,-17.418672561645508,-52.134063720703125,9.0
766,-30.257461547851562,-3.015211820602417,5.0
767,-65.52633666992188,6.5340256690979,4.0
768,27.623140335083008,-30.758678436279297,8.0
769,35.67166519165039,20.085647583007812,8.0
770,-38.453773498535156,33.396846771240234,4.0
771,-17.44740104675293,55.12398147583008,9.0
772,20.262577056884766,18.884872436523438,0.0
773,30.830263137817383,-31.55225372314453,8.0
774,-14.25060749053955,-51.41188430786133,9.0
775,31.45302963256836,-15.893065452575684,8.0
776,15.915724754333496,26.417827606201172,0.0
777,15.336490631103516,-6.4180121421813965,1.0
778,-10.661259651184082,21.395740509033203,2.0
779,3.0356671810150146,-4.253774642944336,3.0
780,-64.28459167480469,6.368495464324951,4.0
781,3.4560036659240723,38.10609436035156,5.0
782,-10.755424499511719,-8.497781753540039,6.0
783,-32.57252502441406,14.673693656921387,7.0
784,9.143218994140625,-10.99977970123291,8.0
785,-4.665853023529053,-23.676212310791016,9.0
786,19.860206604003906,27.38222885131836,0.0
787,17.53262710571289,-3.6689045429229736,1.0
788,-7.422831058502197,34.248191833496094,2.0
789,-3.4427828788757324,0.868557333946228,3.0
790,-61.08832550048828,8.669644355773926,4.0
791,1.545901894569397,40.487606048583984,5.0
792,-11.924644470214844,-8.390045166015625,6.0
793,-37.526954650878906,23.56157875061035,7.0
794,16.253246307373047,3.773108959197998,8.0
795,6.448538780212402,-28.036779403686523,9.0
796,12.100558280944824,25.813770294189453,0.0
797,17.47361946105957,-5.933265686035156,1.0
798,-5.906245231628418,36.587589263916016,2.0
799,-6.800681114196777,6.086848735809326,3.0
800,16.990386962890625,46.181976318359375,4.0
801,-26.1185245513916,0.2253515124320984,5.0
802,36.29891586303711,1.9671063423156738,6.0
803,-34.43282699584961,19.34748649597168,7.0
804,21.540950775146484,-13.523930549621582,8.0
805,-3.163731336593628,-26.206863403320312,9.0
806,16.626615524291992,23.279701232910156,0.0
807,0.587071418762207,-13.071242332458496,9.0
808,-23.830810546875,9.993095397949219,5.0
809,-20.062246322631836,0.44260501861572266,5.0
810,-12.865413665771484,-8.742257118225098,6.0
811,3.5772931575775146,36.97718811035156,5.0
812,17.62395668029785,20.825048446655273,0.0
813,4.378234386444092,-18.99901008605957,9.0
814,22.124401092529297,-38.161563873291016,8.0
815,-1.6664098501205444,-18.109718322753906,9.0
816,15.251998901367188,-34.54359817504883,8.0
817,-62.703399658203125,21.390228271484375,4.0
818,22.3172550201416,-10.459288597106934,1.0
819,-30.694299697875977,19.88909339904785,7.0
820,-35.55305862426758,17.050472259521484,7.0
821,-8.390449523925781,7.66978120803833,3.0
822,-19.36939239501953,0.9501934051513672,5.0
823,19.94719886779785,-7.761251449584961,1.0
824,14.174779891967773,22.759662628173828,0.0
825,12.635048866271973,25.447280883789062,0.0
826,-11.259634971618652,18.588529586791992,2.0
827,-4.827601432800293,35.38862609863281,2.0
828,-31.378158569335938,20.8399600982666,7.0
829,14.924628257751465,-34.6307487487793,8.0
830,-6.717716693878174,37.0852165222168,2.0
831,12.178496360778809,21.655973434448242,0.0
832,-44.57361602783203,-27.610549926757812,1.0
833,-5.926472187042236,27.81949806213379,2.0
834,37.240386962890625,-2.011474370956421,6.0
835,-8.5310697555542,7.446787357330322,3.0
836,-10.659266471862793,6.1475419998168945,3.0
837,-34.91932678222656,18.285436630249023,7.0
838,2.5990846157073975,-0.5115204453468323,3.0
839,1.83962881565094,2.177543878555298,3.0
840,-62.32322311401367,9.91137981414795,4.0
841,35.517879486083984,-1.6933842897415161,6.0
842,-13.448349952697754,-8.981704711914062,6.0
843,-10.606865882873535,-8.445388793945312,6.0
844,-63.61065673828125,6.548145771026611,4.0
845,-3.60966420173645,-25.69559097290039,9.0
846,19.181583404541016,-12.368134498596191,1.0
847,-24.426942825317383,7.496115207672119,5.0
848,18.80919075012207,13.702717781066895,0.0
849,2.1316120624542236,-27.12749671936035,9.0
850,-24.40226936340332,7.30703592300415,5.0
851,-4.834876537322998,36.61652374267578,2.0
852,15.8707914352417,-32.00250244140625,8.0
853,-4.120417594909668,34.045379638671875,2.0
854,20.33806800842285,13.02212905883789,0.0
855,21.374164581298828,23.758745193481445,0.0
856,22.08035659790039,-6.158666610717773,1.0
857,-34.57695388793945,17.12211799621582,7.0
858,49.017913818359375,-1.635982632637024,6.0
859,-2.281367063522339,2.869262456893921,3.0
860,10.400774955749512,-16.47804069519043,2.0
861,18.10375213623047,-10.22515869140625,1.0
862,-31.53634262084961,26.50433349609375,7.0
863,-60.39179992675781,23.11444664001465,4.0
864,35.6245002746582,3.2019481658935547,6.0
865,-10.042094230651855,5.155515670776367,3.0
866,16.300413131713867,-10.463644981384277,1.0
867,5.630015850067139,4.538114547729492,3.0
868,0.2809268534183502,-14.652015686035156,9.0
869,14.55644416809082,-8.32852840423584,1.0
870,-31.18807029724121,20.828630447387695,7.0
871,39.03071975708008,-0.08999742567539215,6.0
872,34.316654205322266,-13.178179740905762,8.0
873,18.010425567626953,46.29677200317383,4.0
874,-4.9461750984191895,3.4755852222442627,3.0
875,16.400142669677734,-7.1200151443481445,1.0
876,-64.81949615478516,26.584909439086914,4.0
877,14.344503402709961,20.8756046295166,0.0
878,4.1271257400512695,30.148170471191406,5.0
879,7.236696720123291,1.9259424209594727,3.0
880,35.74180221557617,-2.9133574962615967,6.0
881,-6.276068210601807,-18.4724178314209,9.0
882,48.738685607910156,-3.7640411853790283,6.0
883,18.806926727294922,-12.595887184143066,1.0
884,-31.52327537536621,15.311070442199707,7.0
885,-26.95145606994629,-0.3961661159992218,5.0
886,-63.417720794677734,7.3609232902526855,4.0
887,-62.53631591796875,20.728801727294922,4.0
888,-35.111534118652344,17.617870330810547,7.0
889,-4.4364705085754395,36.45481491088867,2.0
890,16.30476951599121,-37.37278747558594,8.0
891,10.95994758605957,-17.299694061279297,2.0
892,-3.1176373958587646,20.384742736816406,2.0
893,3.730207681655884,36.38938522338867,5.0
894,-36.12602996826172,24.377544403076172,7.0
895,-7.430824279785156,-8.925024032592773,9.0
896,-26.16375160217285,-0.13465797901153564,5.0
897,15.978886604309082,46.135902404785156,4.0
898,16.37950325012207,-37.278404235839844,8.0
899,0.1559453010559082,-7.459502696990967,8.0
900,15.638629913330078,46.33309555053711,4.0
901,-7.424131393432617,-8.932755470275879,9.0
902,18.44152069091797,16.34388542175293,0.0
903,16.142107009887695,-38.562469482421875,8.0
904,-0.8721445202827454,-13.217873573303223,9.0
905,35.4940185546875,-14.274937629699707,8.0
906,-44.70255661010742,-26.529664993286133,1.0
907,-16.9349365234375,24.61287498474121,2.0
908,-5.387491703033447,9.795379638671875,3.0
909,-59.171424865722656,24.534061431884766,4.0
910,-23.464710235595703,-12.953461647033691,5.0
911,47.08428192138672,-3.955838680267334,6.0
912,-35.953731536865234,11.785236358642578,7.0
913,24.97006607055664,-28.239091873168945,8.0
914,-10.596285820007324,-17.110591888427734,9.0
915,18.36177635192871,24.132577896118164,0.0
916,-43.39704132080078,-27.490131378173828,1.0
917,-3.694723606109619,31.064332962036133,2.0
918,-8.15601634979248,10.920049667358398,3.0
919,17.795969009399414,46.33753204345703,4.0
920,-17.69285774230957,-16.947038650512695,5.0
921,50.945411682128906,-2.6903469562530518,6.0
922,-35.42152404785156,6.739160060882568,7.0
923,27.80999755859375,-33.56632995605469,8.0
924,-0.3135690689086914,-23.0076904296875,9.0
925,18.66907501220703,23.292142868041992,0.0
926,-46.2089729309082,-27.00332260131836,1.0
927,-17.526351928710938,22.578474044799805,2.0
928,-7.777022838592529,-1.0877803564071655,3.0
929,-56.3646125793457,28.52763557434082,4.0
930,-13.316837310791016,-17.78887367248535,5.0
931,49.37007141113281,-0.025601860135793686,6.0
932,-37.57371139526367,8.453123092651367,7.0
933,29.24173927307129,-33.73617935180664,8.0
934,-2.4345734119415283,-23.347270965576172,9.0
935,26.279314041137695,19.078231811523438,0.0
936,-5.566559314727783,-15.252217292785645,9.0
937,-16.867752075195312,-13.597370147705078,5.0
938,-19.43377113342285,-14.474808692932129,5.0
939,45.89358901977539,-1.9191114902496338,6.0
940,-14.607409477233887,-17.74110984802246,5.0
941,19.69147491455078,25.094858169555664,0.0
942,-4.279853343963623,-17.204227447509766,9.0
943,28.231891632080078,-32.98251724243164,8.0
944,-8.670113563537598,-15.23828125,9.0
945,25.3320369720459,-32.53068542480469,8.0
946,-20.445802688598633,52.725975036621094,4.0
947,-41.35729217529297,-23.658571243286133,1.0
948,-35.47004699707031,8.30920696258545,7.0
949,-41.02912521362305,9.629030227661133,7.0
950,-9.366467475891113,11.285308837890625,3.0
951,-15.544392585754395,-18.573049545288086,5.0
952,-42.70599365234375,-25.48933219909668,1.0
953,-17.902231216430664,22.37196922302246,2.0
954,-35.529335021972656,7.07429313659668,7.0
955,25.264890670776367,-35.706539154052734,8.0
956,-38.91929244995117,-19.791927337646484,2.0
957,20.722715377807617,23.86136817932129,0.0
958,-42.622283935546875,-26.17305564880371,1.0
959,-41.58293151855469,-16.244609832763672,2.0
960,47.28388595581055,-4.165305137634277,6.0
961,-6.451740264892578,8.68552303314209,3.0
962,-8.376643180847168,11.053571701049805,3.0
963,-36.91951370239258,7.2148308753967285,7.0
964,-4.994631767272949,10.335927963256836,3.0
965,-14.905974388122559,3.6526596546173096,3.0
966,-56.125179290771484,28.878019332885742,4.0
967,43.011993408203125,0.6455962061882019,6.0
968,45.35556411743164,-2.880384922027588,6.0
969,46.46349334716797,-3.6203784942626953,6.0
970,-56.30110168457031,28.56766128540039,4.0
971,-9.795548439025879,-17.53641128540039,9.0
972,-41.420509338378906,-24.20163345336914,1.0
973,-18.956146240234375,-15.134496688842773,5.0
974,22.446073532104492,25.29531478881836,0.0
975,-10.138370513916016,-17.240459442138672,9.0
976,-18.075603485107422,-15.72803020477295,5.0
977,-40.52461242675781,-14.018214225769043,2.0
978,27.030719757080078,-32.55433654785156,8.0
979,-39.028411865234375,-19.99994659423828,2.0
980,15.964555740356445,26.57488250732422,0.0
981,26.02349281311035,29.418167114257812,0.0
982,-42.12820816040039,-25.357715606689453,1.0
983,-37.97845458984375,13.31893539428711,7.0
984,46.435279846191406,-2.20916485786438,6.0
985,-4.377299785614014,11.19432544708252,3.0
986,-17.408206939697266,24.727140426635742,2.0
987,-44.11050033569336,-26.84469985961914,1.0
988,3.6005454063415527,18.48452377319336,4.0
989,41.830772399902344,6.568583011627197,6.0
990,-6.013736248016357,8.878612518310547,3.0
991,-42.00605010986328,-25.111408233642578,1.0
992,-14.543063163757324,1.2677923440933228,3.0
993,-4.548558712005615,-17.315153121948242,9.0
994,-40.31917953491211,-25.474016189575195,1.0
995,-37.47915267944336,7.230101108551025,7.0
996,44.343692779541016,2.5841057300567627,6.0
997,24.831480026245117,-39.47246551513672,8.0
998,-16.04413414001465,53.51525115966797,4.0
999,-8.610788345336914,8.915043830871582,3.0
1000,-40.865867614746094,-24.722562789916992,1.0
1001,-20.09436798095703,55.13819122314453,4.0
1002,20.7108154296875,25.293663024902344,0.0
1003,-22.651744842529297,-8.198988914489746,5.0
1004,-14.910810470581055,3.683471441268921,3.0
1005,47.4489860534668,0.20517264306545258,6.0
1006,-1.4083940982818604,-22.804658889770508,9.0
1007,46.54172897338867,1.7836318016052246,6.0
1008,-43.042476654052734,-26.465307235717773,1.0
1009,-25.925153732299805,39.087894439697266,7.0
1010,-15.944562911987305,-17.488950729370117,5.0
1011,-58.670326232910156,25.16136932373047,4.0
1012,-18.945606231689453,55.672035217285156,4.0
1013,-35.291099548339844,9.118830680847168,7.0
1014,-19.024614334106445,25.09089469909668,2.0
1015,28.612361907958984,-34.69702911376953,8.0
1016,-42.19548797607422,-16.62420654296875,2.0
1017,-9.594719886779785,30.7233943939209,2.0
1018,-15.700637817382812,-17.561622619628906,5.0
1019,-36.60806655883789,12.626378059387207,7.0
1020,-6.43097448348999,-16.37822151184082,9.0
1021,-18.67755126953125,-13.551078796386719,5.0
1022,-45.71419906616211,-1.7311575412750244,4.0
1023,-16.81537628173828,53.463897705078125,4.0
1024,-11.520068168640137,-30.651458740234375,9.0
1025,18.325708389282227,28.106689453125,0.0
1026,23.869064331054688,-37.40079879760742,8.0
1027,-0.29349884390830994,-23.341796875,9.0
1028,28.841358184814453,-32.50553894042969,8.0
1029,16.61121940612793,18.918869018554688,0.0
1030,21.380571365356445,-11.215060234069824,1.0
1031,-10.725098609924316,26.585058212280273,2.0
1032,-4.247976779937744,5.420980930328369,3.0
1033,-17.494142532348633,53.8396110534668,4.0
1034,-1.9154767990112305,14.785161018371582,5.0
1035,51.79044723510742,0.36412256956100464,6.0
1036,-33.463783264160156,10.652148246765137,7.0
1037,24.14507293701172,-5.172784328460693,8.0
1038,-5.281606674194336,14.1368408203125,9.0
1039,26.104164123535156,19.65330696105957,0.0
1040,20.75551986694336,-8.827704429626465,1.0
1041,-18.862064361572266,16.748422622680664,2.0
1042,-4.255814075469971,6.735302448272705,3.0
1043,14.902053833007812,38.431026458740234,4.0
1044,5.1911234855651855,37.20298385620117,5.0
1045,48.56329345703125,2.858607769012451,6.0
1046,-35.49212646484375,9.27499008178711,7.0
1047,20.63719940185547,-27.428390502929688,8.0
1048,-14.473933219909668,-29.880250930786133,9.0
1049,31.502017974853516,16.445310592651367,0.0
1050,16.13222312927246,-5.999221324920654,1.0
1051,-42.734527587890625,-17.148576736450195,2.0
1052,-1.4161185026168823,5.64514684677124,3.0
1053,-20.655141830444336,51.62715530395508,4.0
1054,-28.0089054107666,-16.441261291503906,5.0
1055,42.41223907470703,2.6221494674682617,6.0
1056,-32.43608856201172,10.410196304321289,7.0
1057,35.8721809387207,-26.54077911376953,8.0
1058,-15.267463684082031,-14.541179656982422,9.0
1059,28.535982131958008,22.526351928710938,0.0
1060,3.72123646736145,-30.111486434936523,9.0
1061,24.92693519592285,-1.1360234022140503,5.0
1062,4.5168232917785645,-38.22164535522461,5.0
1063,37.84391784667969,-4.909426212310791,6.0
1064,24.80309295654297,-1.1237634420394897,5.0
1065,26.835786819458008,19.49356460571289,0.0
1066,-14.291617393493652,-29.230863571166992,9.0
1067,30.757871627807617,-34.47776794433594,8.0
1068,5.23701810836792,-30.706865310668945,9.0
1069,27.637226104736328,-23.693994522094727,8.0
1070,15.000627517700195,38.395145416259766,4.0
1071,18.79890251159668,-10.371254920959473,1.0
1072,-38.07479476928711,8.04170036315918,7.0
1073,-35.70746994018555,15.654892921447754,7.0
1074,-0.6687106490135193,7.472279071807861,3.0
1075,-22.546030044555664,-8.556666374206543,5.0
1076,15.231325149536133,-7.823192119598389,1.0
1077,28.819366455078125,27.649667739868164,0.0
1078,29.59054183959961,28.458171844482422,0.0
1079,-31.741395950317383,9.733722686767578,7.0
1080,20.521581649780273,-27.671966552734375,8.0
1081,-43.55827713012695,-14.981471061706543,2.0
1082,20.706090927124023,28.461355209350586,0.0
1083,14.288687705993652,-13.219791412353516,1.0
1084,-41.56867218017578,-14.659303665161133,2.0
1085,41.336669921875,-6.399302959442139,6.0
1086,53.2572135925293,-22.138904571533203,3.0
1087,2.0484347343444824,0.6120628118515015,3.0
1088,-24.560455322265625,37.16209411621094,7.0
1089,-4.818523406982422,-6.110377788543701,3.0
1090,-1.0563358068466187,7.353239059448242,3.0
1091,-19.432615280151367,53.01188659667969,4.0
1092,50.10796356201172,-10.292121887207031,6.0
1093,42.264686584472656,5.779497146606445,6.0
1094,46.74534606933594,10.148194313049316,6.0
1095,-18.770652770996094,47.272727966308594,4.0
1096,-14.551558494567871,-30.458585739135742,9.0
1097,13.96931266784668,-6.286530494689941,1.0
1098,26.680723190307617,-1.1484788656234741,5.0
1099,27.7023868560791,22.373502731323242,0.0
1100,5.968469142913818,-22.88133430480957,9.0
1101,-23.57579231262207,-1.994156002998352,5.0
1102,-14.43846321105957,34.04905700683594,2.0
1103,32.7234001159668,-27.424789428710938,8.0
1104,-44.809574127197266,-16.294986724853516,2.0
1105,20.27085304260254,29.077974319458008,0.0
1106,21.970823287963867,28.25562858581543,0.0
1107,15.087560653686523,-8.713403701782227,1.0
1108,-45.77461624145508,30.029348373413086,7.0
1109,49.23414993286133,-11.619667053222656,6.0
1110,-2.975308656692505,6.901647090911865,3.0
1111,-12.49314022064209,31.5015811920166,2.0
1112,15.208255767822266,-3.8708443641662598,1.0
1113,-24.11672019958496,36.58324432373047,7.0
1114,-20.496767044067383,51.305294036865234,4.0
1115,50.96543884277344,-10.75075626373291,6.0
1116,-3.004899263381958,6.922678470611572,3.0
1117,19.38768196105957,-11.153227806091309,1.0
1118,-13.907659530639648,11.70963191986084,3.0
1119,-13.842899322509766,-28.851396560668945,9.0
1120,17.200275421142578,-6.9597344398498535,1.0
1121,-34.355430603027344,9.057382583618164,7.0
1122,51.68285369873047,3.367368221282959,6.0
1123,32.42653274536133,-27.371021270751953,8.0
1124,-20.707040786743164,50.89684295654297,4.0
1125,-2.9830453395843506,7.818969249725342,3.0
1126,14.633295059204102,-9.683854103088379,1.0
1127,-54.55978775024414,18.26211166381836,4.0
1128,16.5136661529541,17.35481071472168,0.0
1129,4.909590721130371,-12.231392860412598,5.0
1130,-1.046222448348999,6.049132347106934,3.0
1131,39.34141540527344,-10.962774276733398,6.0
1132,-11.318737030029297,-26.79375648498535,9.0
1133,43.722984313964844,3.604459285736084,6.0
1134,15.39658260345459,-8.25806713104248,1.0
1135,-25.282962799072266,38.0026741027832,7.0
1136,27.03511619567871,-1.5317269563674927,5.0
1137,-57.334468841552734,14.404223442077637,4.0
1138,-19.337894439697266,53.40263366699219,4.0
1139,-32.48308181762695,22.23025131225586,7.0
1140,-11.851696968078613,31.347654342651367,2.0
1141,26.26630401611328,-24.123554229736328,8.0
1142,-19.05916404724121,16.880971908569336,2.0
1143,-39.42393493652344,-20.313282012939453,2.0
1144,-1.9434813261032104,14.716668128967285,5.0
1145,-25.132713317871094,37.899024963378906,7.0
1146,-6.141833782196045,-23.632278442382812,9.0
1147,27.09563636779785,-1.6245664358139038,5.0
1148,-54.924190521240234,16.9379940032959,4.0
1149,-24.933534622192383,18.15869903564453,8.0
1150,37.56995391845703,15.190888404846191,8.0
1151,-21.529651641845703,50.26804733276367,4.0
1152,-15.814056396484375,-28.057723999023438,9.0
1153,27.120220184326172,26.498245239257812,0.0
1154,35.91236114501953,-27.44100570678711,8.0
1155,-11.52795124053955,-27.049556732177734,9.0
1156,35.83893966674805,-27.16063690185547,8.0
1157,24.739423751831055,17.456960678100586,0.0
1158,0.049718331545591354,-47.557861328125,1.0
1159,-11.102362632751465,22.30645179748535,2.0
1160,-6.788932800292969,-2.44791579246521,3.0
1161,-53.920066833496094,19.220754623413086,4.0
1162,-18.623106002807617,-6.536399841308594,5.0
1163,49.376216888427734,1.058416485786438,6.0
1164,-43.20768737792969,30.468891143798828,7.0
1165,43.03544235229492,23.853618621826172,8.0
1166,-4.659086227416992,-30.13922691345215,9.0
1167,15.505147933959961,18.40407943725586,0.0
1168,-0.14435245096683502,-47.49544906616211,1.0
1169,-40.60832595825195,-15.997602462768555,2.0
1170,5.072167873382568,-2.2605252265930176,3.0
1171,-60.91529846191406,22.305919647216797,4.0
1172,-4.851644039154053,-35.05259323120117,5.0
1173,42.87773513793945,-10.590252876281738,6.0
1174,-37.11188507080078,19.687158584594727,7.0
1175,18.345409393310547,-19.755189895629883,8.0
1176,47.415096282958984,12.881692886352539,9.0
1177,13.624103546142578,19.630544662475586,0.0
1178,4.677635669708252,-47.45751953125,1.0
1179,-2.411003828048706,22.290220260620117,2.0
1180,-6.621853828430176,-5.342830657958984,3.0
1181,-49.98433303833008,11.86083698272705,4.0
1182,-26.698713302612305,4.010204792022705,5.0
1183,42.01655197143555,6.067490100860596,6.0
1184,-31.259498596191406,31.93766212463379,7.0
1185,19.4581356048584,-18.64950942993164,8.0
1186,-4.513810634613037,-30.211082458496094,9.0
1187,11.935965538024902,15.655254364013672,0.0
1188,3.3219943046569824,-23.2934627532959,9.0
1189,-21.73685073852539,-7.710907459259033,5.0
1190,3.6517629623413086,35.720794677734375,5.0
1191,46.73219299316406,10.303740501403809,6.0
1192,3.362198829650879,38.200721740722656,5.0
1193,11.274993896484375,22.93187713623047,0.0
1194,15.819438934326172,5.272730827331543,9.0
1195,17.431997299194336,-20.630779266357422,8.0
1196,3.373000144958496,-22.43338394165039,9.0
1197,21.060455322265625,-15.96898365020752,8.0
1198,-59.05417251586914,24.475854873657227,4.0
1199,18.94423484802246,-7.897022724151611,1.0
1200,-44.972347259521484,29.45252227783203,7.0
1201,-41.467769622802734,31.05010986328125,7.0
1202,12.296780586242676,5.87914514541626,3.0
1203,-17.635883331298828,-3.552609443664551,5.0
1204,3.3950142860412598,-47.279396057128906,1.0
1205,9.8831205368042,19.782066345214844,0.0
1206,10.734750747680664,19.822898864746094,0.0
1207,-11.790170669555664,29.548734664916992,2.0
1208,-3.6890101432800293,21.186397552490234,2.0
1209,-38.255836486816406,27.43817710876465,7.0
1210,23.63184928894043,-23.63247299194336,8.0
1211,-6.756448268890381,36.16621398925781,2.0
1212,12.447700500488281,15.269510269165039,0.0
1213,12.005654335021973,-5.967862129211426,1.0
1214,-11.543704986572266,28.90018653869629,2.0
1215,45.262210845947266,12.51916217803955,6.0
1216,-6.603916168212891,-4.695226192474365,3.0
1217,0.21719102561473846,2.5551061630249023,3.0
1218,-43.665409088134766,32.30120849609375,7.0
1219,6.30963659286499,-0.8955242037773132,3.0
1220,2.385354518890381,3.557253360748291,3.0
1221,-65.29779052734375,22.04133415222168,4.0
1222,42.546775817871094,4.644223213195801,6.0
1223,39.98094940185547,-2.319507598876953,6.0
1224,40.12807083129883,-2.8392815589904785,6.0
1225,-54.57410430908203,17.192049026489258,4.0
1226,-8.442809104919434,-24.781604766845703,9.0
1227,15.509252548217773,-8.949156761169434,1.0
1228,-21.12482261657715,0.6767211556434631,5.0
1229,10.347753524780273,15.877725601196289,0.0
1230,-6.480784893035889,-27.839921951293945,9.0
1231,-21.044750213623047,-7.228331565856934,5.0
1232,-16.766202926635742,23.128847122192383,2.0
1233,19.266679763793945,-25.013200759887695,8.0
1234,-39.499725341796875,-12.49735164642334,2.0
1235,10.568815231323242,16.196748733520508,0.0
1236,12.172172546386719,15.51435661315918,0.0
1237,14.86570930480957,-6.437720775604248,1.0
1238,-43.9009895324707,29.914775848388672,7.0
1239,41.326698303222656,4.2108540534973145,6.0
1240,2.296485185623169,5.431011199951172,3.0
1241,-8.849929809570312,18.06070327758789,2.0
1242,4.955609321594238,-46.845787048339844,1.0
1243,-41.95295715332031,27.386079788208008,7.0
1244,-56.45097732543945,13.558832168579102,4.0
1245,41.48942565917969,4.569971561431885,6.0
1246,6.0407328605651855,3.323599100112915,3.0
1247,16.209875106811523,-9.565916061401367,1.0
1248,42.857147216796875,23.902292251586914,3.0
1249,3.4468295574188232,-22.157691955566406,9.0
1250,16.22139549255371,-9.404597282409668,1.0
1251,-37.18600082397461,27.24978256225586,7.0
1252,43.689022064208984,6.384335041046143,6.0
1253,21.350425720214844,-19.657588958740234,8.0
1254,-55.987735748291016,13.056236267089844,4.0
1255,-2.2081692218780518,2.9376931190490723,3.0
1256,13.813474655151367,-10.280952453613281,1.0
1257,-59.25548553466797,21.28514289855957,4.0
1258,26.897375106811523,11.439363479614258,0.0
1259,0.5477098226547241,40.71621322631836,5.0
1260,2.1787712574005127,5.600449562072754,3.0
1261,38.659202575683594,-1.1563071012496948,6.0
1262,-6.856877326965332,-27.86397361755371,9.0
1263,46.769081115722656,11.143379211425781,6.0
1264,53.3287467956543,-23.072397232055664,1.0
1265,-44.29607009887695,31.241735458374023,7.0
1266,-25.363304138183594,1.985305905342102,5.0
1267,-62.152130126953125,23.782026290893555,4.0
1268,-19.464496612548828,54.950233459472656,4.0
1269,-34.15239715576172,30.36448097229004,7.0
1270,-7.039183139801025,35.3333854675293,2.0
1271,53.10734558105469,-21.19645118713379,8.0
1272,-8.920768737792969,36.32302474975586,2.0
1273,43.36275863647461,25.599267959594727,2.0
1274,-30.30848503112793,-3.0935890674591064,5.0
1275,-32.175777435302734,28.24468994140625,7.0
1276,-6.304417610168457,-27.497024536132812,9.0
1277,-18.90660285949707,4.371800899505615,5.0
1278,-56.51811218261719,11.53049087524414,4.0
1279,19.285600662231445,-17.86514663696289,8.0
1280,21.47311019897461,-16.582517623901367,8.0
1281,-49.28822326660156,12.064946174621582,4.0
1282,-4.121176242828369,-14.757339477539062,9.0
1283,9.861041069030762,17.4054012298584,0.0
1284,20.75977325439453,-18.081077575683594,8.0
1285,1.5397177934646606,-18.47064781188965,9.0
1286,21.361347198486328,-19.241182327270508,8.0
1287,31.74796485900879,16.09884262084961,0.0
1288,-0.6568794846534729,-52.43171691894531,1.0
1289,-43.852394104003906,-14.306159973144531,2.0
1290,1.9557245969772339,4.619547367095947,3.0
1291,-66.18927764892578,26.318071365356445,4.0
1292,-17.88956642150879,-9.005831718444824,5.0
1293,46.557960510253906,13.481358528137207,6.0
1294,-43.7318000793457,28.728229522705078,7.0
1295,24.757442474365234,-22.66542625427246,8.0
1296,-5.709582805633545,-30.590085983276367,9.0
1297,26.92599868774414,15.1221923828125,0.0
1298,3.7024106979370117,-47.197723388671875,1.0
1299,-41.55552291870117,-21.918790817260742,2.0
1300,2.771345615386963,0.48118263483047485,3.0
1301,-66.6181411743164,27.132217407226562,4.0
1302,-21.508081436157227,-4.246538162231445,5.0
1303,44.10292434692383,7.608755588531494,6.0
1304,-37.16039276123047,17.99444007873535,7.0
1305,43.356224060058594,25.56903839111328,8.0
1306,-2.8370296955108643,-21.589509963989258,9.0
1307,25.6950626373291,16.998672485351562,0.0
1308,-10.211848258972168,-45.833065032958984,1.0
1309,-42.270606994628906,-13.130191802978516,2.0
1310,-8.062463760375977,-2.862520456314087,3.0
1311,-66.76690673828125,27.503984451293945,4.0
1312,-18.656505584716797,-5.100686073303223,5.0
1313,47.84685516357422,13.916633605957031,6.0
1314,-36.689178466796875,19.168729782104492,7.0
1315,25.07509994506836,-17.488710403442383,8.0
1316,4.4978556632995605,-24.12771224975586,9.0
1317,24.597204208374023,28.066972732543945,0.0
1318,3.140488386154175,-25.57848358154297,9.0
1319,-20.564327239990234,-4.742318153381348,5.0
1320,-18.18434715270996,-5.360008716583252,5.0
1321,47.23393249511719,13.589978218078613,6.0
1322,-26.687288284301758,-9.367796897888184,5.0
1323,21.564943313598633,12.593053817749023,0.0
1324,1.5061153173446655,-26.113834381103516,9.0
1325,25.34217071533203,-18.201711654663086,8.0
1326,-9.992433547973633,-32.816524505615234,9.0
1327,26.385051727294922,-21.68791389465332,8.0
1328,-66.4753646850586,25.366458892822266,4.0
1329,12.072142601013184,-6.462809085845947,1.0
1330,-37.57170104980469,17.273056030273438,7.0
1331,-36.42169952392578,26.770244598388672,7.0
1332,-1.5858585834503174,-3.723954916000366,3.0
1333,-19.584590911865234,-4.7120184898376465,5.0
1334,14.791275978088379,-5.076496601104736,1.0
1335,22.46087074279785,17.667003631591797,0.0
1336,22.887298583984375,17.362138748168945,0.0
1337,-44.86784362792969,-16.47843360900879,2.0
1338,-44.57427978515625,-17.37253761291504,2.0
1339,-36.875450134277344,19.036659240722656,7.0
1340,24.11996841430664,-22.927886962890625,8.0
1341,-40.728824615478516,-22.15717887878418,2.0
1342,12.839447021484375,21.455615997314453,0.0
1343,0.16096478700637817,-48.14608383178711,1.0
1344,-43.98127365112305,-17.376070022583008,2.0
1345,36.7118034362793,1.1821856498718262,6.0
1346,6.668084144592285,2.237382173538208,3.0
1347,-2.1917426586151123,-5.679576396942139,3.0
1348,-42.132049560546875,29.017627716064453,7.0
1349,-3.2548553943634033,-7.077951908111572,3.0
1350,-3.745313882827759,-6.118724346160889,3.0
1351,-66.53821563720703,25.439619064331055,4.0
1352,36.31694030761719,1.360914707183838,6.0
1353,35.93801498413086,3.188037633895874,6.0
1354,37.96225357055664,0.18565405905246735,6.0
1355,-61.83131790161133,25.39983367919922,4.0
1356,-7.202794075012207,-17.637588500976562,9.0
1357,15.599532127380371,-5.2431511878967285,1.0
1358,-18.110504150390625,-5.0864763259887695,5.0
1359,14.63681697845459,16.653779983520508,0.0
1360,-3.8694207668304443,-21.772130966186523,9.0
1361,43.45087432861328,-14.33217716217041,5.0
1362,-13.810540199279785,30.83058738708496,2.0
1363,28.825420379638672,-11.856830596923828,8.0
1364,-14.106027603149414,39.52456283569336,2.0
1365,16.27088737487793,18.331933975219727,0.0
1366,23.40413475036621,18.41065788269043,0.0
1367,1.3468048572540283,-47.28857421875,1.0
1368,-42.688663482666016,30.414474487304688,7.0
1369,39.05087661743164,3.1774356365203857,6.0
1370,-0.7430645227432251,-0.35619744658470154,3.0
1371,-41.99935531616211,-18.06063461303711,2.0
1372,16.299036026000977,-2.990556478500366,1.0
1373,-30.62540626525879,19.665315628051758,7.0
1374,-62.060420989990234,25.714157104492188,4.0
1375,47.85297393798828,13.807631492614746,6.0
1376,-1.3850135803222656,1.617300033569336,3.0
1377,13.836849212646484,-5.469752788543701,1.0
1378,-6.73622465133667,1.67310631275177,3.0
1379,-3.510380268096924,-15.488327026367188,9.0
1380,16.43255043029785,-3.910144329071045,1.0
1381,-38.807315826416016,16.636140823364258,7.0
1382,39.26386260986328,4.76797342300415,6.0
1383,23.385746002197266,-19.18462371826172,8.0
1384,-66.90218353271484,25.433576583862305,4.0
1385,-2.688476800918579,-5.4912943840026855,3.0
1386,14.162476539611816,-7.508378982543945,1.0
1387,-55.83707809448242,13.91254997253418,4.0
1388,25.617162704467773,16.831066131591797,0.0
1389,5.739269256591797,-11.12872314453125,5.0
1390,-6.377927303314209,-2.4662530422210693,3.0
1391,32.99245834350586,6.070558071136475,6.0
1392,14.288036346435547,31.543420791625977,9.0
1393,45.968299865722656,13.415449142456055,6.0
1394,11.830343246459961,-7.296065330505371,1.0
1395,-41.03866195678711,20.60448455810547,7.0
1396,-25.55385971069336,-9.027484893798828,5.0
1397,-58.669803619384766,9.214656829833984,4.0
1398,-58.91965103149414,9.252345085144043,4.0
1399,-34.449974060058594,31.40463638305664,7.0
1400,-44.80887985229492,-18.367374420166016,2.0
1401,24.833431243896484,-19.839208602905273,8.0
1402,-43.458274841308594,-15.433049201965332,2.0
1403,-43.24208068847656,-18.58341407775879,2.0
1404,-17.144262313842773,-4.921653747558594,5.0
1405,-37.563987731933594,28.075490951538086,7.0
1406,4.238295078277588,-24.635408401489258,9.0
1407,-27.406911849975586,-9.542019844055176,5.0
1408,-59.50931930541992,8.609624862670898,4.0
1409,25.912513732910156,-21.40907859802246,8.0
1410,22.842782974243164,-22.032516479492188,8.0
1411,-61.78302764892578,25.667417526245117,4.0
1412,14.284770011901855,30.86319923400879,9.0
1413,22.119070053100586,15.475687026977539,0.0
1414,23.731937408447266,-17.566431045532227,8.0
1415,22.808624267578125,24.328632354736328,0.0
1416,-2.6408092975616455,-53.351356506347656,1.0
1417,-8.666899681091309,27.174442291259766,2.0
1418,-10.504387855529785,2.3461720943450928,3.0
1419,-64.73394012451172,13.097728729248047,4.0
1420,-18.913084030151367,-11.552845001220703,5.0
1421,48.36374282836914,2.586238384246826,6.0
1422,-39.3040771484375,11.293490409851074,7.0
1423,21.611135482788086,-37.705257415771484,8.0
1424,-6.205799102783203,-13.048251152038574,9.0
1425,28.113588333129883,24.812522888183594,0.0
1426,-5.056161403656006,-52.976993560791016,1.0
1427,-4.358104228973389,29.99115562438965,2.0
1428,-8.194255828857422,-0.01999390311539173,3.0
1429,-64.36294555664062,9.521875381469727,4.0
1430,-17.5341854095459,-10.572731971740723,5.0
1431,47.95012664794922,1.7950538396835327,6.0
1432,-40.471622467041016,11.087677001953125,7.0
1433,23.698528289794922,-37.80612564086914,8.0
1434,5.873861312866211,22.114688873291016,9.0
1435,16.59145736694336,24.254858016967773,0.0
1436,-4.029123783111572,-49.512054443359375,1.0
1437,-6.494705677032471,30.671234130859375,2.0
1438,-10.122955322265625,5.3292622566223145,3.0
1439,-63.490299224853516,12.269132614135742,4.0
1440,-13.43156623840332,-12.272705078125,5.0
1441,48.58454132080078,1.1370054483413696,6.0
1442,-39.959842681884766,10.714567184448242,7.0
1443,22.844093322753906,-38.58644485473633,8.0
1444,-7.067495822906494,-13.75992202758789,9.0
1445,27.544002532958984,23.936826705932617,0.0
1446,-6.967830657958984,-13.857837677001953,9.0
1447,-17.593643188476562,-10.549320220947266,5.0
1448,-18.337026596069336,-11.509281158447266,5.0
1449,43.76615524291992,0.2588019073009491,6.0
1450,-17.784589767456055,-10.68790054321289,5.0
1451,25.634668350219727,21.57529640197754,0.0
1452,-4.566127300262451,-13.490389823913574,9.0
1453,22.804401397705078,-34.201805114746094,8.0
1454,-7.433157444000244,-11.951980590820312,9.0
1455,20.482643127441406,-33.24755859375,8.0
1456,-60.730247497558594,11.324880599975586,4.0
1457,-6.1453447341918945,-49.964237213134766,1.0
1458,-37.06617736816406,14.420660018920898,7.0
1459,-35.8151741027832,14.471418380737305,7.0
1460,-7.151876449584961,4.001384258270264,3.0
1461,-20.65283203125,-17.707294464111328,5.0
1462,-6.369660377502441,-51.45664978027344,1.0
1463,20.92205238342285,22.16834831237793,0.0
1464,21.024276733398438,21.86997413635254,0.0
1465,-2.417473793029785,27.83165740966797,2.0
1466,-8.651270866394043,27.158905029296875,2.0
1467,-41.6163215637207,10.56607437133789,7.0
1468,14.031275749206543,-34.77191925048828,8.0
1469,-5.494652271270752,30.556180953979492,2.0
1470,24.50197410583496,28.74008560180664,0.0
1471,-4.303769111633301,-53.88032913208008,1.0
1472,-5.361417770385742,27.90721321105957,2.0
1473,49.4980354309082,2.6394476890563965,6.0
1474,-6.769855976104736,-0.6914940476417542,3.0
1475,-7.537914752960205,2.8719606399536133,3.0
1476,-39.5650749206543,12.106620788574219,7.0
1477,-8.037376403808594,0.36861664056777954,3.0
1478,-6.479287147521973,7.713891506195068,3.0
1479,-65.07781219482422,9.910746574401855,4.0
1480,46.818565368652344,0.02674107626080513,6.0
1481,50.469627380371094,-2.055598497390747,6.0
1482,47.63209915161133,-1.2798571586608887,6.0
1483,-61.382328033447266,11.095599174499512,4.0
1484,-8.767104148864746,-14.285865783691406,9.0
1485,-4.0734453201293945,-53.80022048950195,1.0
1486,1.4750175476074219,15.803388595581055,5.0
1487,23.633018493652344,27.236980438232422,0.0
1488,-9.197802543640137,-13.139835357666016,9.0
1489,-15.86050796508789,-6.170732021331787,5.0
1490,-6.458385944366455,28.66546058654785,2.0
1491,19.745527267456055,-34.90869140625,8.0
1492,-5.5305914878845215,29.888370513916016,2.0
1493,24.483928680419922,29.0369873046875,0.0
1494,20.482553482055664,22.49172019958496,0.0
1495,-4.443271160125732,-54.50163650512695,1.0
1496,-37.72145080566406,15.384749412536621,7.0
1497,47.139434814453125,1.9223089218139648,6.0
1498,-5.142467498779297,2.814762830734253,3.0
1499,-5.78000020980835,31.615901947021484,2.0
1500,-2.1444125175476074,-53.23896789550781,1.0
1501,-34.01650619506836,14.365321159362793,7.0
1502,-63.2890739440918,9.309194564819336,4.0
1503,46.99716567993164,2.90429425239563,6.0
1504,-2.4242494106292725,-0.08152738958597183,3.0
1505,-4.1890082359313965,-49.79451370239258,1.0
1506,-7.302854537963867,4.2199273109436035,3.0
1507,-4.622761249542236,-13.378070831298828,9.0
1508,-5.825887203216553,-52.357391357421875,1.0
1509,-37.02618408203125,14.49543285369873,7.0
1510,45.40765380859375,0.04649431258440018,6.0
1511,19.708314895629883,-34.016178131103516,8.0
1512,-63.76079559326172,11.660680770874023,4.0
1513,-7.352976322174072,3.053332567214966,3.0
1514,-6.2596211433410645,-51.78176498413086,1.0
1515,-62.817935943603516,12.859334945678711,4.0
1516,26.74707794189453,23.579439163208008,0.0
1517,-20.50398063659668,-17.729122161865234,5.0
1518,-4.92816686630249,2.5286121368408203,3.0
1519,44.71424102783203,-0.17314784228801727,6.0
1520,-8.568107604980469,-13.720612525939941,9.0
1521,41.08452224731445,-0.4680517613887787,6.0
1522,-3.803053379058838,-54.53284454345703,1.0
1523,-38.2062873840332,10.829789161682129,7.0
1524,-23.04985237121582,-17.7158145904541,5.0
1525,-63.37967300415039,9.977871894836426,4.0
1526,-63.2891845703125,15.406760215759277,4.0
1527,-40.06497573852539,11.638031959533691,7.0
1528,-7.786799907684326,30.6201171875,2.0
1529,18.311460494995117,-35.04426193237305,8.0
1530,-13.551907539367676,31.03596305847168,2.0
1531,-5.328210353851318,29.215877532958984,2.0
1532,-15.874521255493164,-7.483870506286621,5.0
1533,-38.34636688232422,11.084756851196289,7.0
1534,22.742748260498047,33.3807373046875,9.0
1535,-22.381160736083984,-12.190202713012695,5.0
1536,-63.86865997314453,10.336861610412598,4.0
1537,18.125242233276367,-36.032203674316406,8.0
1538,23.01280403137207,-36.60783004760742,8.0
1539,-62.25699996948242,9.348099708557129,4.0
1540,7.057788372039795,22.6295223236084,9.0
1541,21.41536521911621,22.785634994506836,0.0
1542,18.204864501953125,-34.98054885864258,8.0
1543,7.413384437561035,21.978042602539062,9.0
1544,22.263647079467773,-34.9819450378418,8.0
1545,22.87920570373535,15.841381072998047,0.0
1546,12.292819023132324,-8.310622215270996,1.0
1547,-17.586896896362305,19.32291030883789,2.0
1548,8.081316947937012,4.854637145996094,3.0
1549,-58.94825744628906,16.952850341796875,4.0
1550,0.5977103114128113,-37.19492721557617,5.0
1551,35.308677673339844,5.712587356567383,6.0
1552,11.22792911529541,-24.729610443115234,7.0
1553,2.807772397994995,-44.186180114746094,8.0
1554,-16.72740936279297,-48.56936264038086,9.0
1555,23.17299461364746,15.210759162902832,0.0
1556,13.201658248901367,-9.468563079833984,1.0
1557,-14.016284942626953,35.41638946533203,2.0
1558,5.348020553588867,-2.4424290657043457,3.0
1559,-53.261070251464844,18.315073013305664,4.0
1560,1.8212590217590332,-36.12467575073242,5.0
1561,37.19889450073242,6.666131496429443,6.0
1562,10.013017654418945,28.001752853393555,9.0
1563,19.996990203857422,11.424180030822754,0.0
1564,11.783084869384766,-11.976802825927734,1.0
1565,-13.845480918884277,35.3969612121582,2.0
1566,-0.20608583092689514,5.488659381866455,3.0
1567,-61.53371810913086,17.32398796081543,4.0
1568,3.7710328102111816,-37.356937408447266,5.0
1569,37.86912536621094,-8.515806198120117,6.0
1570,10.436027526855469,-24.589685440063477,7.0
1571,13.908356666564941,-16.077342987060547,8.0
1572,-26.091045379638672,42.530670166015625,9.0
1573,21.800268173217773,11.780888557434082,0.0
1574,-14.692160606384277,-52.84837341308594,9.0
1575,6.18475341796875,-38.451210021972656,5.0
1576,-30.71885871887207,1.665183424949646,5.0
1577,45.19801330566406,4.7727508544921875,6.0
1578,1.5928648710250854,-35.621559143066406,5.0
1579,25.4327335357666,15.215192794799805,0.0
1580,17.733057022094727,0.40507858991622925,9.0
1581,13.13317584991455,-13.905935287475586,8.0
1582,6.71536111831665,-38.22128677368164,9.0
1583,32.136558532714844,-20.276580810546875,8.0
1584,-57.088626861572266,19.968692779541016,4.0
1585,12.899027824401855,-5.2678680419921875,1.0
1586,-31.50851821899414,22.193824768066406,7.0
1587,-27.36212730407715,23.085697174072266,7.0
1588,5.40471887588501,7.346588611602783,3.0
1589,-29.583860397338867,0.08023860305547714,5.0
1590,13.195455551147461,-7.783252716064453,1.0
1591,23.33357810974121,13.212230682373047,0.0
1592,16.792037963867188,16.334644317626953,0.0
1593,-14.085225105285645,39.3914909362793,2.0
1594,-17.799821853637695,22.415063858032227,2.0
1595,-45.55189514160156,28.33810043334961,7.0
1596,23.2099609375,-21.611351013183594,8.0
1597,-45.369808197021484,-14.762495994567871,2.0
1598,24.10405158996582,15.285484313964844,0.0
1599,11.629247665405273,-11.854950904846191,1.0
1600,-3.3972537517547607,18.99251937866211,2.0
1601,36.51491165161133,5.423761367797852,6.0
1602,9.177078247070312,-8.387630462646484,3.0
1603,5.276280403137207,7.355892658233643,3.0
1604,-27.44398307800293,22.91827964782715,7.0
1605,9.089887619018555,0.9912158250808716,3.0
1606,20.6028995513916,-20.098257064819336,3.0
1607,-60.79937744140625,17.25956153869629,4.0
1608,36.57355880737305,-5.54703426361084,6.0
1609,35.53219223022461,-4.327332496643066,6.0
1610,38.33478546142578,3.9366400241851807,6.0
1611,10.62650203704834,-28.871023178100586,4.0
1612,-18.539081573486328,-48.06405258178711,9.0
1613,13.90517520904541,-6.922058582305908,1.0
1614,2.7781982421875,-36.59648513793945,5.0
1615,23.42298698425293,14.174945831298828,0.0
1616,-9.44455337524414,-19.145832061767578,9.0
1617,6.107443809509277,-12.290584564208984,5.0
1618,-37.2871208190918,-33.16151809692383,2.0
1619,28.629920959472656,-19.736446380615234,8.0
1620,20.316635131835938,27.521221160888672,0.0
1621,12.776516914367676,-7.071556568145752,1.0
1622,-43.47496032714844,27.540576934814453,7.0
1623,36.3602180480957,5.329656600952148,6.0
1624,0.5654860138893127,0.8627014756202698,3.0
1625,-9.828462600708008,21.56231117248535,2.0
1626,11.35048770904541,-5.503756046295166,1.0
1627,-29.671955108642578,21.41537857055664,7.0
1628,10.714430809020996,-28.81553840637207,4.0
1629,35.50798416137695,-4.244805812835693,6.0
1630,7.908200740814209,5.011807441711426,3.0
1631,11.847921371459961,-4.691869735717773,1.0
1632,-2.256216049194336,-9.692024230957031,3.0
1633,9.19805908203125,-36.429176330566406,9.0
1634,12.63541316986084,-6.389464378356934,1.0
1635,-27.135900497436523,24.20330047607422,7.0
1636,48.83964538574219,7.25006103515625,6.0
1637,32.44666290283203,-19.986248016357422,8.0
1638,-58.69541549682617,19.84505271911621,4.0
1639,7.0534186363220215,2.8541767597198486,3.0
1640,13.911724090576172,-4.54677677154541,1.0
1641,-59.03857421875,16.891538619995117,4.0
1642,22.288843154907227,13.39101791381836,0.0
1643,5.9432759284973145,-38.000404357910156,5.0
1644,6.252194881439209,3.5285885334014893,3.0
1645,34.6760139465332,-5.5903000831604,6.0
1646,-9.501139640808105,-25.21364402770996,9.0
1647,33.97272872924805,-2.8090639114379883,6.0
1648,12.933396339416504,-5.081300258636475,1.0
1649,-39.44615173339844,24.52859115600586,7.0
1650,2.344329357147217,-33.75761413574219,5.0
1651,-58.66398239135742,15.640177726745605,4.0
1652,-61.856956481933594,17.252904891967773,4.0
1653,-41.51171112060547,25.051103591918945,7.0
1654,-5.490478038787842,23.44005584716797,2.0
1655,-40.01032638549805,-12.983789443969727,2.0
1656,1.2083665132522583,-37.0415153503418,5.0
1657,-31.08245277404785,1.8192874193191528,7.0
1658,7.987218379974365,2.947986602783203,9.0
1659,3.8522284030914307,-37.51503372192383,5.0
1660,10.562898635864258,-29.419357299804688,4.0
1661,-56.741363525390625,19.80315589904785,4.0
1662,7.024196147918701,-38.65080261230469,9.0
1663,14.981722831726074,16.376062393188477,0.0
1664,31.1577205657959,-19.371551513671875,8.0
1665,9.36177921295166,-36.4522819519043,9.0
1666,28.92710304260254,-18.281381607055664,8.0
1667,24.188573837280273,22.131746292114258,0.0
1668,25.152446746826172,-7.256565570831299,1.0
1669,-14.590907096862793,19.482086181640625,2.0
1670,-33.0207405090332,-7.28557825088501,3.0
1671,-10.89112663269043,-41.18297576904297,4.0
1672,-22.40081024169922,-22.472888946533203,5.0
1673,44.30757141113281,-8.370770454406738,6.0
1674,-40.38938903808594,30.102008819580078,7.0
1675,15.17717456817627,-24.97512435913086,8.0
1676,-0.7336845397949219,-23.271976470947266,9.0
1677,28.628061294555664,21.36267852783203,0.0
1678,20.99180793762207,-11.581049919128418,1.0
1679,-2.036466121673584,19.613691329956055,2.0
1680,10.771526336669922,2.5238242149353027,3.0
1681,-56.834869384765625,22.236713409423828,4.0
1682,-22.066377639770508,-22.647586822509766,5.0
1683,46.94606018066406,1.1597014665603638,6.0
1684,-28.90509605407715,27.70099449157715,7.0
1685,22.54804801940918,-26.180383682250977,8.0
1686,-4.364778518676758,-22.36752700805664,9.0
1687,31.36971092224121,22.026275634765625,0.0
1688,27.487531661987305,-9.016043663024902,1.0
1689,-1.103417992591858,25.155733108520508,2.0
1690,-33.977867126464844,-7.3878493309021,3.0
1691,-56.5899772644043,22.328022003173828,4.0
1692,-23.245222091674805,-22.499828338623047,5.0
1693,43.81711959838867,-6.26546049118042,6.0
1694,-39.903133392333984,29.957578659057617,7.0
1695,23.478975296020508,-13.331306457519531,8.0
1696,-9.196818351745605,-19.482810974121094,9.0
1697,17.484529495239258,20.128934860229492,0.0
1698,-6.1725664138793945,-21.282411575317383,9.0
1699,-19.6777286529541,-23.558740615844727,5.0
1700,-27.31888198852539,-16.331668853759766,5.0
1701,43.99483871459961,-5.733018398284912,6.0
1702,-27.849103927612305,-10.961522102355957,5.0
1703,20.11929702758789,16.306142807006836,0.0
1704,-3.410388469696045,-12.025494575500488,9.0
1705,29.427234649658203,-24.97728157043457,8.0
1706,-4.000809192657471,-12.163466453552246,9.0
1707,21.035202026367188,-26.01531410217285,8.0
1708,-32.50724792480469,45.7253532409668,4.0
1709,24.23375129699707,-8.515313148498535,1.0
1710,-38.79056930541992,5.886933326721191,7.0
1711,-32.534568786621094,30.809545516967773,7.0
1712,12.29175853729248,5.8544135093688965,3.0
1713,-22.41744613647461,-22.96823501586914,5.0
1714,20.667457580566406,-7.095696926116943,1.0
1715,24.721891403198242,25.787817001342773,0.0
1716,15.901018142700195,20.42325782775879,0.0
1717,-8.354175567626953,24.732572555541992,2.0
1718,-4.790940284729004,32.01014709472656,2.0
1719,-39.75924301147461,21.91119956970215,7.0
1720,19.51531219482422,-24.005142211914062,8.0
1721,-4.505550861358643,32.62592697143555,2.0
1722,15.48031997680664,12.785161018371582,0.0
1723,26.238327026367188,-9.062115669250488,1.0
1724,-2.806824207305908,30.634151458740234,2.0
1725,43.329166412353516,-1.5389739274978638,6.0
1726,-14.47945785522461,7.403069019317627,3.0
1727,-14.716745376586914,7.668371200561523,3.0
1728,-40.35752487182617,5.059427738189697,7.0
1729,34.690345764160156,9.007616996765137,3.0
1730,11.501675605773926,2.798292398452759,3.0
1731,-19.30394172668457,55.800865173339844,4.0
1732,40.44340896606445,-11.039651870727539,6.0
1733,44.60498046875,-5.657894134521484,6.0
1734,45.17060470581055,-8.363697052001953,6.0
1735,14.83869743347168,47.75398254394531,4.0
1736,0.1059168130159378,-21.555431365966797,9.0
1737,19.177709579467773,-9.852405548095703,1.0
1738,-25.674903869628906,-21.047222137451172,5.0
1739,22.854084014892578,22.24696159362793,0.0
1740,-4.888976097106934,-22.467422485351562,9.0
1741,-23.922922134399414,-23.31018829345703,5.0
1742,-1.1072114706039429,27.590131759643555,2.0
1743,31.510705947875977,-22.85805320739746,8.0
1744,-3.0195140838623047,22.69523048400879,2.0
1745,21.57785415649414,19.675813674926758,0.0
1746,31.330507278442383,22.127384185791016,0.0
1747,24.012310028076172,-11.092495918273926,1.0
1748,-42.568580627441406,22.332944869995117,7.0
1749,43.338836669921875,-8.581827163696289,6.0
1750,3.8136978149414062,2.1585230827331543,3.0
1751,-2.9471850395202637,23.896902084350586,2.0
1752,14.453231811523438,-29.456321716308594,1.0
1753,-38.3546142578125,21.682714462280273,7.0
1754,14.884146690368652,47.676902770996094,4.0
1755,41.65395736694336,-9.596508026123047,6.0
1756,3.743337392807007,2.3731143474578857,3.0
1757,19.9210262298584,-13.00950813293457,1.0
1758,-3.2785680294036865,2.7520687580108643,3.0
1759,-0.06850317865610123,-21.531383514404297,9.0
1760,23.57710075378418,-7.849574565887451,1.0
1761,-37.912010192871094,25.578643798828125,7.0
1762,42.95946502685547,-10.404253959655762,6.0
1763,17.330944061279297,-27.3413143157959,8.0
1764,-62.411170959472656,22.645973205566406,4.0
1765,-33.30195236206055,-7.318073272705078,3.0
1766,21.642288208007812,-10.553667068481445,1.0
1767,-54.7190055847168,11.921775817871094,4.0
1768,28.264474868774414,17.243167877197266,0.0
1769,-19.239519119262695,-21.051700592041016,5.0
1770,4.367835521697998,5.403304576873779,3.0
1771,40.325931549072266,-9.133713722229004,6.0
1772,0.7172796726226807,-20.5852108001709,9.0
1773,44.11176300048828,-1.1726117134094238,6.0
1774,22.128360748291016,-11.829639434814453,1.0
1775,-40.5914306640625,28.633901596069336,7.0
1776,-21.713420867919922,-23.56678581237793,5.0
1777,-57.08964157104492,25.611173629760742,4.0
1778,15.423404693603516,46.63960266113281,4.0
1779,-36.32979965209961,20.877267837524414,7.0
1780,-2.215676784515381,27.729555130004883,2.0
1781,37.19398498535156,13.352649688720703,8.0
1782,-9.227089881896973,29.29073143005371,2.0
1783,-4.911018371582031,26.466501235961914,2.0
1784,-23.08888053894043,-21.824445724487305,5.0
1785,-40.753055572509766,23.765424728393555,7.0
1786,-2.5152652263641357,-9.774456977844238,9.0
1787,-19.01495933532715,-21.849822998046875,5.0
1788,-61.168277740478516,22.1799259185791,4.0
1789,15.000078201293945,-23.829069137573242,8.0
1790,15.09476375579834,-24.491289138793945,8.0
1791,-62.14485168457031,21.31560516357422,4.0
1792,-1.652082085609436,-19.620380401611328,9.0
1793,20.14148712158203,15.035765647888184,0.0
1794,28.81121826171875,-23.48133087158203,8.0
1795,2.361678123474121,-29.21226692199707,9.0
1796,37.1862678527832,13.293896675109863,8.0
