,mean_fit_time,mean_score_time,mean_test_score,mean_train_score,param_NN__alpha,param_NN__hidden_layer_sizes,param_gmm__n_components,params,rank_test_score,split0_test_score,split0_train_score,split1_test_score,split1_train_score,split2_test_score,split2_train_score,split3_test_score,split3_train_score,split4_test_score,split4_train_score,std_fit_time,std_score_time,std_test_score,std_train_score
0,0.10989289283752442,0.0014035701751708984,0.11296605453533667,0.12259517904480666,0.1,"(50, 50)",2,"{'NN__alpha': 0.1, 'NN__hidden_layer_sizes': (50, 50), 'gmm__n_components': 2}",153,0.1043956043956044,0.11793440334961619,0.16298342541436464,0.16794425087108014,0.10027855153203342,0.10987482614742698,0.09803921568627451,0.11736111111111111,0.09859154929577464,0.09986130374479889,0.049546701945808035,0.0002006295388888644,0.025220790477401504,0.023597851922198803
1,0.26558594703674315,0.0020417690277099608,0.22092376182526433,0.2440864836140058,0.1,"(50, 50)",5,"{'NN__alpha': 0.1, 'NN__hidden_layer_sizes': (50, 50), 'gmm__n_components': 5}",109,0.16758241758241757,0.2030704815073273,0.26795580110497236,0.3121951219512195,0.3147632311977716,0.34840055632823363,0.226890756302521,0.22847222222222222,0.1267605633802817,0.12829403606102635,0.11108719702845575,0.0007674980528558043,0.06737848343142341,0.07855472090245638
2,0.5818335533142089,0.003911447525024414,0.39788536449638284,0.4657504685877004,0.1,"(50, 50)",10,"{'NN__alpha': 0.1, 'NN__hidden_layer_sizes': (50, 50), 'gmm__n_components': 10}",90,0.24725274725274726,0.2721563154221912,0.505524861878453,0.6536585365853659,0.6100278551532033,0.7051460361613352,0.10084033613445378,0.1076388888888889,0.5267605633802817,0.5901525658807212,0.14141159083615093,0.0033289172686516164,0.1916543957163042,0.23401630766152565
3,0.612050199508667,0.00802145004272461,0.6010016694490818,0.645563997425985,0.1,"(50, 50)",15,"{'NN__alpha': 0.1, 'NN__hidden_layer_sizes': (50, 50), 'gmm__n_components': 15}",46,0.5,0.5826936496859735,0.6022099447513812,0.6348432055749129,0.48467966573816157,0.5897079276773296,0.7927170868347339,0.7347222222222223,0.6281690140845071,0.6858529819694869,0.12610601302352561,0.0061559234369341935,0.11053281315886362,0.05789630014948028
4,0.5299118041992188,0.004110527038574219,0.6855870895937674,0.7121585656277124,0.1,"(50, 50)",20,"{'NN__alpha': 0.1, 'NN__hidden_layer_sizes': (50, 50), 'gmm__n_components': 20}",17,0.7197802197802198,0.7090020935101187,0.643646408839779,0.7393728222996516,0.6128133704735376,0.6933240611961057,0.7086834733893558,0.6666666666666666,0.7436619718309859,0.7524271844660194,0.07717756439976138,0.0004913522539974775,0.04920829687876355,0.030972220371960422
5,0.7547744750976563,0.005362224578857422,0.6844741235392321,0.7280185720839235,0.1,"(50, 50)",25,"{'NN__alpha': 0.1, 'NN__hidden_layer_sizes': (50, 50), 'gmm__n_components': 25}",20,0.7060439560439561,0.6936496859734822,0.6270718232044199,0.7456445993031359,0.7019498607242339,0.778164116828929,0.7254901960784313,0.7194444444444444,0.6619718309859155,0.7031900138696255,0.19709699165271166,0.001046272713243095,0.03540161962688557,0.03064782469787086
6,0.5967687606811524,0.0052144527435302734,0.7195325542570952,0.7636618148659611,0.1,"(50, 50)",30,"{'NN__alpha': 0.1, 'NN__hidden_layer_sizes': (50, 50), 'gmm__n_components': 30}",2,0.8324175824175825,0.7376133984647593,0.7099447513812155,0.8209059233449477,0.6128133704735376,0.778164116828929,0.8151260504201681,0.7520833333333333,0.6253521126760564,0.7295423023578363,0.08574903025733234,0.0007514826687597788,0.0918841517153737,0.033057305041950945
7,0.4954831600189209,0.005915975570678711,0.6510851419031719,0.7696216511747117,0.1,"(50, 50)",35,"{'NN__alpha': 0.1, 'NN__hidden_layer_sizes': (50, 50), 'gmm__n_components': 35}",35,0.6153846153846154,0.7397069085833915,0.6823204419889503,0.7923344947735191,0.5710306406685237,0.8122392211404729,0.803921568627451,0.7597222222222222,0.5830985915492958,0.7441054091539528,0.09557809213040712,0.0005846806554647293,0.08537412175093294,0.028199644178190302
8,0.48857603073120115,0.007620334625244141,0.5809682804674458,0.7997032172678679,0.1,"(50, 50)",40,"{'NN__alpha': 0.1, 'NN__hidden_layer_sizes': (50, 50), 'gmm__n_components': 40}",54,0.5906593406593407,0.7815771109560363,0.6104972375690608,0.8466898954703833,0.5933147632311978,0.8511821974965229,0.6050420168067226,0.7472222222222222,0.504225352112676,0.7718446601941747,0.060449627475892165,0.001070899739848195,0.038778089344752166,0.04175342646328829
9,0.07187900543212891,0.0011029720306396484,0.1018363939899833,0.10183626058684452,0.1,"(50,)",2,"{'NN__alpha': 0.1, 'NN__hidden_layer_sizes': (50,), 'gmm__n_components': 2}",165,0.10164835164835165,0.10188415910676901,0.10220994475138122,0.10174216027874565,0.10306406685236769,0.10152990264255911,0.10084033613445378,0.10208333333333333,0.10140845070422536,0.10194174757281553,0.04401451697927997,0.00020036697387695312,0.0007547535698188662,0.00018824280729356718
10,0.1821756362915039,0.0019902706146240233,0.1407902058987201,0.15421659070443394,0.1,"(50,)",5,"{'NN__alpha': 0.1, 'NN__hidden_layer_sizes': (50,), 'gmm__n_components': 5}",137,0.1346153846153846,0.14096301465457084,0.2265193370165746,0.27665505226480835,0.10584958217270195,0.09596662030598054,0.13445378151260504,0.15625,0.10140845070422536,0.10124826629680998,0.06469688597164429,0.00029358873511358183,0.04523842267066667,0.06537533379297741
11,0.5391926765441895,0.002105712890625,0.42237061769616024,0.5079039823410513,0.1,"(50,)",10,"{'NN__alpha': 0.1, 'NN__hidden_layer_sizes': (50,), 'gmm__n_components': 10}",83,0.3021978021978022,0.3524075366364271,0.44751381215469616,0.6418118466898954,0.6100278551532033,0.7051460361613352,0.226890756302521,0.2513888888888889,0.5267605633802817,0.5887656033287101,0.19389190978717402,0.00020062936889362864,0.14082627198716863,0.17513051331735813
12,0.5477608203887939,0.003308820724487305,0.57039510294936,0.5954094348894771,0.1,"(50,)",15,"{'NN__alpha': 0.1, 'NN__hidden_layer_sizes': (50,), 'gmm__n_components': 15}",66,0.489010989010989,0.5826936496859735,0.5939226519337016,0.6076655052264809,0.4596100278551532,0.49235048678720444,0.7927170868347339,0.7173611111111111,0.5183098591549296,0.5769764216366158,0.12099886493728924,0.0007505712448804728,0.11941694268413074,0.07231187530169657
13,0.464188289642334,0.0035095691680908205,0.4373956594323873,0.46286009918830845,0.1,"(50,)",20,"{'NN__alpha': 0.1, 'NN__hidden_layer_sizes': (50,), 'gmm__n_components': 20}",77,0.0989010989010989,0.10048848569434753,0.6187845303867403,0.7337979094076655,0.6657381615598886,0.7100139082058414,0.7030812324929971,0.6701388888888888,0.10140845070422536,0.09986130374479889,0.09244842146257314,0.0006341815782459575,0.2767273370267951,0.2968292811491913
14,0.6116027355194091,0.004712533950805664,0.5870895937673901,0.6419255309586089,0.1,"(50,)",25,"{'NN__alpha': 0.1, 'NN__hidden_layer_sizes': (50,), 'gmm__n_components': 25}",51,0.6813186813186813,0.6824842986741103,0.6104972375690608,0.778397212543554,0.7019498607242339,0.7990264255910987,0.26330532212885155,0.24791666666666667,0.676056338028169,0.7018030513176144,0.1378443116152647,0.0009299941215829677,0.16412020269264374,0.20188042361384154
15,0.5279440402984619,0.004612159729003906,0.7122982749026154,0.770644698468852,0.1,"(50,)",30,"{'NN__alpha': 0.1, 'NN__hidden_layer_sizes': (50,), 'gmm__n_components': 30}",9,0.8131868131868132,0.7704117236566643,0.7099447513812155,0.8125435540069686,0.6128133704735376,0.8178025034770514,0.8011204481792717,0.7277777777777777,0.6225352112676056,0.7246879334257975,0.12263097225605084,0.0005850401238079224,0.08484814844898494,0.039822164905026956
16,0.4916182518005371,0.005314254760742187,0.6538675570395103,0.7706182480310486,0.1,"(50,)",35,"{'NN__alpha': 0.1, 'NN__hidden_layer_sizes': (50,), 'gmm__n_components': 35}",31,0.6263736263736264,0.7424982554082344,0.6823204419889503,0.8090592334494774,0.5710306406685237,0.8504867872044506,0.803921568627451,0.7048611111111112,0.5859154929577465,0.7461858529819695,0.1080386629213041,0.0006018162245947249,0.08409772031213014,0.05209293594813387
17,0.46235132217407227,0.006517267227172852,0.5787423483583751,0.7820741608524099,0.1,"(50,)",40,"{'NN__alpha': 0.1, 'NN__hidden_layer_sizes': (50,), 'gmm__n_components': 40}",60,0.5906593406593407,0.7871598046057222,0.6104972375690608,0.8466898954703833,0.5654596100278552,0.8178025034770514,0.6078431372549019,0.7361111111111112,0.5183098591549296,0.7226074895977809,0.07066350915541138,0.0008388221150166081,0.034012675272311714,0.0471729972143746
18,0.07018675804138183,0.0012033462524414062,0.09738452977184196,0.09669059422875731,0.1,"(25,)",2,"{'NN__alpha': 0.1, 'NN__hidden_layer_sizes': (25,), 'gmm__n_components': 2}",177,0.09615384615384616,0.10258199581297976,0.09668508287292818,0.09128919860627177,0.10027855153203342,0.09596662030598054,0.09803921568627451,0.09652777777777778,0.09577464788732394,0.0970873786407767,0.042657981572859986,0.0002457294324279854,0.0016357576082732894,0.003594211251564846
19,0.20271215438842774,0.0015040397644042968,0.10127991096271564,0.10127973527921272,0.1,"(25,)",5,"{'NN__alpha': 0.1, 'NN__hidden_layer_sizes': (25,), 'gmm__n_components': 5}",169,0.10164835164835165,0.10118632240055828,0.10220994475138122,0.10104529616724739,0.10027855153203342,0.10152990264255911,0.10084033613445378,0.10138888888888889,0.10140845070422536,0.10124826629680998,0.0990773526238712,3.2340669551493016e-07,0.0006661181333437533,0.0001668389523822827
20,0.5278105735778809,0.002004861831665039,0.27378964941569284,0.3150818016529163,0.1,"(25,)",10,"{'NN__alpha': 0.1, 'NN__hidden_layer_sizes': (25,), 'gmm__n_components': 10}",101,0.22802197802197802,0.2721563154221912,0.1464088397790055,0.19094076655052264,0.6128133704735376,0.6835883171070932,0.09803921568627451,0.10972222222222222,0.28450704225352114,0.31900138696255204,0.19218338769126123,0.00031726133762564635,0.18114596950034026,0.19760494220012237
21,0.5212792873382568,0.00310821533203125,0.2042292710072343,0.248078789072735,0.1,"(25,)",15,"{'NN__alpha': 0.1, 'NN__hidden_layer_sizes': (25,), 'gmm__n_components': 15}",115,0.04395604395604396,0.06838799720865317,0.08839779005524862,0.10801393728222997,0.181058495821727,0.2663421418636996,0.10084033613445378,0.10555555555555556,0.6140845070422535,0.6920943134535368,0.11867499780909624,0.0004911083931950125,0.20813901061696372,0.23225122235474024
22,0.411985969543457,0.003511857986450195,0.1213132999443517,0.11621431240413807,0.1,"(25,)",20,"{'NN__alpha': 0.1, 'NN__hidden_layer_sizes': (25,), 'gmm__n_components': 20}",149,0.1978021978021978,0.17445917655268667,0.10497237569060773,0.1059233449477352,0.10027855153203342,0.09735744089012517,0.10084033613445378,0.10208333333333333,0.10140845070422536,0.10124826629680998,0.11534277695028988,0.0005534772447580946,0.03858511330945039,0.02924933134194287
23,0.556868600845337,0.004210948944091797,0.23817473567056205,0.24637185327628752,0.1,"(25,)",25,"{'NN__alpha': 0.1, 'NN__hidden_layer_sizes': (25,), 'gmm__n_components': 25}",105,0.5796703296703297,0.5806001395673412,0.30386740331491713,0.36445993031358886,0.10863509749303621,0.09944367176634214,0.08123249299719888,0.08333333333333333,0.10985915492957747,0.10402219140083217,0.2335528836987303,0.0005110160620678543,0.18971038642513505,0.19702092124365228
24,0.4858598232269287,0.004612255096435547,0.5787423483583751,0.619899560690993,0.1,"(25,)",30,"{'NN__alpha': 0.1, 'NN__hidden_layer_sizes': (25,), 'gmm__n_components': 30}",60,0.7939560439560439,0.7676203768318214,0.712707182320442,0.7832752613240418,0.43175487465181056,0.6780250347705146,0.7871148459383753,0.6861111111111111,0.16056338028169015,0.18446601941747573,0.1769732134870155,0.0007366819498449824,0.24593874011031944,0.22175570707003364
25,0.47002806663513186,0.006857585906982422,0.5086254869226489,0.5737195131216272,0.1,"(25,)",35,"{'NN__alpha': 0.1, 'NN__hidden_layer_sizes': (25,), 'gmm__n_components': 35}",70,0.3159340659340659,0.2854152128401954,0.6823204419889503,0.7839721254355401,0.5041782729805014,0.7566063977746871,0.7338935574229691,0.7173611111111111,0.30704225352112674,0.32524271844660196,0.047033387105270816,0.0020445102529202505,0.17807768557692272,0.22052064270205604
26,0.3726176738739014,0.00862431526184082,0.10127991096271564,0.10072340704555487,0.1,"(25,)",40,"{'NN__alpha': 0.1, 'NN__hidden_layer_sizes': (25,), 'gmm__n_components': 40}",169,0.10164835164835165,0.10118632240055828,0.10220994475138122,0.10104529616724739,0.10027855153203342,0.09874826147426982,0.10084033613445378,0.10138888888888889,0.10140845070422536,0.10124826629680998,0.07322978441597265,0.004476628927018669,0.0006661181333437533,0.0009937249697742504
27,0.07870926856994628,0.001303386688232422,0.10406232609905398,0.1047578511192164,0.1,"(25, 25)",2,"{'NN__alpha': 0.1, 'NN__hidden_layer_sizes': (25, 25), 'gmm__n_components': 2}",157,0.10164835164835165,0.09909281228192603,0.10220994475138122,0.10801393728222997,0.10306406685236769,0.11126564673157163,0.11204481792717087,0.10555555555555556,0.10140845070422536,0.09986130374479889,0.046320641944563944,0.0002456323954645221,0.004015094103335404,0.004683133020080402
28,0.19809951782226562,0.001604175567626953,0.15191986644407346,0.165268906781262,0.1,"(25, 25)",5,"{'NN__alpha': 0.1, 'NN__hidden_layer_sizes': (25, 25), 'gmm__n_components': 5}",133,0.10989010989010989,0.1374738311235171,0.10220994475138122,0.10174216027874565,0.3147632311977716,0.3344923504867872,0.13165266106442577,0.15069444444444444,0.10140845070422536,0.10194174757281553,0.07368446375479637,0.00020058162853122015,0.08209104041533935,0.08679577374203312
29,0.5414652347564697,0.002506446838378906,0.19977740678909292,0.23314738601635782,0.1,"(25, 25)",10,"{'NN__alpha': 0.1, 'NN__hidden_layer_sizes': (25, 25), 'gmm__n_components': 10}",123,0.23626373626373626,0.24075366364270762,0.1408839779005525,0.23763066202090594,0.22562674094707522,0.24200278164116829,0.0784313725490196,0.09722222222222222,0.3183098591549296,0.34812760055478503,0.20558546112727566,0.0003171850884402151,0.08247875795034512,0.07981537839602006
30,0.4892641544342041,0.0027071475982666016,0.13745130773511408,0.13634608367849085,0.1,"(25, 25)",15,"{'NN__alpha': 0.1, 'NN__hidden_layer_sizes': (25, 25), 'gmm__n_components': 15}",141,0.20054945054945056,0.19469644103279832,0.09944751381215469,0.10034843205574913,0.10027855153203342,0.10013908205841446,0.10084033613445378,0.1,0.18591549295774648,0.18654646324549237,0.10454820378050893,0.000401186982018427,0.04586672199936094,0.044390670189756676
31,0.45703372955322263,0.003609466552734375,0.431274346132443,0.44109663310055736,0.1,"(25, 25)",20,"{'NN__alpha': 0.1, 'NN__hidden_layer_sizes': (25, 25), 'gmm__n_components': 20}",81,0.6565934065934066,0.6657362177250523,0.6408839779005525,0.7540069686411149,0.18662952646239556,0.1689847009735744,0.22408963585434175,0.18055555555555555,0.4422535211267606,0.43619972260748957,0.11970793013351909,0.0004910889013234923,0.1991054574058748,0.24096736604566912
32,0.5406199932098389,0.004111099243164063,0.19588202559821927,0.22002547101339567,0.1,"(25, 25)",25,"{'NN__alpha': 0.1, 'NN__hidden_layer_sizes': (25, 25), 'gmm__n_components': 25}",131,0.0989010989010989,0.10048848569434753,0.574585635359116,0.6933797909407665,0.10027855153203342,0.10639777468706536,0.10084033613445378,0.1,0.10140845070422536,0.09986130374479889,0.23025017226987207,0.0005847375621610042,0.1902093900622149,0.23668975356480543
33,0.47393002510070803,0.005509138107299805,0.30328324986087923,0.2969877029155591,0.1,"(25, 25)",30,"{'NN__alpha': 0.1, 'NN__hidden_layer_sizes': (25, 25), 'gmm__n_components': 30}",100,0.5934065934065934,0.4975575715282624,0.09392265193370165,0.1289198606271777,0.14763231197771587,0.15855354659248957,0.1484593837535014,0.13333333333333333,0.532394366197183,0.5665742024965326,0.16782202528068452,0.0009426823030538401,0.21412972816842366,0.19344183667622022
34,0.4002714157104492,0.02447338104248047,0.10239287701725097,0.10488689262944054,0.1,"(25, 25)",35,"{'NN__alpha': 0.1, 'NN__hidden_layer_sizes': (25, 25), 'gmm__n_components': 35}",161,0.10164835164835165,0.10048848569434753,0.09944751381215469,0.10104529616724739,0.10027855153203342,0.10083449235048679,0.1092436974789916,0.10972222222222222,0.10140845070422536,0.11234396671289876,0.049011174546450875,0.02330431838091848,0.0035026358814742595,0.005089482510489414
35,0.412232780456543,0.007420158386230469,0.19922092376182526,0.22628260595195543,0.1,"(25, 25)",40,"{'NN__alpha': 0.1, 'NN__hidden_layer_sizes': (25, 25), 'gmm__n_components': 40}",127,0.10164835164835165,0.10676901605024425,0.10220994475138122,0.10174216027874565,0.1671309192200557,0.15507649513212796,0.10084033613445378,0.10208333333333333,0.5295774647887324,0.665742024965326,0.10516879472630425,0.0023385475975086717,0.16586955219122979,0.22064186877214653
36,0.09826068878173828,0.0011029720306396484,0.12910406232609906,0.12579310958473106,0.1,"(100, 25, 100)",2,"{'NN__alpha': 0.1, 'NN__hidden_layer_sizes': (100, 25, 100), 'gmm__n_components': 2}",145,0.11538461538461539,0.12212142358688068,0.16298342541436464,0.1651567944250871,0.10306406685236769,0.1133518776077886,0.16526610644257703,0.12986111111111112,0.09859154929577464,0.09847434119278779,0.037130989448453396,0.0002008438676397492,0.029129538797888786,0.0222738813782109
37,0.2313448429107666,0.001804685592651367,0.2042292710072343,0.2244928694548906,0.1,"(100, 25, 100)",5,"{'NN__alpha': 0.1, 'NN__hidden_layer_sizes': (100, 25, 100), 'gmm__n_components': 5}",115,0.16758241758241757,0.2016748080949058,0.26795580110497236,0.3010452961672474,0.28969359331476324,0.3157162726008345,0.19607843137254902,0.20416666666666666,0.09859154929577464,0.09986130374479889,0.08529959581552034,0.0002455542197465369,0.06904397575291353,0.07829282078510534
38,0.5743290424346924,0.0026962757110595703,0.41847523650528656,0.4857224128025413,0.1,"(100, 25, 100)",10,"{'NN__alpha': 0.1, 'NN__hidden_layer_sizes': (100, 25, 100), 'gmm__n_components': 10}",88,0.3021978021978022,0.34891835310537334,0.505524861878453,0.6536585365853659,0.6016713091922006,0.6898470097357441,0.2689075630252101,0.2916666666666667,0.4140845070422535,0.4445214979195562,0.16524811686499755,0.00025387604720356034,0.12416887069640382,0.15996242776947026
39,0.6221452236175538,0.003309011459350586,0.6121313299944352,0.6346217415507608,0.1,"(100, 25, 100)",15,"{'NN__alpha': 0.1, 'NN__hidden_layer_sizes': (100, 25, 100), 'gmm__n_components': 15}",41,0.5576923076923077,0.6001395673412422,0.6132596685082873,0.6425087108013937,0.584958217270195,0.5591098748261474,0.7759103641456583,0.74375,0.5295774647887324,0.6276005547850209,0.10052004931450224,0.0004012585111267829,0.0861586123615488,0.061500472346438365
40,0.5253008365631103,0.004492282867431641,0.6978297161936561,0.7305086095891499,0.1,"(100, 25, 100)",20,"{'NN__alpha': 0.1, 'NN__hidden_layer_sizes': (100, 25, 100), 'gmm__n_components': 20}",13,0.717032967032967,0.7222609909281228,0.643646408839779,0.7554006968641115,0.6629526462395543,0.7058414464534075,0.7058823529411765,0.6777777777777778,0.7605633802816901,0.7912621359223301,0.1029971358273187,0.0008636604348546032,0.04122463787981828,0.03941481890122796
41,0.6599135875701905,0.00481257438659668,0.6722314969393434,0.7230497780911297,0.1,"(100, 25, 100)",25,"{'NN__alpha': 0.1, 'NN__hidden_layer_sizes': (100, 25, 100), 'gmm__n_components': 25}",23,0.6840659340659341,0.6929518492672715,0.6104972375690608,0.7790940766550523,0.6908077994428969,0.7614742698191933,0.7254901960784313,0.7263888888888889,0.6507042253521127,0.6553398058252428,0.19672764868646928,0.0009822169484332336,0.038988532515961107,0.04498684316716399
42,0.5725111484527587,0.005514860153198242,0.7150806900389538,0.7748012146590001,0.1,"(100, 25, 100)",30,"{'NN__alpha': 0.1, 'NN__hidden_layer_sizes': (100, 25, 100), 'gmm__n_components': 30}",6,0.8104395604395604,0.7752965806001396,0.7099447513812155,0.7930313588850174,0.6155988857938719,0.8164116828929068,0.8179271708683473,0.7611111111111111,0.6197183098591549,0.7281553398058253,0.2038093848844449,0.0007090448771005826,0.08787638836108369,0.0297565830986421
43,0.6260573863983154,0.006216764450073242,0.659432387312187,0.7878419537660754,0.1,"(100, 25, 100)",35,"{'NN__alpha': 0.1, 'NN__hidden_layer_sizes': (100, 25, 100), 'gmm__n_components': 35}",28,0.6208791208791209,0.7466852756454989,0.6823204419889503,0.8125435540069686,0.5710306406685237,0.8525730180806675,0.803921568627451,0.7611111111111111,0.6197183098591549,0.7662968099861304,0.14552219988687445,0.0009295983508866902,0.08016833717596651,0.03917367244776641
44,0.49733805656433105,0.015541887283325196,0.5709515859766278,0.7871444780882431,0.1,"(100, 25, 100)",40,"{'NN__alpha': 0.1, 'NN__hidden_layer_sizes': (100, 25, 100), 'gmm__n_components': 40}",65,0.5906593406593407,0.7815771109560363,0.56353591160221,0.7651567944250871,0.5738161559888579,0.8511821974965229,0.6218487394957983,0.7583333333333333,0.504225352112676,0.7794729542302358,0.09123928412967006,0.017053819104395733,0.03854362723035224,0.033178962181062
45,0.0948523998260498,0.0013034343719482422,0.112409571508069,0.12217909027920333,0.01,"(50, 50)",2,"{'NN__alpha': 0.01, 'NN__hidden_layer_sizes': (50, 50), 'gmm__n_components': 2}",154,0.1043956043956044,0.11793440334961619,0.16298342541436464,0.16794425087108014,0.10027855153203342,0.10987482614742698,0.09803921568627451,0.11736111111111111,0.09577464788732394,0.09778085991678225,0.05006395318161653,0.00024547644520972494,0.025560604318971242,0.024009784568116962
46,0.216900634765625,0.001403665542602539,0.22036727879799667,0.2458999879641127,0.01,"(50, 50)",5,"{'NN__alpha': 0.01, 'NN__hidden_layer_sizes': (50, 50), 'gmm__n_components': 5}",110,0.16483516483516483,0.21144452198185626,0.26795580110497236,0.3121951219512195,0.3147632311977716,0.34840055632823363,0.226890756302521,0.22847222222222222,0.1267605633802817,0.1289875173370319,0.1045771852635331,0.0002006769392741626,0.06782658963216413,0.07753817543413431
47,0.5430722236633301,0.0022058010101318358,0.4095715080690039,0.48389422294917994,0.01,"(50, 50)",10,"{'NN__alpha': 0.01, 'NN__hidden_layer_sizes': (50, 50), 'gmm__n_components': 10}",89,0.30494505494505497,0.3628750872295883,0.505524861878453,0.6536585365853659,0.6100278551532033,0.7051460361613352,0.10084033613445378,0.1076388888888889,0.5267605633802817,0.5901525658807212,0.15004067125703108,0.0004011631153659417,0.1837074120792418,0.22148445999470343
48,0.6569965839385986,0.0037867069244384766,0.6010016694490818,0.645563997425985,0.01,"(50, 50)",15,"{'NN__alpha': 0.01, 'NN__hidden_layer_sizes': (50, 50), 'gmm__n_components': 15}",46,0.5,0.5826936496859735,0.6022099447513812,0.6348432055749129,0.48467966573816157,0.5897079276773296,0.7927170868347339,0.7347222222222223,0.6281690140845071,0.6858529819694869,0.08636166336530145,0.00112573997864827,0.11053281315886362,0.05789630014948028
49,0.5878692626953125,0.0039103984832763675,0.6855870895937674,0.7121585656277124,0.01,"(50, 50)",20,"{'NN__alpha': 0.01, 'NN__hidden_layer_sizes': (50, 50), 'gmm__n_components': 20}",17,0.7197802197802198,0.7090020935101187,0.643646408839779,0.7393728222996516,0.6128133704735376,0.6933240611961057,0.7086834733893558,0.6666666666666666,0.7436619718309859,0.7524271844660194,0.11503338860202908,0.0005845167757031183,0.04920829687876355,0.030972220371960422
50,0.6557405471801758,0.004211807250976562,0.6126878130217028,0.6494127889682216,0.01,"(50, 50)",25,"{'NN__alpha': 0.01, 'NN__hidden_layer_sizes': (50, 50), 'gmm__n_components': 25}",39,0.7060439560439561,0.697138869504536,0.27071823204419887,0.34843205574912894,0.7019498607242339,0.778164116828929,0.7254901960784313,0.7201388888888889,0.6619718309859155,0.7031900138696255,0.12215446048051945,0.0007506493705657056,0.17298181568032647,0.15319155073726565
51,0.5542169570922851,0.005515480041503906,0.7195325542570952,0.762966886488106,0.01,"(50, 50)",30,"{'NN__alpha': 0.01, 'NN__hidden_layer_sizes': (50, 50), 'gmm__n_components': 30}",2,0.8324175824175825,0.7376133984647593,0.7099447513812155,0.8202090592334494,0.6128133704735376,0.778164116828929,0.8151260504201681,0.7493055555555556,0.6253521126760564,0.7295423023578363,0.210917652102835,0.0008960736589556722,0.0918841517153737,0.033028037461283986
52,0.4997087478637695,0.006216526031494141,0.6510851419031719,0.7694820838334696,0.01,"(50, 50)",35,"{'NN__alpha': 0.01, 'NN__hidden_layer_sizes': (50, 50), 'gmm__n_components': 35}",35,0.6153846153846154,0.7390090718771808,0.6823204419889503,0.7923344947735191,0.5710306406685237,0.8122392211404729,0.803921568627451,0.7597222222222222,0.5830985915492958,0.7441054091539528,0.11112589665543131,0.0005108749952592181,0.08537412175093294,0.028348687626102462
53,0.48900465965270995,0.007118844985961914,0.5809682804674458,0.791638438787212,0.01,"(50, 50)",40,"{'NN__alpha': 0.01, 'NN__hidden_layer_sizes': (50, 50), 'gmm__n_components': 40}",54,0.5906593406593407,0.7815771109560363,0.6104972375690608,0.8250871080139373,0.5933147632311978,0.8511821974965229,0.6050420168067226,0.7493055555555556,0.504225352112676,0.7510402219140083,0.11185121887042805,0.0009717231688081417,0.038778089344752166,0.040511211307455726
54,0.1003575325012207,0.0013036251068115235,0.1018363939899833,0.10183626058684452,0.01,"(50,)",2,"{'NN__alpha': 0.01, 'NN__hidden_layer_sizes': (50,), 'gmm__n_components': 2}",165,0.10164835164835165,0.10188415910676901,0.10220994475138122,0.10174216027874565,0.10306406685236769,0.10152990264255911,0.10084033613445378,0.10208333333333333,0.10140845070422536,0.10194174757281553,0.08641493291408583,0.00024553481083311983,0.0007547535698188662,0.00018824280729356718
55,0.1794072151184082,0.0016043663024902343,0.1407902058987201,0.15421659070443394,0.01,"(50,)",5,"{'NN__alpha': 0.01, 'NN__hidden_layer_sizes': (50,), 'gmm__n_components': 5}",137,0.1346153846153846,0.14096301465457084,0.2265193370165746,0.27665505226480835,0.10584958217270195,0.09596662030598054,0.13445378151260504,0.15625,0.10140845070422536,0.10124826629680998,0.03423174080886754,0.00020060547746384954,0.04523842267066667,0.06537533379297741
56,0.6551771640777588,0.0022059917449951173,0.42237061769616024,0.5079039823410513,0.01,"(50,)",10,"{'NN__alpha': 0.01, 'NN__hidden_layer_sizes': (50,), 'gmm__n_components': 10}",83,0.3021978021978022,0.3524075366364271,0.44751381215469616,0.6418118466898954,0.6100278551532033,0.7051460361613352,0.226890756302521,0.2513888888888889,0.5267605633802817,0.5887656033287101,0.22502345802348117,0.0002457497049354032,0.14082627198716863,0.17513051331735813
57,0.5569260120391846,0.002907562255859375,0.5715080690038954,0.5941494465556764,0.01,"(50,)",15,"{'NN__alpha': 0.01, 'NN__hidden_layer_sizes': (50,), 'gmm__n_components': 15}",62,0.489010989010989,0.5708304256803908,0.5939226519337016,0.6076655052264809,0.46518105849582175,0.49791376912378305,0.7927170868347339,0.7173611111111111,0.5183098591549296,0.5769764216366158,0.117166494979789,0.00037513271707745197,0.1184008776095864,0.07136356669161331
58,0.4866473197937012,0.004111003875732422,0.44184752365052865,0.46327879918297776,0.01,"(50,)",20,"{'NN__alpha': 0.01, 'NN__hidden_layer_sizes': (50,), 'gmm__n_components': 20}",76,0.0989010989010989,0.10048848569434753,0.6408839779005525,0.7372822299651568,0.6657381615598886,0.7086230876216968,0.7030812324929971,0.6701388888888888,0.10140845070422536,0.09986130374479889,0.07264365483043052,0.0009720625216625168,0.2797706577732797,0.2972379128626699
59,0.6268808841705322,0.00421142578125,0.5870895937673901,0.6419255309586089,0.01,"(50,)",25,"{'NN__alpha': 0.01, 'NN__hidden_layer_sizes': (50,), 'gmm__n_components': 25}",51,0.6813186813186813,0.6824842986741103,0.6104972375690608,0.778397212543554,0.7019498607242339,0.7990264255910987,0.26330532212885155,0.24791666666666667,0.676056338028169,0.7018030513176144,0.10582957937585964,0.0005113425691102349,0.16412020269264374,0.20188042361384154
60,0.5127589225769043,0.005113792419433594,0.7122982749026154,0.7707835873577409,0.01,"(50,)",30,"{'NN__alpha': 0.01, 'NN__hidden_layer_sizes': (50,), 'gmm__n_components': 30}",9,0.8131868131868132,0.7704117236566643,0.7099447513812155,0.8125435540069686,0.6128133704735376,0.8178025034770514,0.8011204481792717,0.7284722222222222,0.6225352112676056,0.7246879334257975,0.1646624769589981,0.0008021951195615925,0.08484814844898494,0.03967334747972807
61,0.5170620441436767,0.005514287948608398,0.6538675570395103,0.770478875208749,0.01,"(50,)",35,"{'NN__alpha': 0.01, 'NN__hidden_layer_sizes': (50,), 'gmm__n_components': 35}",31,0.6263736263736264,0.7424982554082344,0.6823204419889503,0.8083623693379791,0.5710306406685237,0.8504867872044506,0.803921568627451,0.7048611111111112,0.5859154929577465,0.7461858529819695,0.04709131590367171,0.0003171852748207872,0.08409772031213014,0.05199073395876681
62,0.4528021335601807,0.010096311569213867,0.4980523094045632,0.6627419479023249,0.01,"(50,)",40,"{'NN__alpha': 0.01, 'NN__hidden_layer_sizes': (50,), 'gmm__n_components': 40}",72,0.5906593406593407,0.7871598046057222,0.6104972375690608,0.8466898954703833,0.1615598885793872,0.22183588317107092,0.6078431372549019,0.7354166666666667,0.5183098591549296,0.7226074895977809,0.056373791033563235,0.004990333099720443,0.17140663142518314,0.2247577835039025
63,0.07594814300537109,0.0011031627655029297,0.09738452977184196,0.09669059422875731,0.01,"(25,)",2,"{'NN__alpha': 0.01, 'NN__hidden_layer_sizes': (25,), 'gmm__n_components': 2}",177,0.09615384615384616,0.10258199581297976,0.09668508287292818,0.09128919860627177,0.10027855153203342,0.09596662030598054,0.09803921568627451,0.09652777777777778,0.09577464788732394,0.0970873786407767,0.04188272537147362,0.0003744834785568596,0.0016357576082732894,0.003594211251564846
64,0.20408759117126465,0.0018048286437988281,0.10127991096271564,0.10127973527921272,0.01,"(25,)",5,"{'NN__alpha': 0.01, 'NN__hidden_layer_sizes': (25,), 'gmm__n_components': 5}",169,0.10164835164835165,0.10118632240055828,0.10220994475138122,0.10104529616724739,0.10027855153203342,0.10152990264255911,0.10084033613445378,0.10138888888888889,0.10140845070422536,0.10124826629680998,0.08395340096364404,0.0004009008797513119,0.0006661181333437533,0.0001668389523822827
65,0.5456626892089844,0.0023100852966308595,0.27378964941569284,0.3150818016529163,0.01,"(25,)",10,"{'NN__alpha': 0.01, 'NN__hidden_layer_sizes': (25,), 'gmm__n_components': 10}",101,0.22802197802197802,0.2721563154221912,0.1464088397790055,0.19094076655052264,0.6128133704735376,0.6835883171070932,0.09803921568627451,0.10972222222222222,0.28450704225352114,0.31900138696255204,0.1815868268667866,0.0006056969715972023,0.18114596950034026,0.19760494220012237
66,0.532965087890625,0.0030077457427978515,0.2042292710072343,0.248078789072735,0.01,"(25,)",15,"{'NN__alpha': 0.01, 'NN__hidden_layer_sizes': (25,), 'gmm__n_components': 15}",115,0.04395604395604396,0.06838799720865317,0.08839779005524862,0.10801393728222997,0.181058495821727,0.2663421418636996,0.10084033613445378,0.10555555555555556,0.6140845070422535,0.6920943134535368,0.11763996204324398,0.00031688441433658655,0.20813901061696372,0.23225122235474024
67,0.4413031578063965,0.003408193588256836,0.1213132999443517,0.11621431240413807,0.01,"(25,)",20,"{'NN__alpha': 0.01, 'NN__hidden_layer_sizes': (25,), 'gmm__n_components': 20}",149,0.1978021978021978,0.17445917655268667,0.10497237569060773,0.1059233449477352,0.10027855153203342,0.09735744089012517,0.10084033613445378,0.10208333333333333,0.10140845070422536,0.10124826629680998,0.12215466270991059,0.0008609852591858663,0.03858511330945039,0.02924933134194287
68,0.5793890953063965,0.0050128459930419925,0.23817473567056205,0.24651142061752968,0.01,"(25,)",25,"{'NN__alpha': 0.01, 'NN__hidden_layer_sizes': (25,), 'gmm__n_components': 25}",105,0.5796703296703297,0.581297976273552,0.30386740331491713,0.36445993031358886,0.10863509749303621,0.09944367176634214,0.08123249299719888,0.08333333333333333,0.10985915492957747,0.10402219140083217,0.21405561615416607,0.0008396770729608665,0.18971038642513505,0.19725774010273847
69,0.5182015419006347,0.005616998672485352,0.3656093489148581,0.3924501753911981,0.01,"(25,)",30,"{'NN__alpha': 0.01, 'NN__hidden_layer_sizes': (25,), 'gmm__n_components': 30}",97,0.2032967032967033,0.24842986741102582,0.16574585635359115,0.13101045296167246,0.5877437325905293,0.808066759388039,0.7142857142857143,0.5902777777777778,0.16056338028169015,0.18446601941747573,0.1790316720464129,0.0012822319875865102,0.23600772294271635,0.26238250394035745
70,0.5108727931976318,0.007653427124023437,0.5080690038953812,0.5717739128750561,0.01,"(25,)",35,"{'NN__alpha': 0.01, 'NN__hidden_layer_sizes': (25,), 'gmm__n_components': 35}",71,0.3159340659340659,0.2854152128401954,0.6823204419889503,0.7839721254355401,0.5041782729805014,0.7566063977746871,0.7310924369747899,0.7034722222222223,0.30704225352112674,0.32940360610263525,0.10911303654955519,0.0037826363978181433,0.1773758593704987,0.2178440929947614
71,0.41708741188049314,0.008069419860839843,0.10127991096271564,0.10072340704555487,0.01,"(25,)",40,"{'NN__alpha': 0.01, 'NN__hidden_layer_sizes': (25,), 'gmm__n_components': 40}",169,0.10164835164835165,0.10118632240055828,0.10220994475138122,0.10104529616724739,0.10027855153203342,0.09874826147426982,0.10084033613445378,0.10138888888888889,0.10140845070422536,0.10124826629680998,0.09347931984302615,0.0014000845965490892,0.0006661181333437533,0.0009937249697742504
72,0.1203768253326416,0.0020054340362548827,0.10406232609905398,0.1047578511192164,0.01,"(25, 25)",2,"{'NN__alpha': 0.01, 'NN__hidden_layer_sizes': (25, 25), 'gmm__n_components': 2}",157,0.10164835164835165,0.09909281228192603,0.10220994475138122,0.10801393728222997,0.10306406685236769,0.11126564673157163,0.11204481792717087,0.10555555555555556,0.10140845070422536,0.09986130374479889,0.07943161851657661,0.0020051717836136822,0.004015094103335404,0.004683133020080402
73,0.23809256553649902,0.0021035194396972655,0.15191986644407346,0.165268906781262,0.01,"(25, 25)",5,"{'NN__alpha': 0.01, 'NN__hidden_layer_sizes': (25, 25), 'gmm__n_components': 5}",133,0.10989010989010989,0.1374738311235171,0.10220994475138122,0.10174216027874565,0.3147632311977716,0.3344923504867872,0.13165266106442577,0.15069444444444444,0.10140845070422536,0.10194174757281553,0.053826964258470486,0.0007345552127681729,0.08209104041533935,0.08679577374203312
74,0.5758101940155029,0.002601146697998047,0.19977740678909292,0.23314738601635782,0.01,"(25, 25)",10,"{'NN__alpha': 0.01, 'NN__hidden_layer_sizes': (25, 25), 'gmm__n_components': 10}",123,0.23626373626373626,0.24075366364270762,0.1408839779005525,0.23763066202090594,0.22562674094707522,0.24200278164116829,0.0784313725490196,0.09722222222222222,0.3183098591549296,0.34812760055478503,0.20277304394571513,0.0009756061804689883,0.08247875795034512,0.07981537839602006
75,0.5515587329864502,0.0030083656311035156,0.13745130773511408,0.13634608367849085,0.01,"(25, 25)",15,"{'NN__alpha': 0.01, 'NN__hidden_layer_sizes': (25, 25), 'gmm__n_components': 15}",141,0.20054945054945056,0.19469644103279832,0.09944751381215469,0.10034843205574913,0.10027855153203342,0.10013908205841446,0.10084033613445378,0.1,0.18591549295774648,0.18654646324549237,0.11686491316029202,0.00031680843328410555,0.04586672199936094,0.044390670189756676
76,0.4889694690704346,0.0042136192321777345,0.37673900946021144,0.38114584422868175,0.01,"(25, 25)",20,"{'NN__alpha': 0.01, 'NN__hidden_layer_sizes': (25, 25), 'gmm__n_components': 20}",94,0.21428571428571427,0.24005582693649685,0.46408839779005523,0.4480836236933798,0.5376044568245125,0.6008344923504868,0.22408963585434175,0.18055555555555555,0.4450704225352113,0.43619972260748957,0.08706076888209166,0.0014781080297184058,0.13268089872814606,0.1522613246016706
77,0.6368385791778565,0.006641912460327149,0.19588202559821927,0.22002547101339567,0.01,"(25, 25)",25,"{'NN__alpha': 0.01, 'NN__hidden_layer_sizes': (25, 25), 'gmm__n_components': 25}",131,0.0989010989010989,0.10048848569434753,0.574585635359116,0.6933797909407665,0.10027855153203342,0.10639777468706536,0.10084033613445378,0.1,0.10140845070422536,0.09986130374479889,0.17038113332122154,0.0032983247000930673,0.1902093900622149,0.23668975356480543
78,0.49579629898071287,0.005538463592529297,0.31886477462437396,0.30875772071475055,0.01,"(25, 25)",30,"{'NN__alpha': 0.01, 'NN__hidden_layer_sizes': (25, 25), 'gmm__n_components': 30}",98,0.5796703296703297,0.48220516399162594,0.09392265193370165,0.1289198606271777,0.14763231197771587,0.15855354659248957,0.1484593837535014,0.13333333333333333,0.6253521126760564,0.6407766990291263,0.11999099103794794,0.000636589089479348,0.23271081927108547,0.2126016383158795
79,0.47367081642150877,0.005915975570678711,0.10239287701725097,0.10488689262944054,0.01,"(25, 25)",35,"{'NN__alpha': 0.01, 'NN__hidden_layer_sizes': (25, 25), 'gmm__n_components': 35}",161,0.10164835164835165,0.10048848569434753,0.09944751381215469,0.10104529616724739,0.10027855153203342,0.10083449235048679,0.1092436974789916,0.10972222222222222,0.10140845070422536,0.11234396671289876,0.12222938638486744,0.001022741248348495,0.0035026358814742595,0.005089482510489414
80,0.46652922630310056,0.006522321701049804,0.19922092376182526,0.22628260595195543,0.01,"(25, 25)",40,"{'NN__alpha': 0.01, 'NN__hidden_layer_sizes': (25, 25), 'gmm__n_components': 40}",127,0.10164835164835165,0.10676901605024425,0.10220994475138122,0.10174216027874565,0.1671309192200557,0.15507649513212796,0.10084033613445378,0.10208333333333333,0.5295774647887324,0.665742024965326,0.11374074033697931,0.0007737556593337042,0.16586955219122979,0.22064186877214653
81,0.1098020076751709,0.0014087677001953125,0.12910406232609906,0.12579310958473106,0.01,"(100, 25, 100)",2,"{'NN__alpha': 0.01, 'NN__hidden_layer_sizes': (100, 25, 100), 'gmm__n_components': 2}",145,0.11538461538461539,0.12212142358688068,0.16298342541436464,0.1651567944250871,0.10306406685236769,0.1133518776077886,0.16526610644257703,0.12986111111111112,0.09859154929577464,0.09847434119278779,0.046135936521984784,0.0003701656300395138,0.029129538797888786,0.0222738813782109
82,0.2617311477661133,0.0018050193786621094,0.2042292710072343,0.2244928694548906,0.01,"(100, 25, 100)",5,"{'NN__alpha': 0.01, 'NN__hidden_layer_sizes': (100, 25, 100), 'gmm__n_components': 5}",115,0.16758241758241757,0.2016748080949058,0.26795580110497236,0.3010452961672474,0.28969359331476324,0.3157162726008345,0.19607843137254902,0.20416666666666666,0.09859154929577464,0.09986130374479889,0.1368189693936999,0.0004006395451189722,0.06904397575291353,0.07829282078510534
83,0.6784415245056152,0.002406406402587891,0.42125765164162493,0.494082865357895,0.01,"(100, 25, 100)",10,"{'NN__alpha': 0.01, 'NN__hidden_layer_sizes': (100, 25, 100), 'gmm__n_components': 10}",85,0.3076923076923077,0.3712491277041172,0.505524861878453,0.6536585365853659,0.6100278551532033,0.7093184979137691,0.2689075630252101,0.2916666666666667,0.4140845070422535,0.4445214979195562,0.1935157961555197,0.00020065313283027458,0.1256307287179438,0.16143577429453923
84,0.6839316844940185,0.003410148620605469,0.6121313299944352,0.6347606304396497,0.01,"(100, 25, 100)",15,"{'NN__alpha': 0.01, 'NN__hidden_layer_sizes': (100, 25, 100), 'gmm__n_components': 15}",41,0.5576923076923077,0.6001395673412422,0.6132596685082873,0.6425087108013937,0.584958217270195,0.5591098748261474,0.7759103641456583,0.7444444444444445,0.5295774647887324,0.6276005547850209,0.12017217433288167,0.0002012563744698014,0.0861586123615488,0.06174705389290768
85,0.5716137409210205,0.0061455249786376955,0.6978297161936561,0.7306474984780388,0.01,"(100, 25, 100)",20,"{'NN__alpha': 0.01, 'NN__hidden_layer_sizes': (100, 25, 100), 'gmm__n_components': 20}",13,0.717032967032967,0.7222609909281228,0.643646408839779,0.7554006968641115,0.6629526462395543,0.7058414464534075,0.7058823529411765,0.6784722222222223,0.7605633802816901,0.7912621359223301,0.09675718070293193,0.0035131197356878924,0.04122463787981828,0.03922955080331009
86,0.6875941753387451,0.005008125305175781,0.6722314969393434,0.7236065928132298,0.01,"(100, 25, 100)",25,"{'NN__alpha': 0.01, 'NN__hidden_layer_sizes': (100, 25, 100), 'gmm__n_components': 25}",23,0.6840659340659341,0.6929518492672715,0.6104972375690608,0.7811846689895471,0.6908077994428969,0.7614742698191933,0.7254901960784313,0.7263888888888889,0.6507042253521127,0.6560332871012483,0.1898218353364733,0.00044289395578808857,0.038988532515961107,0.04530519161455955
87,0.6135678291320801,0.005514669418334961,0.7117417918753478,0.7767627771966158,0.01,"(100, 25, 100)",30,"{'NN__alpha': 0.01, 'NN__hidden_layer_sizes': (100, 25, 100), 'gmm__n_components': 30}",12,0.8104395604395604,0.7759944173063503,0.7099447513812155,0.8125435540069686,0.6155988857938719,0.8164116828929068,0.8179271708683473,0.7611111111111111,0.6028169014084507,0.717753120665742,0.19182952746568216,0.0004483540689456119,0.09167526397124987,0.03627672615915185
88,0.6288633823394776,0.008120965957641602,0.6599888703394546,0.7840884781979709,0.01,"(100, 25, 100)",35,"{'NN__alpha': 0.01, 'NN__hidden_layer_sizes': (100, 25, 100), 'gmm__n_components': 35}",27,0.6236263736263736,0.7466852756454989,0.6823204419889503,0.8139372822299652,0.5710306406685237,0.8358831710709318,0.803921568627451,0.7583333333333333,0.6197183098591549,0.7656033287101248,0.12267518921436762,0.0032854581788916686,0.07990790283128334,0.03457649233717173
89,0.5632821083068847,0.01594986915588379,0.5804117974401781,0.8056771919868106,0.01,"(100, 25, 100)",40,"{'NN__alpha': 0.01, 'NN__hidden_layer_sizes': (100, 25, 100), 'gmm__n_components': 40}",58,0.5906593406593407,0.7815771109560363,0.6104972375690608,0.8522648083623693,0.5738161559888579,0.8511821974965229,0.6218487394957983,0.7638888888888888,0.504225352112676,0.7794729542302358,0.1108320878150885,0.012132899122098799,0.041231929107655656,0.038091599556573985
90,0.1261226177215576,0.0011030673980712891,0.112409571508069,0.12217909027920333,0.001,"(50, 50)",2,"{'NN__alpha': 0.001, 'NN__hidden_layer_sizes': (50, 50), 'gmm__n_components': 2}",154,0.1043956043956044,0.11793440334961619,0.16298342541436464,0.16794425087108014,0.10027855153203342,0.10987482614742698,0.09803921568627451,0.11736111111111111,0.09577464788732394,0.09778085991678225,0.061792271248093826,0.000584639451621971,0.025560604318971242,0.024009784568116962
91,0.2525813102722168,0.001604175567626953,0.21981079577072898,0.2458999879641127,0.001,"(50, 50)",5,"{'NN__alpha': 0.001, 'NN__hidden_layer_sizes': (50, 50), 'gmm__n_components': 5}",111,0.16483516483516483,0.21144452198185626,0.26519337016574585,0.3121951219512195,0.3147632311977716,0.34840055632823363,0.226890756302521,0.22847222222222222,0.1267605633802817,0.1289875173370319,0.09996223170459455,0.00020034332353691036,0.06744412075035804,0.07753817543413431
92,0.5885087013244629,0.002300453186035156,0.39677239844184753,0.4657504685877004,0.001,"(50, 50)",10,"{'NN__alpha': 0.001, 'NN__hidden_layer_sizes': (50, 50), 'gmm__n_components': 10}",91,0.24725274725274726,0.2721563154221912,0.5,0.6536585365853659,0.6100278551532033,0.7051460361613352,0.10084033613445378,0.1076388888888889,0.5267605633802817,0.5901525658807212,0.2012792135466687,0.00040541797251451226,0.19104114602420838,0.23401630766152565
93,0.618990421295166,0.004811811447143555,0.6021146355036171,0.6438918143222743,0.001,"(50, 50)",15,"{'NN__alpha': 0.001, 'NN__hidden_layer_sizes': (50, 50), 'gmm__n_components': 15}",45,0.5,0.5826936496859735,0.6049723756906077,0.627177700348432,0.48467966573816157,0.5890125173852573,0.7927170868347339,0.7347222222222223,0.6309859154929578,0.6858529819694869,0.08187485029889255,0.0036470841164414963,0.11068400967120662,0.05839043891369898
94,0.5362887382507324,0.005118036270141601,0.6850306065664997,0.7121585656277124,0.001,"(50, 50)",20,"{'NN__alpha': 0.001, 'NN__hidden_layer_sizes': (50, 50), 'gmm__n_components': 20}",19,0.7197802197802198,0.7090020935101187,0.643646408839779,0.7393728222996516,0.6128133704735376,0.6933240611961057,0.7086834733893558,0.6666666666666666,0.7408450704225352,0.7524271844660194,0.11480362548869504,0.0017466506156076072,0.04856005553560478,0.030972220371960422
95,0.6887901306152344,0.004807567596435547,0.6126878130217028,0.6499679597922394,0.001,"(50, 50)",25,"{'NN__alpha': 0.001, 'NN__hidden_layer_sizes': (50, 50), 'gmm__n_components': 25}",39,0.7060439560439561,0.697138869504536,0.27071823204419887,0.34843205574912894,0.7019498607242339,0.7788595271210014,0.7254901960784313,0.7201388888888889,0.6619718309859155,0.7052704576976422,0.1767191284973374,0.000510528272661423,0.17298181568032647,0.15345641586034153
96,0.5567235469818115,0.004712629318237305,0.7195325542570952,0.7626894939777038,0.001,"(50, 50)",30,"{'NN__alpha': 0.001, 'NN__hidden_layer_sizes': (50, 50), 'gmm__n_components': 30}",2,0.8324175824175825,0.7376133984647593,0.7099447513812155,0.8202090592334494,0.6128133704735376,0.778164116828929,0.8151260504201681,0.7493055555555556,0.6253521126760564,0.7281553398058253,0.20226545679420277,0.0005115577704760224,0.0918841517153737,0.03331219751930783
97,0.5236937522888183,0.0059814929962158205,0.6510851419031719,0.7694818911997818,0.001,"(50, 50)",35,"{'NN__alpha': 0.001, 'NN__hidden_layer_sizes': (50, 50), 'gmm__n_components': 35}",35,0.6153846153846154,0.7390090718771808,0.6823204419889503,0.7923344947735191,0.5710306406685237,0.8122392211404729,0.803921568627451,0.7590277777777777,0.5830985915492958,0.7447988904299584,0.062171122319165086,0.0014635847236066863,0.08537412175093294,0.02827565201959673
98,0.5514973640441895,0.007249879837036133,0.5809682804674458,0.7902493572646354,0.001,"(50, 50)",40,"{'NN__alpha': 0.001, 'NN__hidden_layer_sizes': (50, 50), 'gmm__n_components': 40}",54,0.5906593406593407,0.7815771109560363,0.6104972375690608,0.8250871080139373,0.5933147632311978,0.8511821974965229,0.6050420168067226,0.7416666666666667,0.504225352112676,0.7517337031900139,0.1400007272269253,0.0005318291483133324,0.038778089344752166,0.042060483084639166
99,0.08704447746276855,0.0016097068786621095,0.1018363939899833,0.10183626058684452,0.001,"(50,)",2,"{'NN__alpha': 0.001, 'NN__hidden_layer_sizes': (50,), 'gmm__n_components': 2}",165,0.10164835164835165,0.10188415910676901,0.10220994475138122,0.10174216027874565,0.10306406685236769,0.10152990264255911,0.10084033613445378,0.10208333333333333,0.10140845070422536,0.10194174757281553,0.04767899475043806,0.0009832585653647694,0.0007547535698188662,0.00018824280729356718
100,0.21030607223510742,0.0019967079162597655,0.1407902058987201,0.15421659070443394,0.001,"(50,)",5,"{'NN__alpha': 0.001, 'NN__hidden_layer_sizes': (50,), 'gmm__n_components': 5}",137,0.1346153846153846,0.14096301465457084,0.2265193370165746,0.27665505226480835,0.10584958217270195,0.09596662030598054,0.13445378151260504,0.15625,0.10140845070422536,0.10124826629680998,0.05747665221137033,0.0006280222418140507,0.04523842267066667,0.06537533379297741
101,0.5976717948913575,0.00250701904296875,0.4323873121869783,0.5124868317409739,0.001,"(50,)",10,"{'NN__alpha': 0.001, 'NN__hidden_layer_sizes': (50,), 'gmm__n_components': 10}",79,0.3021978021978022,0.3524075366364271,0.44751381215469616,0.6411149825783972,0.6100278551532033,0.7051460361613352,0.2773109243697479,0.275,0.5267605633802817,0.5887656033287101,0.21980492724819106,0.0008964430955484354,0.12775219775648342,0.16822995999655335
102,0.6158416271209717,0.0031092166900634766,0.5715080690038954,0.5941553702526654,0.001,"(50,)",15,"{'NN__alpha': 0.001, 'NN__hidden_layer_sizes': (50,), 'gmm__n_components': 15}",62,0.489010989010989,0.5826936496859735,0.5994475138121547,0.6020905923344948,0.4596100278551532,0.4916550764951321,0.7927170868347339,0.7173611111111111,0.5183098591549296,0.5769764216366158,0.0920355961170471,0.0004920250172469807,0.11965653854698084,0.07235388015061645
103,0.4723243713378906,0.004510641098022461,0.43628269337785197,0.4625819350714795,0.001,"(50,)",20,"{'NN__alpha': 0.001, 'NN__hidden_layer_sizes': (50,), 'gmm__n_components': 20}",78,0.0989010989010989,0.10048848569434753,0.6187845303867403,0.7337979094076655,0.6629526462395543,0.7086230876216968,0.7002801120448179,0.6701388888888888,0.10140845070422536,0.09986130374479889,0.12214548586103015,0.001848909717890822,0.27573547605416276,0.296598100139965
104,0.6251012802124023,0.004713916778564453,0.5870895937673901,0.6419255309586089,0.001,"(50,)",25,"{'NN__alpha': 0.001, 'NN__hidden_layer_sizes': (50,), 'gmm__n_components': 25}",51,0.6813186813186813,0.6824842986741103,0.6104972375690608,0.778397212543554,0.7019498607242339,0.7990264255910987,0.26330532212885155,0.24791666666666667,0.676056338028169,0.7018030513176144,0.17992749084956272,0.0006811859155325984,0.16412020269264374,0.20188042361384154
105,0.5343522548675537,0.004611682891845703,0.7122982749026154,0.7707835873577409,0.001,"(50,)",30,"{'NN__alpha': 0.001, 'NN__hidden_layer_sizes': (50,), 'gmm__n_components': 30}",9,0.8131868131868132,0.7704117236566643,0.7099447513812155,0.8125435540069686,0.6128133704735376,0.8178025034770514,0.8011204481792717,0.7284722222222222,0.6225352112676056,0.7246879334257975,0.1826037005263887,0.0003748781835263417,0.08484814844898494,0.03967334747972807
106,0.5838222980499268,0.005614852905273438,0.6538675570395103,0.7714547757287318,0.001,"(50,)",35,"{'NN__alpha': 0.001, 'NN__hidden_layer_sizes': (50,), 'gmm__n_components': 35}",31,0.6263736263736264,0.7424982554082344,0.6823204419889503,0.8139372822299652,0.5710306406685237,0.8497913769123783,0.803921568627451,0.7048611111111112,0.5859154929577465,0.7461858529819695,0.1560532913373156,0.0003751587548866556,0.08409772031213014,0.05263668138606456
107,0.4742439746856689,0.008926486968994141,0.4980523094045632,0.6620450837908265,0.001,"(50,)",40,"{'NN__alpha': 0.001, 'NN__hidden_layer_sizes': (50,), 'gmm__n_components': 40}",72,0.5906593406593407,0.7871598046057222,0.6104972375690608,0.8432055749128919,0.1615598885793872,0.22183588317107092,0.6078431372549019,0.7354166666666667,0.5183098591549296,0.7226074895977809,0.07515944263693174,0.002866556627940262,0.17140663142518314,0.22419105753320936
108,0.07840938568115234,0.0014040946960449218,0.09738452977184196,0.09669059422875731,0.001,"(25,)",2,"{'NN__alpha': 0.001, 'NN__hidden_layer_sizes': (25,), 'gmm__n_components': 2}",177,0.09615384615384616,0.10258199581297976,0.09668508287292818,0.09128919860627177,0.10027855153203342,0.09596662030598054,0.09803921568627451,0.09652777777777778,0.09577464788732394,0.0970873786407767,0.04823654985642772,0.00037564368793727854,0.0016357576082732894,0.003594211251564846
109,0.20215778350830077,0.0015136241912841798,0.10127991096271564,0.10127973527921272,0.001,"(25,)",5,"{'NN__alpha': 0.001, 'NN__hidden_layer_sizes': (25,), 'gmm__n_components': 5}",169,0.10164835164835165,0.10118632240055828,0.10220994475138122,0.10104529616724739,0.10027855153203342,0.10152990264255911,0.10084033613445378,0.10138888888888889,0.10140845070422536,0.10124826629680998,0.06558009955017664,1.9488936088994222e-05,0.0006661181333437533,0.0001668389523822827
110,0.5818894863128662,0.0024010181427001954,0.27378964941569284,0.3150818016529163,0.001,"(25,)",10,"{'NN__alpha': 0.001, 'NN__hidden_layer_sizes': (25,), 'gmm__n_components': 10}",101,0.22802197802197802,0.2721563154221912,0.1464088397790055,0.19094076655052264,0.6128133704735376,0.6835883171070932,0.09803921568627451,0.10972222222222222,0.28450704225352114,0.31900138696255204,0.20428515389598467,0.00036693415902695065,0.18114596950034026,0.19760494220012237
111,0.5519054412841797,0.003408336639404297,0.2042292710072343,0.248078789072735,0.001,"(25,)",15,"{'NN__alpha': 0.001, 'NN__hidden_layer_sizes': (25,), 'gmm__n_components': 15}",115,0.04395604395604396,0.06838799720865317,0.08839779005524862,0.10801393728222997,0.181058495821727,0.2663421418636996,0.10084033613445378,0.10555555555555556,0.6140845070422535,0.6920943134535368,0.10787394070394446,0.0008628866031648602,0.20813901061696372,0.23225122235474024
112,0.445570182800293,0.0033085823059082033,0.1213132999443517,0.11621431240413807,0.001,"(25,)",20,"{'NN__alpha': 0.001, 'NN__hidden_layer_sizes': (25,), 'gmm__n_components': 20}",149,0.1978021978021978,0.17445917655268667,0.10497237569060773,0.1059233449477352,0.10027855153203342,0.09735744089012517,0.10084033613445378,0.10208333333333333,0.10140845070422536,0.10124826629680998,0.08955775375408576,0.0004008653855051061,0.03858511330945039,0.02924933134194287
113,0.6018290996551514,0.004052352905273437,0.2376182526432944,0.24651142061752968,0.001,"(25,)",25,"{'NN__alpha': 0.001, 'NN__hidden_layer_sizes': (25,), 'gmm__n_components': 25}",107,0.5796703296703297,0.581297976273552,0.3011049723756906,0.36445993031358886,0.10863509749303621,0.09944367176634214,0.08123249299719888,0.08333333333333333,0.10985915492957747,0.10402219140083217,0.10358395080814552,0.0003276805522359286,0.18952082888438956,0.19725774010273847
114,0.506812572479248,0.0048103809356689455,0.46355036171396774,0.4831805659478962,0.001,"(25,)",30,"{'NN__alpha': 0.001, 'NN__hidden_layer_sizes': (25,), 'gmm__n_components': 30}",75,0.7939560439560439,0.7676203768318214,0.16574585635359115,0.13101045296167246,0.403899721448468,0.6203059805285118,0.7899159663865546,0.7125,0.16056338028169015,0.18446601941747573,0.15228535977398105,0.0006011154618487505,0.2828175982319885,0.2703889631487093
115,0.5164063453674317,0.007793998718261719,0.5153032832498609,0.5824795611519838,0.001,"(25,)",35,"{'NN__alpha': 0.001, 'NN__hidden_layer_sizes': (25,), 'gmm__n_components': 35}",68,0.31868131868131866,0.2854152128401954,0.6823204419889503,0.7839721254355401,0.5348189415041783,0.7969401947148818,0.7338935574229691,0.7166666666666667,0.30704225352112674,0.32940360610263525,0.10976959502221516,0.004383091320151237,0.1777280351482575,0.22666868427650905
116,0.42779078483581545,0.0065176963806152345,0.10127991096271564,0.10072340704555487,0.001,"(25,)",40,"{'NN__alpha': 0.001, 'NN__hidden_layer_sizes': (25,), 'gmm__n_components': 40}",169,0.10164835164835165,0.10118632240055828,0.10220994475138122,0.10104529616724739,0.10027855153203342,0.09874826147426982,0.10084033613445378,0.10138888888888889,0.10140845070422536,0.10124826629680998,0.09020445379683566,0.0007089437992341339,0.0006661181333437533,0.0009937249697742504
117,0.08634896278381347,0.0012019157409667968,0.10406232609905398,0.1047578511192164,0.001,"(25, 25)",2,"{'NN__alpha': 0.001, 'NN__hidden_layer_sizes': (25, 25), 'gmm__n_components': 2}",157,0.10164835164835165,0.09909281228192603,0.10220994475138122,0.10801393728222997,0.10306406685236769,0.11126564673157163,0.11204481792717087,0.10555555555555556,0.10140845070422536,0.09986130374479889,0.04151107791903262,0.00024389353183896153,0.004015094103335404,0.004683133020080402
118,0.21995787620544432,0.0019050121307373046,0.15191986644407346,0.165268906781262,0.001,"(25, 25)",5,"{'NN__alpha': 0.001, 'NN__hidden_layer_sizes': (25, 25), 'gmm__n_components': 5}",133,0.10989010989010989,0.1374738311235171,0.10220994475138122,0.10174216027874565,0.3147632311977716,0.3344923504867872,0.13165266106442577,0.15069444444444444,0.10140845070422536,0.10194174757281553,0.07243781382284052,0.0003751963840858841,0.08209104041533935,0.08679577374203312
119,0.5601101875305176,0.0026074886322021485,0.19977740678909292,0.23328695335759994,0.001,"(25, 25)",10,"{'NN__alpha': 0.001, 'NN__hidden_layer_sizes': (25, 25), 'gmm__n_components': 10}",123,0.23626373626373626,0.24145150034891835,0.1408839779005525,0.23763066202090594,0.22562674094707522,0.24200278164116829,0.0784313725490196,0.09722222222222222,0.3183098591549296,0.34812760055478503,0.19931926496362407,0.000736508396474095,0.08247875795034512,0.07982916585159178
120,0.6226589202880859,0.002707242965698242,0.13745130773511408,0.13634608367849085,0.001,"(25, 25)",15,"{'NN__alpha': 0.001, 'NN__hidden_layer_sizes': (25, 25), 'gmm__n_components': 15}",141,0.20054945054945056,0.19469644103279832,0.09944751381215469,0.10034843205574913,0.10027855153203342,0.10013908205841446,0.10084033613445378,0.1,0.18591549295774648,0.18654646324549237,0.10960524895391423,0.0002456710204899875,0.04586672199936094,0.044390670189756676
121,0.4738123416900635,0.004612398147583008,0.3761825264329438,0.3805910592078773,0.001,"(25, 25)",20,"{'NN__alpha': 0.001, 'NN__hidden_layer_sizes': (25, 25), 'gmm__n_components': 20}",96,0.21428571428571427,0.24005582693649685,0.46408839779005523,0.4480836236933798,0.5348189415041783,0.6008344923504868,0.22408963585434175,0.18055555555555555,0.4450704225352113,0.4334257975034674,0.13147168088931094,0.001500817525884175,0.13200917969475748,0.15206464408602363
122,0.6055999279022217,0.004517078399658203,0.20311630495269895,0.23702895533395316,0.001,"(25, 25)",25,"{'NN__alpha': 0.001, 'NN__hidden_layer_sizes': (25, 25), 'gmm__n_components': 25}",121,0.0989010989010989,0.10048848569434753,0.6104972375690608,0.778397212543554,0.10027855153203342,0.10639777468706536,0.10084033613445378,0.1,0.10140845070422536,0.09986130374479889,0.2560534090273759,0.000716271981859889,0.20461272502861413,0.27069514009791995
123,0.5144568920135498,0.0046122074127197266,0.31886477462437396,0.30875772071475055,0.001,"(25, 25)",30,"{'NN__alpha': 0.001, 'NN__hidden_layer_sizes': (25, 25), 'gmm__n_components': 30}",98,0.5796703296703297,0.48220516399162594,0.09392265193370165,0.1289198606271777,0.14763231197771587,0.15855354659248957,0.1484593837535014,0.13333333333333333,0.6253521126760564,0.6407766990291263,0.1833377139997113,0.0002005103368677352,0.23271081927108547,0.2126016383158795
124,0.4567668914794922,0.015368080139160157,0.10239287701725097,0.10488689262944054,0.001,"(25, 25)",35,"{'NN__alpha': 0.001, 'NN__hidden_layer_sizes': (25, 25), 'gmm__n_components': 35}",161,0.10164835164835165,0.10048848569434753,0.09944751381215469,0.10104529616724739,0.10027855153203342,0.10083449235048679,0.1092436974789916,0.10972222222222222,0.10140845070422536,0.11234396671289876,0.055254091864504425,0.019722791985080323,0.0035026358814742595,0.005089482510489414
125,0.434583854675293,0.007586765289306641,0.19922092376182526,0.22614390969675435,0.001,"(25, 25)",40,"{'NN__alpha': 0.001, 'NN__hidden_layer_sizes': (25, 25), 'gmm__n_components': 40}",127,0.10164835164835165,0.10676901605024425,0.10220994475138122,0.10174216027874565,0.1671309192200557,0.15507649513212796,0.10084033613445378,0.10208333333333333,0.5295774647887324,0.6650485436893204,0.08895355576937022,0.0014486091507230616,0.16586955219122979,0.22036562447534763
126,0.1368577003479004,0.0015900611877441406,0.12910406232609906,0.12579310958473106,0.001,"(100, 25, 100)",2,"{'NN__alpha': 0.001, 'NN__hidden_layer_sizes': (100, 25, 100), 'gmm__n_components': 2}",145,0.11538461538461539,0.12212142358688068,0.16298342541436464,0.1651567944250871,0.10306406685236769,0.1133518776077886,0.16526610644257703,0.12986111111111112,0.09859154929577464,0.09847434119278779,0.02920055448676063,0.00014103859769782294,0.029129538797888786,0.0222738813782109
127,0.2587613582611084,0.0019054889678955078,0.20534223706176963,0.22128282060632118,0.001,"(100, 25, 100)",5,"{'NN__alpha': 0.001, 'NN__hidden_layer_sizes': (100, 25, 100), 'gmm__n_components': 5}",113,0.17307692307692307,0.1856245638520586,0.26795580110497236,0.3010452961672474,0.28969359331476324,0.3157162726008345,0.19607843137254902,0.20416666666666666,0.09859154929577464,0.09986130374479889,0.06036171477519915,0.00037500535063314815,0.06848630289844458,0.0794825617611803
128,0.644498634338379,0.0029082298278808594,0.42125765164162493,0.494082865357895,0.001,"(100, 25, 100)",10,"{'NN__alpha': 0.001, 'NN__hidden_layer_sizes': (100, 25, 100), 'gmm__n_components': 10}",85,0.3076923076923077,0.3712491277041172,0.505524861878453,0.6536585365853659,0.6100278551532033,0.7093184979137691,0.2689075630252101,0.2916666666666667,0.4140845070422535,0.4445214979195562,0.18548551482257591,0.0001956354833693792,0.1256307287179438,0.16143577429453923
129,0.6856786727905273,0.003408002853393555,0.6026711185308848,0.6425496120499108,0.001,"(100, 25, 100)",15,"{'NN__alpha': 0.001, 'NN__hidden_layer_sizes': (100, 25, 100), 'gmm__n_components': 15}",44,0.5576923076923077,0.6001395673412422,0.6132596685082873,0.6425087108013937,0.5403899721448467,0.5994436717663422,0.773109243697479,0.7430555555555556,0.5295774647887324,0.6276005547850209,0.11437568284105959,0.0005853320020938331,0.08963144949219798,0.05288034539581376
130,0.5688689231872559,0.004821014404296875,0.6978297161936561,0.7306474984780388,0.001,"(100, 25, 100)",20,"{'NN__alpha': 0.001, 'NN__hidden_layer_sizes': (100, 25, 100), 'gmm__n_components': 20}",13,0.717032967032967,0.7222609909281228,0.643646408839779,0.7554006968641115,0.6629526462395543,0.7058414464534075,0.7058823529411765,0.6784722222222223,0.7605633802816901,0.7912621359223301,0.11471680355970534,0.000688339854948115,0.04122463787981828,0.03922955080331009
131,0.688467264175415,0.004938507080078125,0.6722314969393434,0.7236065928132298,0.001,"(100, 25, 100)",25,"{'NN__alpha': 0.001, 'NN__hidden_layer_sizes': (100, 25, 100), 'gmm__n_components': 25}",23,0.6840659340659341,0.6929518492672715,0.6104972375690608,0.7811846689895471,0.6908077994428969,0.7614742698191933,0.7254901960784313,0.7263888888888889,0.6507042253521127,0.6560332871012483,0.1685492463185767,0.0004954386629191607,0.038988532515961107,0.04530519161455955
132,0.6915053367614746,0.011784887313842774,0.7273233166388425,0.7775935057407181,0.001,"(100, 25, 100)",30,"{'NN__alpha': 0.001, 'NN__hidden_layer_sizes': (100, 25, 100), 'gmm__n_components': 30}",1,0.8104395604395604,0.7752965806001396,0.7099447513812155,0.8125435540069686,0.6155988857938719,0.8164116828929068,0.8179271708683473,0.7590277777777777,0.6816901408450704,0.7246879334257975,0.15584306132957676,0.008574834860415484,0.07743451224977056,0.034285035957678574
133,0.6848499774932861,0.006617879867553711,0.6588759042849193,0.7896510087183245,0.001,"(100, 25, 100)",35,"{'NN__alpha': 0.001, 'NN__hidden_layer_sizes': (100, 25, 100), 'gmm__n_components': 35}",30,0.6208791208791209,0.7515701325889742,0.6823204419889503,0.8132404181184669,0.5710306406685237,0.8525730180806675,0.803921568627451,0.7583333333333333,0.6169014084507042,0.7725381414701803,0.17416132446613222,0.0005842796161348063,0.08045135542746013,0.03805112256371295
134,0.5907632350921631,0.007620525360107422,0.5804117974401781,0.8056771919868106,0.001,"(100, 25, 100)",40,"{'NN__alpha': 0.001, 'NN__hidden_layer_sizes': (100, 25, 100), 'gmm__n_components': 40}",58,0.5906593406593407,0.7815771109560363,0.6104972375690608,0.8522648083623693,0.5738161559888579,0.8511821974965229,0.6218487394957983,0.7638888888888888,0.504225352112676,0.7794729542302358,0.0483193232849298,0.0012840619393442634,0.041231929107655656,0.038091599556573985
135,0.13515443801879884,0.0012032508850097657,0.112409571508069,0.12217909027920333,0.0001,"(50, 50)",2,"{'NN__alpha': 0.0001, 'NN__hidden_layer_sizes': (50, 50), 'gmm__n_components': 2}",154,0.1043956043956044,0.11793440334961619,0.16298342541436464,0.16794425087108014,0.10027855153203342,0.10987482614742698,0.09803921568627451,0.11736111111111111,0.09577464788732394,0.09778085991678225,0.11423480887523194,0.00024561267797706515,0.025560604318971242,0.024009784568116962
136,0.2394798755645752,0.0017097949981689452,0.21981079577072898,0.2458999879641127,0.0001,"(50, 50)",5,"{'NN__alpha': 0.0001, 'NN__hidden_layer_sizes': (50, 50), 'gmm__n_components': 5}",111,0.16483516483516483,0.21144452198185626,0.26519337016574585,0.3121951219512195,0.3147632311977716,0.34840055632823363,0.226890756302521,0.22847222222222222,0.1267605633802817,0.1289875173370319,0.07008624776375146,0.0007601084876728433,0.06744412075035804,0.07753817543413431
137,0.6002002716064453,0.002606773376464844,0.39677239844184753,0.4657504685877004,0.0001,"(50, 50)",10,"{'NN__alpha': 0.0001, 'NN__hidden_layer_sizes': (50, 50), 'gmm__n_components': 10}",91,0.24725274725274726,0.2721563154221912,0.5,0.6536585365853659,0.6100278551532033,0.7051460361613352,0.10084033613445378,0.1076388888888889,0.5267605633802817,0.5901525658807212,0.19303421639745882,0.0009720182558122091,0.19104114602420838,0.23401630766152565
138,0.6521037101745606,0.003103351593017578,0.6032276015581525,0.6438918143222743,0.0001,"(50, 50)",15,"{'NN__alpha': 0.0001, 'NN__hidden_layer_sizes': (50, 50), 'gmm__n_components': 15}",43,0.5,0.5826936496859735,0.6049723756906077,0.627177700348432,0.49025069637883006,0.5890125173852573,0.7927170868347339,0.7347222222222223,0.6309859154929578,0.6858529819694869,0.11066028045026817,0.0005850418766000786,0.10951944759502935,0.05839043891369898
139,0.5225430488586426,0.005513715744018555,0.676126878130217,0.7089529907148203,0.0001,"(50, 50)",20,"{'NN__alpha': 0.0001, 'NN__hidden_layer_sizes': (50, 50), 'gmm__n_components': 20}",22,0.7197802197802198,0.7090020935101187,0.5994475138121547,0.7233449477351916,0.6128133704735376,0.6933240611961057,0.7086834733893558,0.6666666666666666,0.7408450704225352,0.7524271844660194,0.1353088096273996,0.003831181765211863,0.058389081927086174,0.028738590778546992
140,0.7339912414550781,0.00400996208190918,0.6844741235392321,0.7287150524212654,0.0001,"(50, 50)",25,"{'NN__alpha': 0.0001, 'NN__hidden_layer_sizes': (50, 50), 'gmm__n_components': 25}",20,0.7060439560439561,0.6957431960921144,0.6270718232044199,0.7456445993031359,0.7019498607242339,0.7788595271210014,0.7254901960784313,0.7194444444444444,0.6619718309859155,0.7038834951456311,0.26287931204739295,1.3402432749324032e-06,0.03540161962688557,0.030301061431313215
141,0.577690601348877,0.00592961311340332,0.7139677239844184,0.753676080142512,0.0001,"(50, 50)",30,"{'NN__alpha': 0.0001, 'NN__hidden_layer_sizes': (50, 50), 'gmm__n_components': 30}",8,0.8324175824175825,0.7431960921144453,0.7099447513812155,0.8139372822299652,0.6128133704735376,0.778164116828929,0.8095238095238095,0.7527777777777778,0.6028169014084507,0.6803051317614425,0.22030321279262352,0.0012578915663879193,0.09562458495829747,0.04410217586542564
142,0.5854748249053955,0.009322071075439453,0.6510851419031719,0.7693431949445807,0.0001,"(50, 50)",35,"{'NN__alpha': 0.0001, 'NN__hidden_layer_sizes': (50, 50), 'gmm__n_components': 35}",35,0.6153846153846154,0.7390090718771808,0.6823204419889503,0.7923344947735191,0.5710306406685237,0.8122392211404729,0.803921568627451,0.7590277777777777,0.5830985915492958,0.7441054091539528,0.15098560662749505,0.004892610491828601,0.08537412175093294,0.028397822509586064
143,0.5204590320587158,0.006617689132690429,0.5809682804674458,0.7917771350424132,0.0001,"(50, 50)",40,"{'NN__alpha': 0.0001, 'NN__hidden_layer_sizes': (50, 50), 'gmm__n_components': 40}",54,0.5906593406593407,0.7815771109560363,0.6104972375690608,0.8250871080139373,0.5933147632311978,0.8511821974965229,0.6050420168067226,0.7493055555555556,0.504225352112676,0.7517337031900139,0.10899821138121465,0.0008625206508975219,0.038778089344752166,0.04037293086841534
144,0.08551416397094727,0.0010027885437011719,0.1018363939899833,0.10183626058684452,0.0001,"(50,)",2,"{'NN__alpha': 0.0001, 'NN__hidden_layer_sizes': (50,), 'gmm__n_components': 2}",165,0.10164835164835165,0.10188415910676901,0.10220994475138122,0.10174216027874565,0.10306406685236769,0.10152990264255911,0.10084033613445378,0.10208333333333333,0.10140845070422536,0.10194174757281553,0.051117105974287466,1.5078914929239175e-07,0.0007547535698188662,0.00018824280729356718
145,0.22014718055725097,0.0016042709350585938,0.1407902058987201,0.15421659070443394,0.0001,"(50,)",5,"{'NN__alpha': 0.0001, 'NN__hidden_layer_sizes': (50,), 'gmm__n_components': 5}",137,0.1346153846153846,0.14096301465457084,0.2265193370165746,0.27665505226480835,0.10584958217270195,0.09596662030598054,0.13445378151260504,0.15625,0.10140845070422536,0.10124826629680998,0.08257104849537585,0.0003753238674448359,0.04523842267066667,0.06537533379297741
146,0.5834877967834473,0.0021066188812255858,0.4323873121869783,0.5126262045632736,0.0001,"(50,)",10,"{'NN__alpha': 0.0001, 'NN__hidden_layer_sizes': (50,), 'gmm__n_components': 10}",79,0.3021978021978022,0.3524075366364271,0.44751381215469616,0.6418118466898954,0.6100278551532033,0.7051460361613352,0.2773109243697479,0.275,0.5267605633802817,0.5887656033287101,0.16033711859481603,0.00037647304980347585,0.12775219775648342,0.16833672111691828
147,0.6309849262237549,0.003509712219238281,0.5698386199220924,0.5942944523110798,0.0001,"(50,)",15,"{'NN__alpha': 0.0001, 'NN__hidden_layer_sizes': (50,), 'gmm__n_components': 15}",67,0.489010989010989,0.5826936496859735,0.5939226519337016,0.6020905923344948,0.4568245125348189,0.49235048678720444,0.7927170868347339,0.7173611111111111,0.5183098591549296,0.5769764216366158,0.11002187394553993,0.0005492515492563295,0.11993726129352916,0.0721571163811158
148,0.5246713638305665,0.003927850723266601,0.4257095158597663,0.4429707833072696,0.0001,"(50,)",20,"{'NN__alpha': 0.0001, 'NN__hidden_layer_sizes': (50,), 'gmm__n_components': 20}",82,0.0989010989010989,0.10048848569434753,0.6187845303867403,0.732404181184669,0.6044568245125348,0.6119610570236439,0.7058823529411765,0.6701388888888888,0.10140845070422536,0.09986130374479889,0.12136700153878907,0.0002122211222733677,0.26813789633782575,0.28247229660799994
149,0.668135118484497,0.0045168399810791016,0.5887590428491931,0.6419255309586089,0.0001,"(50,)",25,"{'NN__alpha': 0.0001, 'NN__hidden_layer_sizes': (50,), 'gmm__n_components': 25}",50,0.6868131868131868,0.6824842986741103,0.6104972375690608,0.778397212543554,0.7047353760445683,0.7990264255910987,0.26330532212885155,0.24791666666666667,0.676056338028169,0.7018030513176144,0.2134528101751334,0.000776451926552327,0.16516023217307557,0.20188042361384154
150,0.511460828781128,0.004662036895751953,0.7161936560934892,0.7638037644471503,0.0001,"(50,)",30,"{'NN__alpha': 0.0001, 'NN__hidden_layer_sizes': (50,), 'gmm__n_components': 30}",5,0.8296703296703297,0.7334263782274948,0.7099447513812155,0.8125435540069686,0.6155988857938719,0.8198887343532685,0.8011204481792717,0.7284722222222222,0.6225352112676056,0.7246879334257975,0.13595999163062727,0.0005843777209414662,0.08833804935789032,0.04294704330155122
151,0.5141746044158936,0.0066379070281982425,0.6521981079577073,0.7681098279935401,0.0001,"(50,)",35,"{'NN__alpha': 0.0001, 'NN__hidden_layer_sizes': (50,), 'gmm__n_components': 35}",34,0.6263736263736264,0.7424982554082344,0.6740331491712708,0.797212543554007,0.5710306406685237,0.8497913769123783,0.803921568627451,0.7048611111111112,0.5859154929577465,0.7461858529819695,0.062188342312110644,0.001312331685035147,0.08359708983893317,0.050310748363839704
152,0.4751455307006836,0.007215166091918945,0.4980523094045632,0.6627419479023249,0.0001,"(50,)",40,"{'NN__alpha': 0.0001, 'NN__hidden_layer_sizes': (50,), 'gmm__n_components': 40}",72,0.5906593406593407,0.7871598046057222,0.6104972375690608,0.8466898954703833,0.1615598885793872,0.22183588317107092,0.6078431372549019,0.7354166666666667,0.5183098591549296,0.7226074895977809,0.05865850995350184,0.0007430438793130051,0.17140663142518314,0.2247577835039025
153,0.08070745468139648,0.0013037681579589843,0.09738452977184196,0.09669059422875731,0.0001,"(25,)",2,"{'NN__alpha': 0.0001, 'NN__hidden_layer_sizes': (25,), 'gmm__n_components': 2}",177,0.09615384615384616,0.10258199581297976,0.09668508287292818,0.09128919860627177,0.10027855153203342,0.09596662030598054,0.09803921568627451,0.09652777777777778,0.09577464788732394,0.0970873786407767,0.046500934675439455,0.0002456516115490468,0.0016357576082732894,0.003594211251564846
154,0.20754265785217285,0.0019086837768554688,0.10127991096271564,0.10127973527921272,0.0001,"(25,)",5,"{'NN__alpha': 0.0001, 'NN__hidden_layer_sizes': (25,), 'gmm__n_components': 5}",169,0.10164835164835165,0.10118632240055828,0.10220994475138122,0.10104529616724739,0.10027855153203342,0.10152990264255911,0.10084033613445378,0.10138888888888889,0.10140845070422536,0.10124826629680998,0.09878317630363809,0.00038110359622108627,0.0006661181333437533,0.0001668389523822827
155,0.5829426288604737,0.0032124996185302736,0.27378964941569284,0.3150818016529163,0.0001,"(25,)",10,"{'NN__alpha': 0.0001, 'NN__hidden_layer_sizes': (25,), 'gmm__n_components': 10}",101,0.22802197802197802,0.2721563154221912,0.1464088397790055,0.19094076655052264,0.6128133704735376,0.6835883171070932,0.09803921568627451,0.10972222222222222,0.28450704225352114,0.31900138696255204,0.09233796598238164,0.0016416721217337499,0.18114596950034026,0.19760494220012237
156,0.5590865612030029,0.003460550308227539,0.2042292710072343,0.248078789072735,0.0001,"(25,)",15,"{'NN__alpha': 0.0001, 'NN__hidden_layer_sizes': (25,), 'gmm__n_components': 15}",115,0.04395604395604396,0.06838799720865317,0.08839779005524862,0.10801393728222997,0.181058495821727,0.2663421418636996,0.10084033613445378,0.10555555555555556,0.6140845070422535,0.6920943134535368,0.07147018621329278,0.0016689097920958966,0.20813901061696372,0.23225122235474024
157,0.4609687805175781,0.0037099838256835936,0.1213132999443517,0.11621431240413807,0.0001,"(25,)",20,"{'NN__alpha': 0.0001, 'NN__hidden_layer_sizes': (25,), 'gmm__n_components': 20}",149,0.1978021978021978,0.17445917655268667,0.10497237569060773,0.1059233449477352,0.10027855153203342,0.09735744089012517,0.10084033613445378,0.10208333333333333,0.10140845070422536,0.10124826629680998,0.14120726374823137,0.0005116420800783122,0.03858511330945039,0.02924933134194287
158,0.59660964012146,0.005012798309326172,0.221480244852532,0.2371606032732482,0.0001,"(25,)",25,"{'NN__alpha': 0.0001, 'NN__hidden_layer_sizes': (25,), 'gmm__n_components': 25}",108,0.49725274725274726,0.5352407536636427,0.30386740331491713,0.3637630662020906,0.10863509749303621,0.09944367176634214,0.08123249299719888,0.08333333333333333,0.10985915492957747,0.10402219140083217,0.23121206784161352,0.0007096208722637287,0.16026557381409665,0.1817881066479122
159,0.5598915100097657,0.0053139209747314455,0.5954368391764051,0.6393608983825538,0.0001,"(25,)",30,"{'NN__alpha': 0.0001, 'NN__hidden_layer_sizes': (25,), 'gmm__n_components': 30}",49,0.7939560439560439,0.7676203768318214,0.7154696132596685,0.7770034843205574,0.5097493036211699,0.7545201668984701,0.7899159663865546,0.7131944444444445,0.16056338028169015,0.18446601941747573,0.20849149651902277,0.0007501260419646156,0.23921947646029762,0.2284899892046153
160,0.5561815738677979,0.006372785568237305,0.5147468002225932,0.5831727442767513,0.0001,"(25,)",35,"{'NN__alpha': 0.0001, 'NN__hidden_layer_sizes': (25,), 'gmm__n_components': 35}",69,0.31868131868131866,0.28611304954640615,0.6823204419889503,0.778397212543554,0.5348189415041783,0.803894297635605,0.7310924369747899,0.7180555555555556,0.30704225352112674,0.32940360610263525,0.15119920483220015,0.0006654508405740508,0.17704581335146313,0.22700978288549334
161,0.4186910629272461,0.007522964477539062,0.10127991096271564,0.10072340704555487,0.0001,"(25,)",40,"{'NN__alpha': 0.0001, 'NN__hidden_layer_sizes': (25,), 'gmm__n_components': 40}",169,0.10164835164835165,0.10118632240055828,0.10220994475138122,0.10104529616724739,0.10027855153203342,0.09874826147426982,0.10084033613445378,0.10138888888888889,0.10140845070422536,0.10124826629680998,0.09637345513777193,0.0013797975636163948,0.0006661181333437533,0.0009937249697742504
162,0.12212414741516113,0.001481008529663086,0.10406232609905398,0.1047578511192164,0.0001,"(25, 25)",2,"{'NN__alpha': 0.0001, 'NN__hidden_layer_sizes': (25, 25), 'gmm__n_components': 2}",157,0.10164835164835165,0.09909281228192603,0.10220994475138122,0.10801393728222997,0.10306406685236769,0.11126564673157163,0.11204481792717087,0.10555555555555556,0.10140845070422536,0.09986130374479889,0.08360948543055467,0.00042425653032576114,0.004015094103335404,0.004683133020080402
163,0.22287497520446778,0.003609371185302734,0.15191986644407346,0.165268906781262,0.0001,"(25, 25)",5,"{'NN__alpha': 0.0001, 'NN__hidden_layer_sizes': (25, 25), 'gmm__n_components': 5}",133,0.10989010989010989,0.1374738311235171,0.10220994475138122,0.10174216027874565,0.3147632311977716,0.3344923504867872,0.13165266106442577,0.15069444444444444,0.10140845070422536,0.10194174757281553,0.08731590241659243,0.004210972789661899,0.08209104041533935,0.08679577374203312
164,0.5996683597564697,0.0024061679840087892,0.19977740678909292,0.23328695335759994,0.0001,"(25, 25)",10,"{'NN__alpha': 0.0001, 'NN__hidden_layer_sizes': (25, 25), 'gmm__n_components': 10}",123,0.23626373626373626,0.24145150034891835,0.1408839779005525,0.23763066202090594,0.22562674094707522,0.24200278164116829,0.0784313725490196,0.09722222222222222,0.3183098591549296,0.34812760055478503,0.2055040648218439,0.0008024932282108072,0.08247875795034512,0.07982916585159178
165,0.5637490749359131,0.0027449607849121095,0.13745130773511408,0.13634608367849085,0.0001,"(25, 25)",15,"{'NN__alpha': 0.0001, 'NN__hidden_layer_sizes': (25, 25), 'gmm__n_components': 15}",141,0.20054945054945056,0.19469644103279832,0.09944751381215469,0.10034843205574913,0.10027855153203342,0.10013908205841446,0.10084033613445378,0.1,0.18591549295774648,0.18654646324549237,0.10320859937986479,0.00030419891442412636,0.04586672199936094,0.044390670189756676
166,0.4628103256225586,0.004611301422119141,0.37673900946021144,0.38267690428088086,0.0001,"(25, 25)",20,"{'NN__alpha': 0.0001, 'NN__hidden_layer_sizes': (25, 25), 'gmm__n_components': 20}",94,0.21428571428571427,0.24005582693649685,0.46408839779005523,0.4480836236933798,0.5376044568245125,0.6105702364394993,0.22408963585434175,0.18055555555555555,0.4450704225352113,0.43411927877947293,0.07217537010814239,0.0020214975928986483,0.13268089872814606,0.1549538892665392
167,0.6009060382843018,0.004411840438842773,0.20311630495269895,0.23688958251165348,0.0001,"(25, 25)",25,"{'NN__alpha': 0.0001, 'NN__hidden_layer_sizes': (25, 25), 'gmm__n_components': 25}",121,0.0989010989010989,0.10048848569434753,0.6104972375690608,0.7777003484320557,0.10027855153203342,0.10639777468706536,0.10084033613445378,0.1,0.10140845070422536,0.09986130374479889,0.15948955663006323,0.0011165124861406452,0.20461272502861413,0.27041640580398485
168,0.5165182113647461,0.006987476348876953,0.3867557039510295,0.37615447013351566,0.0001,"(25, 25)",30,"{'NN__alpha': 0.0001, 'NN__hidden_layer_sizes': (25, 25), 'gmm__n_components': 30}",93,0.5934065934065934,0.4982554082344731,0.09392265193370165,0.1289198606271777,0.14763231197771587,0.15855354659248957,0.5686274509803921,0.5263888888888889,0.532394366197183,0.5686546463245492,0.17027333841484307,0.0021147515114161406,0.21933830829104894,0.19131672773761135
169,0.45612444877624514,0.012285614013671875,0.10239287701725097,0.10488689262944054,0.0001,"(25, 25)",35,"{'NN__alpha': 0.0001, 'NN__hidden_layer_sizes': (25, 25), 'gmm__n_components': 35}",161,0.10164835164835165,0.10048848569434753,0.09944751381215469,0.10104529616724739,0.10027855153203342,0.10083449235048679,0.1092436974789916,0.10972222222222222,0.10140845070422536,0.11234396671289876,0.08832946122911031,0.011044183342443914,0.0035026358814742595,0.005089482510489414
170,0.4511274337768555,0.006417417526245117,0.19922092376182526,0.22614390969675435,0.0001,"(25, 25)",40,"{'NN__alpha': 0.0001, 'NN__hidden_layer_sizes': (25, 25), 'gmm__n_components': 40}",127,0.10164835164835165,0.10676901605024425,0.10220994475138122,0.10174216027874565,0.1671309192200557,0.15507649513212796,0.10084033613445378,0.10208333333333333,0.5295774647887324,0.6650485436893204,0.09756701000954864,0.0008625814516329267,0.16586955219122979,0.22036562447534763
171,0.10999808311462403,0.0014983177185058593,0.12910406232609906,0.12579310958473106,0.0001,"(100, 25, 100)",2,"{'NN__alpha': 0.0001, 'NN__hidden_layer_sizes': (100, 25, 100), 'gmm__n_components': 2}",145,0.11538461538461539,0.12212142358688068,0.16298342541436464,0.1651567944250871,0.10306406685236769,0.1133518776077886,0.16526610644257703,0.12986111111111112,0.09859154929577464,0.09847434119278779,0.041993201977859454,0.0003091785291358732,0.029129538797888786,0.0222738813782109
172,0.2567441940307617,0.002116537094116211,0.20534223706176963,0.22128282060632118,0.0001,"(100, 25, 100)",5,"{'NN__alpha': 0.0001, 'NN__hidden_layer_sizes': (100, 25, 100), 'gmm__n_components': 5}",113,0.17307692307692307,0.1856245638520586,0.26795580110497236,0.3010452961672474,0.28969359331476324,0.3157162726008345,0.19607843137254902,0.20416666666666666,0.09859154929577464,0.09986130374479889,0.10275172925469632,0.0007502568272684237,0.06848630289844458,0.0794825617611803
173,0.6491106510162353,0.0025035858154296873,0.41958820255982193,0.4900490003810479,0.0001,"(100, 25, 100)",10,"{'NN__alpha': 0.0001, 'NN__hidden_layer_sizes': (100, 25, 100), 'gmm__n_components': 10}",87,0.30494505494505497,0.3705512909979065,0.505524861878453,0.6536585365853659,0.6044568245125348,0.6898470097357441,0.2689075630252101,0.2916666666666667,0.4140845070422535,0.4445214979195562,0.137395829588,0.000704474598900556,0.1244758081758747,0.15645787371510214
174,0.6682967662811279,0.0032873153686523438,0.6010016694490818,0.642966084197635,0.0001,"(100, 25, 100)",15,"{'NN__alpha': 0.0001, 'NN__hidden_layer_sizes': (100, 25, 100), 'gmm__n_components': 15}",46,0.5576923076923077,0.5994417306350314,0.6077348066298343,0.643205574912892,0.5403899721448467,0.5994436717663422,0.7703081232492998,0.7451388888888889,0.5295774647887324,0.6276005547850209,0.11950993532413023,0.0005087648913200054,0.08846160860201956,0.05378477220420628
175,0.569763469696045,0.0036095142364501952,0.6978297161936561,0.7239808318113721,0.0001,"(100, 25, 100)",20,"{'NN__alpha': 0.0001, 'NN__hidden_layer_sizes': (100, 25, 100), 'gmm__n_components': 20}",13,0.717032967032967,0.7222609909281228,0.643646408839779,0.7554006968641115,0.6629526462395543,0.7058414464534075,0.7058823529411765,0.6451388888888889,0.7605633802816901,0.7912621359223301,0.11210303711960057,0.00020058293213454106,0.04122463787981828,0.04911624765884319
176,0.7160205364227294,0.00616612434387207,0.6722314969393434,0.7338675024399888,0.0001,"(100, 25, 100)",25,"{'NN__alpha': 0.0001, 'NN__hidden_layer_sizes': (100, 25, 100), 'gmm__n_components': 25}",23,0.6840659340659341,0.6908583391486393,0.6104972375690608,0.7811846689895471,0.6908077994428969,0.7614742698191933,0.7254901960784313,0.7263888888888889,0.6507042253521127,0.7094313453536755,0.189460533076389,0.0018458012649173784,0.038988532515961107,0.03317797889029346
177,0.619733476638794,0.006819391250610351,0.7150806900389538,0.7742463370199599,0.0001,"(100, 25, 100)",30,"{'NN__alpha': 0.0001, 'NN__hidden_layer_sizes': (100, 25, 100), 'gmm__n_components': 30}",6,0.8104395604395604,0.7759944173063503,0.7099447513812155,0.7930313588850174,0.6155988857938719,0.8157162726008345,0.8179271708683473,0.7590277777777777,0.6197183098591549,0.7274618585298197,0.20286544803304843,0.0024275493610773835,0.08787638836108369,0.029986931691129856
178,0.6613537788391113,0.005915784835815429,0.659432387312187,0.7872870747776183,0.0001,"(100, 25, 100)",35,"{'NN__alpha': 0.0001, 'NN__hidden_layer_sizes': (100, 25, 100), 'gmm__n_components': 35}",28,0.6208791208791209,0.7466852756454989,0.6823204419889503,0.8132404181184669,0.5710306406685237,0.8525730180806675,0.803921568627451,0.7583333333333333,0.6197183098591549,0.7656033287101248,0.14239342983046077,0.001160836401702394,0.08016833717596651,0.03973119807769191
179,0.5486741542816163,0.008475971221923829,0.5715080690038954,0.7904881761126721,0.0001,"(100, 25, 100)",40,"{'NN__alpha': 0.0001, 'NN__hidden_layer_sizes': (100, 25, 100), 'gmm__n_components': 40}",62,0.5906593406593407,0.7885554780181437,0.5662983425414365,0.7700348432055749,0.5738161559888579,0.8511821974965229,0.6218487394957983,0.7638888888888888,0.504225352112676,0.7787794729542302,0.050373115354109835,0.0006841085409603994,0.03845237806422611,0.03146570892620188
