,mean_fit_time,mean_score_time,mean_test_score,mean_train_score,param_NN__alpha,param_NN__hidden_layer_sizes,param_rp__n_components,params,rank_test_score,split0_test_score,split0_train_score,split1_test_score,split1_train_score,split2_test_score,split2_train_score,split3_test_score,split3_train_score,split4_test_score,split4_train_score,std_fit_time,std_score_time,std_test_score,std_train_score
0,0.04062929153442383,0.0031253337860107423,0.6631878557874763,0.6631877800453132,0.1,"(50, 50)",2,"{'NN__alpha': 0.1, 'NN__hidden_layer_sizes': (50, 50), 'rp__n_components': 2}",145,0.6635071090047393,0.6631079478054567,0.6635071090047393,0.6631079478054567,0.6635071090047393,0.6631079478054567,0.6635071090047393,0.6631079478054567,0.6619047619047619,0.6635071090047393,0.007654947485629265,0.0062506675720214845,0.0006400248824124762,0.00015966447971305087
1,0.05625619888305664,0.003125429153442383,0.7485768500948766,0.7516618598663091,0.1,"(50, 50)",5,"{'NN__alpha': 0.1, 'NN__hidden_layer_sizes': (50, 50), 'rp__n_components': 5}",97,0.8246445497630331,0.7437722419928826,0.7772511848341233,0.7437722419928826,0.6682464454976303,0.7734282325029656,0.7298578199052133,0.7520759193357058,0.7428571428571429,0.745260663507109,0.02119696068419002,0.006250858306884766,0.05187909799994369,0.011308526678647422
2,0.0656325340270996,0.003125286102294922,0.6574952561669829,0.6828585563857359,0.1,"(50, 50)",7,"{'NN__alpha': 0.1, 'NN__hidden_layer_sizes': (50, 50), 'rp__n_components': 7}",163,0.7298578199052133,0.7319098457888493,0.45023696682464454,0.5765124555160143,0.7014218009478673,0.6986951364175563,0.6587677725118484,0.6559905100830368,0.7476190476190476,0.7511848341232228,0.030301107413606816,0.006250572204589844,0.10794677243429587,0.06222007967045595
3,0.05625591278076172,0.0031253337860107423,0.784629981024668,0.7945944578435176,0.1,"(50, 50)",10,"{'NN__alpha': 0.1, 'NN__hidden_layer_sizes': (50, 50), 'rp__n_components': 10}",64,0.8767772511848341,0.8113879003558719,0.7393364928909952,0.7520759193357058,0.7345971563981043,0.7924080664294187,0.8151658767772512,0.8327402135231317,0.7571428571428571,0.7843601895734598,0.018751772257056758,0.0062506675720214845,0.05430337147546473,0.0270350330462679
4,0.1121835708618164,0.0,0.8282732447817837,0.8432201627003536,0.1,"(50, 50)",15,"{'NN__alpha': 0.1, 'NN__hidden_layer_sizes': (50, 50), 'rp__n_components': 15}",9,0.8957345971563981,0.8386714116251482,0.8815165876777251,0.8493475682087782,0.8199052132701422,0.8517200474495848,0.7061611374407583,0.8493475682087782,0.8380952380952381,0.8270142180094787,0.030620597741939024,0.0,0.0670590860375965,0.00928075446229924
5,0.0656315803527832,0.0,0.7666034155597723,0.79031500002811,0.1,"(50, 50)",20,"{'NN__alpha': 0.1, 'NN__hidden_layer_sizes': (50, 50), 'rp__n_components': 20}",89,0.8341232227488151,0.7580071174377224,0.8009478672985783,0.7769869513641756,0.6872037914691943,0.7829181494661922,0.7345971563981043,0.8113879003558719,0.7761904761904762,0.8222748815165877,0.015310644376346126,0.0,0.05132470608015734,0.023416450242849118
6,0.0593815803527832,0.0,0.7305502846299811,0.760421199395074,0.1,"(50, 50)",25,"{'NN__alpha': 0.1, 'NN__hidden_layer_sizes': (50, 50), 'rp__n_components': 25}",121,0.6966824644549763,0.7034400948991696,0.7156398104265402,0.708185053380783,0.6540284360189573,0.7236061684460261,0.7867298578199052,0.8422301304863582,0.8,0.8246445497630331,0.02500299812012223,0.0,0.05512875263508741,0.06024640680167239
7,0.09074296951293945,0.0,0.818785578747628,0.8403675656226633,0.1,"(50, 50)",30,"{'NN__alpha': 0.1, 'NN__hidden_layer_sizes': (50, 50), 'rp__n_components': 30}",21,0.909952606635071,0.8244365361803084,0.8104265402843602,0.8137603795966786,0.8056872037914692,0.8540925266903915,0.7298578199052133,0.8588374851720048,0.8380952380952381,0.8507109004739336,0.018342328350739335,0.0,0.05804839322861425,0.017878686236017665
8,0.08783292770385742,0.003125286102294922,0.825426944971537,0.8346753020413441,0.1,"(50, 50)",35,"{'NN__alpha': 0.1, 'NN__hidden_layer_sizes': (50, 50), 'rp__n_components': 35}",10,0.8862559241706162,0.8078291814946619,0.8009478672985783,0.8268090154211151,0.8388625592417062,0.8564650059311981,0.7914691943127962,0.8386714116251482,0.8095238095238095,0.8436018957345972,0.03595802282021071,0.006250572204589844,0.03432296274408152,0.01645014781682101
9,0.025447940826416014,0.00020051002502441406,0.6631878557874763,0.6631877800453132,0.1,"(50,)",2,"{'NN__alpha': 0.1, 'NN__hidden_layer_sizes': (50,), 'rp__n_components': 2}",145,0.6635071090047393,0.6631079478054567,0.6635071090047393,0.6631079478054567,0.6635071090047393,0.6631079478054567,0.6635071090047393,0.6631079478054567,0.6619047619047619,0.6635071090047393,0.008037954605634461,0.0004010200500488281,0.0006400248824124762,0.00015966447971305087
10,0.03721427917480469,0.0,0.7371916508538899,0.7500002810994361,0.1,"(50,)",5,"{'NN__alpha': 0.1, 'NN__hidden_layer_sizes': (50,), 'rp__n_components': 5}",113,0.8009478672985783,0.734282325029656,0.7393364928909952,0.7425860023724793,0.6445497630331753,0.7568208778173191,0.7440758293838863,0.767497034400949,0.7571428571428571,0.7488151658767772,0.007917016488145235,0.0,0.05120147559319978,0.011455017117625955
11,0.04375472068786621,0.0,0.6584440227703985,0.6698453390902498,0.1,"(50,)",7,"{'NN__alpha': 0.1, 'NN__hidden_layer_sizes': (50,), 'rp__n_components': 7}",161,0.7582938388625592,0.7153024911032029,0.7582938388625592,0.7058125741399762,0.6208530805687204,0.67497034400949,0.6161137440758294,0.6512455516014235,0.5380952380952381,0.6018957345971564,0.011693558675540129,0.0,0.08671300359732412,0.04086407025021014
12,0.06875748634338379,0.0,0.7628083491461101,0.7891338201975567,0.1,"(50,)",10,"{'NN__alpha': 0.1, 'NN__hidden_layer_sizes': (50,), 'rp__n_components': 10}",93,0.7962085308056872,0.7769869513641756,0.8151658767772512,0.7900355871886121,0.7109004739336493,0.797153024911032,0.7156398104265402,0.7805456702253856,0.7761904761904762,0.8009478672985783,0.012463869488137852,0.0,0.04233889378590338,0.009230333463616637
13,0.06563220024108887,0.0,0.8055028462998103,0.8171231721509168,0.1,"(50,)",15,"{'NN__alpha': 0.1, 'NN__hidden_layer_sizes': (50,), 'rp__n_components': 15}",33,0.8293838862559242,0.8042704626334519,0.8104265402843602,0.7852906287069988,0.8293838862559242,0.8232502965599051,0.7772511848341233,0.8469750889679716,0.780952380952381,0.8258293838862559,0.00625069148549418,0.0,0.022650861699239216,0.020894878214554838
14,0.037505388259887695,0.006248998641967774,0.7722960151802657,0.7748986636532808,0.1,"(50,)",20,"{'NN__alpha': 0.1, 'NN__hidden_layer_sizes': (50,), 'rp__n_components': 20}",80,0.8293838862559242,0.7627520759193357,0.8104265402843602,0.7746144721233689,0.7203791469194313,0.7520759193357058,0.7203791469194313,0.7829181494661922,0.780952380952381,0.8021327014218009,0.02119607511582726,0.00765342960292029,0.04513960283595258,0.01717267004557048
15,0.04062943458557129,0.0031253814697265623,0.7874762808349146,0.8109561316220001,0.1,"(50,)",25,"{'NN__alpha': 0.1, 'NN__hidden_layer_sizes': (50,), 'rp__n_components': 25}",59,0.8578199052132701,0.8185053380782918,0.8436018957345972,0.8102016607354685,0.7203791469194313,0.7876631079478055,0.7582938388625592,0.8185053380782918,0.7571428571428571,0.8199052132701422,0.007655258925148602,0.006250762939453125,0.05363084539390088,0.01214249790438329
16,0.044176769256591794,0.0,0.801707779886148,0.8118980958324198,0.1,"(50,)",30,"{'NN__alpha': 0.1, 'NN__hidden_layer_sizes': (50,), 'rp__n_components': 30}",41,0.9052132701421801,0.7829181494661922,0.8104265402843602,0.7912218268090154,0.7109004739336493,0.7722419928825622,0.7488151658767772,0.863582443653618,0.8333333333333334,0.8495260663507109,0.022939786169470292,0.0,0.0676019127614879,0.037221197907416424
17,0.062303686141967775,0.00939321517944336,0.7998102466793169,0.8168876108234526,0.1,"(50,)",35,"{'NN__alpha': 0.1, 'NN__hidden_layer_sizes': (50,), 'rp__n_components': 35}",48,0.8388625592417062,0.8173190984578885,0.8246445497630331,0.8185053380782918,0.7914691943127962,0.8137603795966786,0.7345971563981043,0.8161328588374852,0.8095238095238095,0.8187203791469194,0.017120251100746515,0.007669593009635114,0.036233338837819186,0.0018172225226018143
18,0.04062938690185547,0.0,0.6612903225806451,0.6627132841971519,0.1,"(25,)",2,"{'NN__alpha': 0.1, 'NN__hidden_layer_sizes': (25,), 'rp__n_components': 2}",157,0.6635071090047393,0.6631079478054567,0.6587677725118484,0.6619217081850534,0.6587677725118484,0.6631079478054567,0.6635071090047393,0.6619217081850534,0.6619047619047619,0.6635071090047393,0.007655414653076943,0.0,0.002142536065133738,0.0006625498801510917
19,0.034378576278686526,0.0,0.6726755218216319,0.6795539514147734,0.1,"(25,)",5,"{'NN__alpha': 0.1, 'NN__hidden_layer_sizes': (25,), 'rp__n_components': 5}",141,0.6872037914691943,0.6714116251482799,0.6872037914691943,0.6654804270462633,0.6208530805687204,0.7153024911032029,0.7109004739336493,0.6654804270462633,0.6571428571428571,0.6800947867298578,0.006250715274834508,0.0,0.03102752473329657,0.018658382813231077
20,0.03437848091125488,0.0,0.4601518026565465,0.4674964722020768,0.1,"(25,)",7,"{'NN__alpha': 0.1, 'NN__hidden_layer_sizes': (25,), 'rp__n_components': 7}",180,0.3696682464454976,0.37959667852906287,0.2938388625592417,0.39383155397390274,0.4881516587677725,0.49940688018979834,0.6255924170616114,0.5622775800711743,0.5238095238095238,0.5023696682464455,0.018223417590784503,0.0,0.11670433269054493,0.06981513625927734
21,0.059554100036621094,0.003125429153442383,0.6802656546489564,0.7060947979738351,0.1,"(25,)",10,"{'NN__alpha': 0.1, 'NN__hidden_layer_sizes': (25,), 'rp__n_components': 10}",137,0.7156398104265402,0.66785290628707,0.5639810426540285,0.5539739027283511,0.6445497630331753,0.7117437722419929,0.7298578199052133,0.7864768683274022,0.7476190476190476,0.8104265402843602,0.032059353095364916,0.006250858306884766,0.06789001864021062,0.09163133705040839
22,0.06554646492004394,0.0,0.7438330170777988,0.7544984342761408,0.1,"(25,)",15,"{'NN__alpha': 0.1, 'NN__hidden_layer_sizes': (25,), 'rp__n_components': 15}",108,0.7582938388625592,0.7378410438908659,0.7819905213270142,0.7378410438908659,0.7203791469194313,0.7580071174377224,0.7251184834123223,0.7497034400948992,0.7333333333333333,0.7890995260663507,0.006074453130816531,0.0,0.02314168214929433,0.018907541821696097
23,0.06250414848327637,0.0031251430511474608,0.7352941176470589,0.7540365879026047,0.1,"(25,)",20,"{'NN__alpha': 0.1, 'NN__hidden_layer_sizes': (25,), 'rp__n_components': 20}",117,0.8199052132701422,0.7319098457888493,0.7582938388625592,0.7366548042704626,0.7345971563981043,0.7781731909845789,0.6635071090047393,0.7876631079478055,0.7,0.735781990521327,0.013978410605971322,0.0062502861022949215,0.053094286542137055,0.023825481749768875
24,0.059381532669067386,0.0,0.7760910815939279,0.7931600074210251,0.1,"(25,)",25,"{'NN__alpha': 0.1, 'NN__hidden_layer_sizes': (25,), 'rp__n_components': 25}",73,0.8199052132701422,0.7793594306049823,0.7772511848341233,0.7508896797153025,0.7203791469194313,0.763938315539739,0.7677725118483413,0.8410438908659549,0.7952380952380952,0.830568720379147,0.025004244146470952,0.0,0.033057804307892937,0.036120415003596716
25,0.05328569412231445,0.006137943267822266,0.8055028462998103,0.8168864864257083,0.1,"(25,)",30,"{'NN__alpha': 0.1, 'NN__hidden_layer_sizes': (25,), 'rp__n_components': 30}",33,0.8578199052132701,0.7841043890865955,0.8625592417061612,0.8137603795966786,0.7772511848341233,0.8327402135231317,0.7393364928909952,0.830367734282325,0.7904761904761904,0.8234597156398105,0.01578273442290915,0.007519523557513502,0.0477581186996514,0.0176676568837512
26,0.07317538261413574,0.0,0.7675521821631879,0.7841592034766378,0.1,"(25,)",35,"{'NN__alpha': 0.1, 'NN__hidden_layer_sizes': (25,), 'rp__n_components': 35}",85,0.8151658767772512,0.7390272835112692,0.8625592417061612,0.8279952550415184,0.7251184834123223,0.8078291814946619,0.7109004739336493,0.7769869513641756,0.7238095238095238,0.768957345971564,0.024216869316222647,0.0,0.06037394616151684,0.030988046559608542
27,0.04375481605529785,0.0031253814697265623,0.6555977229601518,0.659154846435378,0.1,"(25, 25)",2,"{'NN__alpha': 0.1, 'NN__hidden_layer_sizes': (25, 25), 'rp__n_components': 2}",167,0.6635071090047393,0.6631079478054567,0.6635071090047393,0.6631079478054567,0.6445497630331753,0.6548042704626335,0.6729857819905213,0.6524317912218268,0.6333333333333333,0.6623222748815166,0.006251102182381632,0.006250762939453125,0.014448958267976394,0.004591592458934566
28,0.031253385543823245,0.0,0.6223908918406073,0.637085167507154,0.1,"(25, 25)",5,"{'NN__alpha': 0.1, 'NN__hidden_layer_sizes': (25, 25), 'rp__n_components': 5}",173,0.6445497630331753,0.6287069988137604,0.6161137440758294,0.5765124555160143,0.6255924170616114,0.701067615658363,0.5781990521327014,0.5931198102016607,0.6476190476190476,0.6860189573459715,0.01397750403794251,0.0,0.02501997955797884,0.049316263546679846
29,0.03445568084716797,0.0031253814697265623,0.7030360531309298,0.7151321448449174,0.1,"(25, 25)",7,"{'NN__alpha': 0.1, 'NN__hidden_layer_sizes': (25, 25), 'rp__n_components': 7}",136,0.7488151658767772,0.7046263345195729,0.7440758293838863,0.7141162514827996,0.6161137440758294,0.7200474495848161,0.7156398104265402,0.7188612099644128,0.6904761904761905,0.7180094786729858,0.01545176232099511,0.006250762939453125,0.048295734438827634,0.005616925978236947
30,0.0718541145324707,0.006202507019042969,0.7400379506641366,0.742639411265341,0.1,"(25, 25)",10,"{'NN__alpha': 0.1, 'NN__hidden_layer_sizes': (25, 25), 'rp__n_components': 10}",110,0.7535545023696683,0.7212336892052195,0.7440758293838863,0.6986951364175563,0.7109004739336493,0.7402135231316725,0.7630331753554502,0.7781731909845789,0.7285714285714285,0.7748815165876777,0.018997229574638178,0.00760438078249568,0.01848920054356879,0.03065091195642265
31,0.08750929832458496,0.0,0.7903225806451613,0.8147520984072905,0.1,"(25, 25)",15,"{'NN__alpha': 0.1, 'NN__hidden_layer_sizes': (25, 25), 'rp__n_components': 15}",53,0.8530805687203792,0.8137603795966786,0.8483412322274881,0.8446026097271648,0.6966824644549763,0.7473309608540926,0.7582938388625592,0.8481613285883749,0.7952380952380952,0.8199052132701422,0.025389791718855106,0.0,0.05854798757248314,0.03627775509952877
32,0.06563162803649902,0.0,0.784629981024668,0.7839087438790597,0.1,"(25, 25)",20,"{'NN__alpha': 0.1, 'NN__hidden_layer_sizes': (25, 25), 'rp__n_components': 20}",64,0.8720379146919431,0.8161328588374852,0.7772511848341233,0.7698695136417556,0.7156398104265402,0.7710557532621589,0.7867298578199052,0.7378410438908659,0.7714285714285715,0.8246445497630331,0.03336937980626741,0.0,0.05028733994252483,0.03219419761859889
33,0.05228099822998047,0.0034064769744873045,0.7722960151802657,0.778227443175749,0.1,"(25, 25)",25,"{'NN__alpha': 0.1, 'NN__hidden_layer_sizes': (25, 25), 'rp__n_components': 25}",80,0.8436018957345972,0.767497034400949,0.8483412322274881,0.8256227758007118,0.7061611374407583,0.7959667852906287,0.7203791469194313,0.730723606168446,0.7428571428571429,0.7713270142180095,0.012290960006983504,0.006323611023632481,0.061346495834094995,0.03156065251540635
34,0.06390795707702637,0.003125286102294922,0.7789373814041746,0.7839250476463544,0.1,"(25, 25)",30,"{'NN__alpha': 0.1, 'NN__hidden_layer_sizes': (25, 25), 'rp__n_components': 30}",69,0.8483412322274881,0.7817319098457889,0.8246445497630331,0.7888493475682088,0.7393364928909952,0.7710557532621589,0.7251184834123223,0.8220640569395018,0.7571428571428571,0.7559241706161137,0.01597862900929775,0.006250572204589844,0.04869236225321747,0.022060419150166544
35,0.06319379806518555,0.0,0.8111954459203036,0.8292281571683165,0.1,"(25, 25)",35,"{'NN__alpha': 0.1, 'NN__hidden_layer_sizes': (25, 25), 'rp__n_components': 35}",29,0.8436018957345972,0.8161328588374852,0.8151658767772512,0.8279952550415184,0.8246445497630331,0.8291814946619217,0.7819905213270142,0.8695136417556346,0.7904761904761904,0.8033175355450237,0.011001623954029401,0.0,0.02249177124161324,0.022213912959034174
36,0.04062967300415039,0.0031251430511474608,0.6631878557874763,0.6631877800453132,0.1,"(100, 25, 100)",2,"{'NN__alpha': 0.1, 'NN__hidden_layer_sizes': (100, 25, 100), 'rp__n_components': 2}",145,0.6635071090047393,0.6631079478054567,0.6635071090047393,0.6631079478054567,0.6635071090047393,0.6631079478054567,0.6635071090047393,0.6631079478054567,0.6619047619047619,0.6635071090047393,0.01874468413078499,0.0062502861022949215,0.0006400248824124762,0.00015966447971305087
37,0.1177445411682129,0.0,0.74573055028463,0.7552146756393607,0.1,"(100, 25, 100)",5,"{'NN__alpha': 0.1, 'NN__hidden_layer_sizes': (100, 25, 100), 'rp__n_components': 5}",101,0.8246445497630331,0.7378410438908659,0.7819905213270142,0.7295373665480427,0.6919431279620853,0.7864768683274022,0.7109004739336493,0.7520759193357058,0.719047619047619,0.7701421800947867,0.04280207456254365,0.0,0.04973681590592088,0.020838302015126466
38,0.1031686782836914,0.0033255100250244142,0.7286527514231499,0.7419372248739269,0.1,"(100, 25, 100)",7,"{'NN__alpha': 0.1, 'NN__hidden_layer_sizes': (100, 25, 100), 'rp__n_components': 7}",125,0.8151658767772512,0.7817319098457889,0.7582938388625592,0.7354685646500593,0.6729857819905213,0.7366548042704626,0.7298578199052133,0.7212336892052195,0.6666666666666666,0.7345971563981043,0.04301433983543215,0.0061622170138729915,0.05532078756764167,0.020668224301805396
39,0.11291694641113281,0.001203012466430664,0.7922201138519924,0.8135686697812485,0.1,"(100, 25, 100)",10,"{'NN__alpha': 0.1, 'NN__hidden_layer_sizes': (100, 25, 100), 'rp__n_components': 10}",49,0.8530805687203792,0.8327402135231317,0.8199052132701422,0.8042704626334519,0.7582938388625592,0.833926453143535,0.8009478672985783,0.7888493475682088,0.7285714285714285,0.8080568720379147,0.039633146206095426,0.002406024932861328,0.04413346114550858,0.0173773927507642
40,0.15101733207702636,0.0,0.8415559772296015,0.8666947766102779,0.1,"(100, 25, 100)",15,"{'NN__alpha': 0.1, 'NN__hidden_layer_sizes': (100, 25, 100), 'rp__n_components': 15}",7,0.8720379146919431,0.8600237247924081,0.8862559241706162,0.8517200474495848,0.8436018957345972,0.8778173190984578,0.7582938388625592,0.8623962040332147,0.8476190476190476,0.8815165876777251,0.027177974849399517,0.0,0.04451962081060412,0.011230496041703265
41,0.046862030029296876,0.0,0.7258064516129032,0.7246209374103996,0.1,"(100, 25, 100)",20,"{'NN__alpha': 0.1, 'NN__hidden_layer_sizes': (100, 25, 100), 'rp__n_components': 20}",129,0.7488151658767772,0.7164887307236062,0.7014218009478673,0.7247924080664294,0.7203791469194313,0.7378410438908659,0.7251184834123223,0.7212336892052195,0.7333333333333333,0.7227488151658767,0.010123230395289886,0.0,0.015565826802881337,0.00715418332501212
42,0.12802481651306152,0.0,0.8197343453510436,0.8403706577164606,0.1,"(100, 25, 100)",25,"{'NN__alpha': 0.1, 'NN__hidden_layer_sizes': (100, 25, 100), 'rp__n_components': 25}",17,0.8672985781990521,0.8279952550415184,0.8530805687203792,0.8410438908659549,0.8056872037914692,0.8410438908659549,0.7725118483412322,0.8540925266903915,0.8,0.8376777251184834,0.022827699307159968,0.0,0.035199670638495106,0.008361801854015657
43,0.0781362533569336,0.006250524520874023,0.818785578747628,0.8297049018119671,0.1,"(100, 25, 100)",30,"{'NN__alpha': 0.1, 'NN__hidden_layer_sizes': (100, 25, 100), 'rp__n_components': 30}",21,0.9241706161137441,0.8315539739027283,0.8815165876777251,0.8446026097271648,0.7677725118483413,0.8279952550415184,0.7440758293838863,0.8505338078291815,0.7761904761904762,0.7938388625592417,5.866066147051083e-06,0.0076552978686399865,0.07078779217256993,0.019740819427546925
44,0.14358620643615722,0.0,0.8387096774193549,0.8546013166697588,0.1,"(100, 25, 100)",35,"{'NN__alpha': 0.1, 'NN__hidden_layer_sizes': (100, 25, 100), 'rp__n_components': 35}",8,0.8767772511848341,0.8517200474495848,0.8530805687203792,0.830367734282325,0.8720379146919431,0.8623962040332147,0.7582938388625592,0.8730723606168446,0.8333333333333334,0.8554502369668247,0.03911825809676017,0.0,0.04305971819394948,0.01412960457212141
45,0.04062938690185547,0.0,0.6631878557874763,0.6631877800453132,0.01,"(50, 50)",2,"{'NN__alpha': 0.01, 'NN__hidden_layer_sizes': (50, 50), 'rp__n_components': 2}",145,0.6635071090047393,0.6631079478054567,0.6635071090047393,0.6631079478054567,0.6635071090047393,0.6631079478054567,0.6635071090047393,0.6631079478054567,0.6619047619047619,0.6635071090047393,0.007655609337861716,0.0,0.0006400248824124762,0.00015966447971305087
46,0.04687995910644531,0.0,0.7485768500948766,0.7514246119422283,0.01,"(50, 50)",5,"{'NN__alpha': 0.01, 'NN__hidden_layer_sizes': (50, 50), 'rp__n_components': 5}",97,0.8246445497630331,0.7425860023724793,0.7772511848341233,0.7437722419928826,0.6682464454976303,0.7734282325029656,0.7298578199052133,0.7520759193357058,0.7428571428571429,0.745260663507109,0.024208577523434763,0.0,0.05187909799994369,0.011482661402136838
47,0.07810864448547364,0.0,0.6574952561669829,0.6826213084616553,0.01,"(50, 50)",7,"{'NN__alpha': 0.01, 'NN__hidden_layer_sizes': (50, 50), 'rp__n_components': 7}",163,0.7298578199052133,0.7319098457888493,0.45023696682464454,0.5776986951364176,0.7014218009478673,0.697508896797153,0.6587677725118484,0.6548042704626335,0.7476190476190476,0.7511848341232228,0.027442079387117926,0.0,0.10794677243429587,0.06186194248402202
48,0.07574810981750488,0.0,0.7922201138519924,0.8069203870177036,0.01,"(50, 50)",10,"{'NN__alpha': 0.01, 'NN__hidden_layer_sizes': (50, 50), 'rp__n_components': 10}",49,0.8767772511848341,0.8102016607354685,0.7393364928909952,0.7520759193357058,0.7345971563981043,0.7924080664294187,0.8104265402843602,0.8493475682087782,0.8,0.830568720379147,0.041571009940503785,0.0,0.052290849534824775,0.033432317347093905
49,0.09596962928771972,0.0,0.825426944971537,0.8396614438391437,0.01,"(50, 50)",15,"{'NN__alpha': 0.01, 'NN__hidden_layer_sizes': (50, 50), 'rp__n_components': 15}",10,0.8957345971563981,0.8386714116251482,0.8815165876777251,0.8493475682087782,0.8199052132701422,0.8517200474495848,0.6919431279620853,0.8315539739027283,0.8380952380952381,0.8270142180094787,0.03188099047193337,0.0,0.07228017467588436,0.009652921631080868
50,0.08817152976989746,0.000200653076171875,0.7666034155597723,0.79031500002811,0.01,"(50, 50)",20,"{'NN__alpha': 0.01, 'NN__hidden_layer_sizes': (50, 50), 'rp__n_components': 20}",89,0.8341232227488151,0.7580071174377224,0.8009478672985783,0.7769869513641756,0.6872037914691943,0.7829181494661922,0.7345971563981043,0.8113879003558719,0.7761904761904762,0.8222748815165877,0.020684874571572413,0.00040130615234375007,0.05132470608015734,0.023416450242849118
51,0.05000514984130859,0.006251096725463867,0.7286527514231499,0.7601839514709933,0.01,"(50, 50)",25,"{'NN__alpha': 0.01, 'NN__hidden_layer_sizes': (50, 50), 'rp__n_components': 25}",125,0.6919431279620853,0.7034400948991696,0.7156398104265402,0.7069988137603797,0.6540284360189573,0.7236061684460261,0.7867298578199052,0.8422301304863582,0.7952380952380952,0.8246445497630331,0.022966866894870597,0.007655998685154623,0.05456258211933016,0.06045362282965555
52,0.07500782012939453,0.006250762939453125,0.8178368121442126,0.8396566651487296,0.01,"(50, 50)",30,"{'NN__alpha': 0.01, 'NN__hidden_layer_sizes': (50, 50), 'rp__n_components': 30}",28,0.909952606635071,0.8232502965599051,0.8104265402843602,0.8149466192170819,0.8056872037914692,0.8540925266903915,0.7298578199052133,0.8588374851720048,0.8333333333333334,0.8471563981042654,0.018223801806875304,0.007655589858319898,0.057763249689903415,0.01739137286033602
53,0.11932969093322754,0.00020041465759277344,0.825426944971537,0.8349125499654247,0.01,"(50, 50)",35,"{'NN__alpha': 0.01, 'NN__hidden_layer_sizes': (50, 50), 'rp__n_components': 35}",10,0.8862559241706162,0.8078291814946619,0.8009478672985783,0.8268090154211151,0.8388625592417062,0.8564650059311981,0.7914691943127962,0.8398576512455516,0.8095238095238095,0.8436018957345972,0.05830429511551961,0.0004008293151855469,0.03432296274408152,0.0165144980823365
54,0.01906142234802246,0.0,0.6631878557874763,0.6631877800453132,0.01,"(50,)",2,"{'NN__alpha': 0.01, 'NN__hidden_layer_sizes': (50,), 'rp__n_components': 2}",145,0.6635071090047393,0.6631079478054567,0.6635071090047393,0.6631079478054567,0.6635071090047393,0.6631079478054567,0.6635071090047393,0.6631079478054567,0.6619047619047619,0.6635071090047393,0.00612514105946084,0.0,0.0006400248824124762,0.00015966447971305087
55,0.03437895774841308,0.0,0.7371916508538899,0.7497630331753554,0.01,"(50,)",5,"{'NN__alpha': 0.01, 'NN__hidden_layer_sizes': (50,), 'rp__n_components': 5}",113,0.8009478672985783,0.734282325029656,0.7393364928909952,0.7425860023724793,0.6445497630331753,0.7568208778173191,0.7440758293838863,0.7663107947805456,0.7571428571428571,0.7488151658767772,0.0062511206080143695,0.0,0.05120147559319978,0.011096865624001903
56,0.056258344650268556,0.0,0.6584440227703985,0.6698453390902498,0.01,"(50,)",7,"{'NN__alpha': 0.01, 'NN__hidden_layer_sizes': (50,), 'rp__n_components': 7}",161,0.7582938388625592,0.7153024911032029,0.7582938388625592,0.7058125741399762,0.6208530805687204,0.67497034400949,0.6161137440758294,0.6512455516014235,0.5380952380952381,0.6018957345971564,0.02898118917544947,0.0,0.08671300359732412,0.04086407025021014
57,0.09006562232971191,0.0,0.7628083491461101,0.7891338201975567,0.01,"(50,)",10,"{'NN__alpha': 0.01, 'NN__hidden_layer_sizes': (50,), 'rp__n_components': 10}",93,0.7962085308056872,0.7769869513641756,0.8151658767772512,0.7900355871886121,0.7109004739336493,0.797153024911032,0.7156398104265402,0.7805456702253856,0.7761904761904762,0.8009478672985783,0.05870373082569971,0.0,0.04233889378590338,0.009230333463616637
58,0.10575709342956544,0.0031253814697265623,0.8026565464895635,0.8133274864650621,0.01,"(50,)",15,"{'NN__alpha': 0.01, 'NN__hidden_layer_sizes': (50,), 'rp__n_components': 15}",38,0.8293838862559242,0.8042704626334519,0.8104265402843602,0.7852906287069988,0.8104265402843602,0.8054567022538552,0.7819905213270142,0.8469750889679716,0.780952380952381,0.8246445497630331,0.018058439570232693,0.006250762939453125,0.018615377868393474,0.020929794043973264
59,0.05966496467590332,0.0,0.7732447817836812,0.7746614157292001,0.01,"(50,)",20,"{'NN__alpha': 0.01, 'NN__hidden_layer_sizes': (50,), 'rp__n_components': 20}",77,0.8293838862559242,0.7627520759193357,0.8104265402843602,0.7734282325029656,0.7251184834123223,0.7520759193357058,0.7203791469194313,0.7829181494661922,0.780952380952381,0.8021327014218009,0.011783286769640341,0.0,0.04407568636773539,0.01718314844564237
60,0.1337977409362793,0.0012352943420410156,0.7874762808349146,0.8107186025984833,0.01,"(50,)",25,"{'NN__alpha': 0.01, 'NN__hidden_layer_sizes': (50,), 'rp__n_components': 25}",59,0.8578199052132701,0.8185053380782918,0.8436018957345972,0.8090154211150652,0.7203791469194313,0.7876631079478055,0.7582938388625592,0.8173190984578885,0.7571428571428571,0.8210900473933649,0.09219057873628962,0.0015137786413592816,0.05363084539390088,0.012216573356786291
61,0.06670923233032226,0.00020041465759277344,0.801707779886148,0.8121353437565004,0.01,"(50,)",30,"{'NN__alpha': 0.01, 'NN__hidden_layer_sizes': (50,), 'rp__n_components': 30}",41,0.9052132701421801,0.7829181494661922,0.8104265402843602,0.7912218268090154,0.7109004739336493,0.7722419928825622,0.7488151658767772,0.8647686832740213,0.8333333333333334,0.8495260663507109,0.026338207345488102,0.0004008293151855469,0.0676019127614879,0.03755218673298624
62,0.11434288024902343,0.0,0.8007590132827325,0.8168876108234526,0.01,"(50,)",35,"{'NN__alpha': 0.01, 'NN__hidden_layer_sizes': (50,), 'rp__n_components': 35}",45,0.8436018957345972,0.8173190984578885,0.8246445497630331,0.8196915776986952,0.7914691943127962,0.8137603795966786,0.7345971563981043,0.8149466192170819,0.8095238095238095,0.8187203791469194,0.08341478368457697,0.0,0.03729013635461723,0.0022340311146151993
63,0.04406099319458008,0.0031253814697265623,0.6612903225806451,0.6624760362730712,0.01,"(25,)",2,"{'NN__alpha': 0.01, 'NN__hidden_layer_sizes': (25,), 'rp__n_components': 2}",157,0.6635071090047393,0.6631079478054567,0.6587677725118484,0.66073546856465,0.6587677725118484,0.6631079478054567,0.6635071090047393,0.6619217081850534,0.6619047619047619,0.6635071090047393,0.011792044415491552,0.006250762939453125,0.002142536065133738,0.0010196657221145612
64,0.04729776382446289,0.0031252384185791017,0.6726755218216319,0.6795539514147734,0.01,"(25,)",5,"{'NN__alpha': 0.01, 'NN__hidden_layer_sizes': (25,), 'rp__n_components': 5}",141,0.6872037914691943,0.6714116251482799,0.6872037914691943,0.6654804270462633,0.6208530805687204,0.7153024911032029,0.7109004739336493,0.6654804270462633,0.6571428571428571,0.6800947867298578,0.008228703799018602,0.006250476837158203,0.03102752473329657,0.018658382813231077
65,0.03954792022705078,0.00042862892150878905,0.46110056925996207,0.4677334390267213,0.01,"(25,)",7,"{'NN__alpha': 0.01, 'NN__hidden_layer_sizes': (25,), 'rp__n_components': 7}",177,0.3696682464454976,0.37959667852906287,0.2938388625592417,0.39383155397390274,0.4881516587677725,0.49940688018979834,0.6303317535545023,0.5622775800711743,0.5238095238095238,0.5035545023696683,0.020375450358392777,0.0005268232877635786,0.118056879064528,0.06993500872287836
66,0.08594212532043458,0.0008023262023925781,0.6793168880455408,0.7056208643245461,0.01,"(25,)",10,"{'NN__alpha': 0.01, 'NN__hidden_layer_sizes': (25,), 'rp__n_components': 10}",138,0.7109004739336493,0.66785290628707,0.5639810426540285,0.5539739027283511,0.6445497630331753,0.7117437722419929,0.7298578199052133,0.7864768683274022,0.7476190476190476,0.8080568720379147,0.0574629835888783,0.0010647476105004375,0.06742052626489659,0.09109504780898588
67,0.09888215065002441,0.0031252384185791017,0.7447817836812144,0.7549729301243021,0.01,"(25,)",15,"{'NN__alpha': 0.01, 'NN__hidden_layer_sizes': (25,), 'rp__n_components': 15}",105,0.7582938388625592,0.7378410438908659,0.7819905213270142,0.7402135231316725,0.7203791469194313,0.7580071174377224,0.7251184834123223,0.7497034400948992,0.7380952380952381,0.7890995260663507,0.03035861061424119,0.006250476837158203,0.022786656891075605,0.018509132821956993
68,0.08707427978515625,0.0,0.7333965844402277,0.7542738358266854,0.01,"(25,)",20,"{'NN__alpha': 0.01, 'NN__hidden_layer_sizes': (25,), 'rp__n_components': 20}",118,0.8199052132701422,0.7319098457888493,0.7582938388625592,0.7354685646500593,0.7345971563981043,0.7829181494661922,0.6587677725118484,0.7852906287069988,0.6952380952380952,0.735781990521327,0.028901222627931315,0.0,0.055023695663777836,0.024406035162208878
69,0.11996521949768066,0.00045652389526367186,0.7760910815939279,0.7931600074210251,0.01,"(25,)",25,"{'NN__alpha': 0.01, 'NN__hidden_layer_sizes': (25,), 'rp__n_components': 25}",73,0.8199052132701422,0.7793594306049823,0.7772511848341233,0.7508896797153025,0.7203791469194313,0.763938315539739,0.7677725118483413,0.8410438908659549,0.7952380952380952,0.830568720379147,0.08264840553003869,0.0005599708373726247,0.033057804307892937,0.036120415003596716
70,0.06298265457153321,0.0,0.8055028462998103,0.8171237343497889,0.01,"(25,)",30,"{'NN__alpha': 0.01, 'NN__hidden_layer_sizes': (25,), 'rp__n_components': 30}",33,0.8578199052132701,0.7841043890865955,0.8625592417061612,0.8137603795966786,0.7772511848341233,0.8327402135231317,0.7393364928909952,0.8315539739027283,0.7904761904761904,0.8234597156398105,0.014525377026845768,0.0,0.0477581186996514,0.017854076347094575
71,0.09826312065124512,0.0,0.7675521821631879,0.7839219555525571,0.01,"(25,)",35,"{'NN__alpha': 0.01, 'NN__hidden_layer_sizes': (25,), 'rp__n_components': 35}",85,0.8151658767772512,0.7390272835112692,0.8625592417061612,0.8268090154211151,0.7251184834123223,0.8078291814946619,0.7109004739336493,0.7769869513641756,0.7238095238095238,0.768957345971564,0.032702100084819476,0.0,0.06037394616151684,0.030654268078410676
72,0.10165348052978515,0.0,0.6555977229601518,0.6596293422835393,0.01,"(25, 25)",2,"{'NN__alpha': 0.01, 'NN__hidden_layer_sizes': (25, 25), 'rp__n_components': 2}",167,0.6635071090047393,0.6631079478054567,0.6635071090047393,0.6631079478054567,0.6445497630331753,0.6571767497034401,0.6729857819905213,0.6524317912218268,0.6333333333333333,0.6623222748815166,0.05902066414182905,0.0,0.014448958267976394,0.004225475840219495
73,0.03597555160522461,0.003125286102294922,0.6223908918406073,0.637085167507154,0.01,"(25, 25)",5,"{'NN__alpha': 0.01, 'NN__hidden_layer_sizes': (25, 25), 'rp__n_components': 5}",173,0.6445497630331753,0.6287069988137604,0.6161137440758294,0.5765124555160143,0.6255924170616114,0.701067615658363,0.5781990521327014,0.5931198102016607,0.6476190476190476,0.6860189573459715,0.018945151261812843,0.006250572204589844,0.02501997955797884,0.049316263546679846
74,0.05493841171264648,8.35418701171875e-05,0.7039848197343453,0.7156066406930789,0.01,"(25, 25)",7,"{'NN__alpha': 0.01, 'NN__hidden_layer_sizes': (25, 25), 'rp__n_components': 7}",133,0.7488151658767772,0.7046263345195729,0.7440758293838863,0.7164887307236062,0.6208530805687204,0.7200474495848161,0.7156398104265402,0.7188612099644128,0.6904761904761905,0.7180094786729858,0.008020908684090373,0.000167083740234375,0.04659545431969003,0.005611271542144726
75,0.11948566436767578,0.003125286102294922,0.7390891840607211,0.7435884029616637,0.01,"(25, 25)",10,"{'NN__alpha': 0.01, 'NN__hidden_layer_sizes': (25, 25), 'rp__n_components': 10}",111,0.7535545023696683,0.7212336892052195,0.7440758293838863,0.6986951364175563,0.7109004739336493,0.7402135231316725,0.7582938388625592,0.7829181494661922,0.7285714285714285,0.7748815165876777,0.07578308565266705,0.006250572204589844,0.017372757421003738,0.031788728639317435
76,0.12153096199035644,0.0004020214080810547,0.7874762808349146,0.8149899085302434,0.01,"(25, 25)",15,"{'NN__alpha': 0.01, 'NN__hidden_layer_sizes': (25, 25), 'rp__n_components': 15}",59,0.8530805687203792,0.8125741399762753,0.8483412322274881,0.8446026097271648,0.6966824644549763,0.7473309608540926,0.7440758293838863,0.8529062870699882,0.7952380952380952,0.8175355450236966,0.03971945547574421,0.0004923749565220953,0.060353632427349244,0.03716076758425377
77,0.11402225494384766,0.0,0.784629981024668,0.7841457107037043,0.01,"(25, 25)",20,"{'NN__alpha': 0.01, 'NN__hidden_layer_sizes': (25, 25), 'rp__n_components': 20}",64,0.8720379146919431,0.8161328588374852,0.7772511848341233,0.7698695136417556,0.7156398104265402,0.7710557532621589,0.7867298578199052,0.7378410438908659,0.7714285714285715,0.8258293838862559,0.007040758178281692,0.0,0.05028733994252483,0.032496108113874975
78,0.05625414848327637,0.0031252384185791017,0.7713472485768501,0.7787016579244741,0.01,"(25, 25)",25,"{'NN__alpha': 0.01, 'NN__hidden_layer_sizes': (25, 25), 'rp__n_components': 25}",84,0.8436018957345972,0.767497034400949,0.8436018957345972,0.8268090154211151,0.7061611374407583,0.7959667852906287,0.7203791469194313,0.730723606168446,0.7428571428571429,0.7725118483412322,0.015937419379406594,0.0062504768371582035,0.0601887912544678,0.03186896060295658
79,0.07622823715209961,0.0,0.7789373814041746,0.7839250476463544,0.01,"(25, 25)",30,"{'NN__alpha': 0.01, 'NN__hidden_layer_sizes': (25, 25), 'rp__n_components': 30}",69,0.8483412322274881,0.7817319098457889,0.8246445497630331,0.7888493475682088,0.7393364928909952,0.7710557532621589,0.7251184834123223,0.8220640569395018,0.7571428571428571,0.7559241706161137,0.02376330571147472,0.0,0.04869236225321747,0.022060419150166544
80,0.08935871124267578,0.0,0.8102466793168881,0.8289911903436721,0.01,"(25, 25)",35,"{'NN__alpha': 0.01, 'NN__hidden_layer_sizes': (25, 25), 'rp__n_components': 35}",30,0.8388625592417062,0.8173190984578885,0.8199052132701422,0.8279952550415184,0.8199052132701422,0.8291814946619217,0.7819905213270142,0.8683274021352313,0.7904761904761904,0.8021327014218009,0.011948634266744342,0.0,0.020952106736373117,0.021936188443421396
81,0.05684785842895508,0.0031251430511474608,0.6631878557874763,0.6631877800453132,0.01,"(100, 25, 100)",2,"{'NN__alpha': 0.01, 'NN__hidden_layer_sizes': (100, 25, 100), 'rp__n_components': 2}",145,0.6635071090047393,0.6631079478054567,0.6635071090047393,0.6631079478054567,0.6635071090047393,0.6631079478054567,0.6635071090047393,0.6631079478054567,0.6619047619047619,0.6635071090047393,0.017756350114992648,0.0062502861022949215,0.0006400248824124762,0.00015966447971305087
82,0.1500483512878418,0.006219482421875,0.74573055028463,0.7547401797911993,0.01,"(100, 25, 100)",5,"{'NN__alpha': 0.01, 'NN__hidden_layer_sizes': (100, 25, 100), 'rp__n_components': 5}",101,0.8246445497630331,0.7366548042704626,0.7819905213270142,0.7283511269276394,0.6919431279620853,0.7852906287069988,0.7109004739336493,0.7532621589561092,0.719047619047619,0.7701421800947867,0.045969679757363734,0.007617435872517306,0.04973681590592088,0.020958048605055617
83,0.12463145256042481,0.006249380111694336,0.7296015180265655,0.7428862165702494,0.01,"(100, 25, 100)",7,"{'NN__alpha': 0.01, 'NN__hidden_layer_sizes': (100, 25, 100), 'rp__n_components': 7}",122,0.8151658767772512,0.7852906287069988,0.7582938388625592,0.7366548042704626,0.6777251184834123,0.7366548042704626,0.7298578199052133,0.7212336892052195,0.6666666666666666,0.7345971563981043,0.046714694044308426,0.0076538965534682125,0.054390771094011144,0.02196968651116344
84,0.12614645957946777,0.0,0.7884250474383302,0.8123824301608451,0.01,"(100, 25, 100)",10,"{'NN__alpha': 0.01, 'NN__hidden_layer_sizes': (100, 25, 100), 'rp__n_components': 10}",56,0.8578199052132701,0.8362989323843416,0.7962085308056872,0.7947805456702254,0.7582938388625592,0.833926453143535,0.8009478672985783,0.7888493475682088,0.7285714285714285,0.8080568720379147,0.035705914461164424,0.0,0.04362438823810267,0.01958819426028338
85,0.22502379417419432,0.0,0.8434535104364327,0.8671692724584394,0.01,"(100, 25, 100)",15,"{'NN__alpha': 0.01, 'NN__hidden_layer_sizes': (100, 25, 100), 'rp__n_components': 15}",1,0.8720379146919431,0.8600237247924081,0.8862559241706162,0.8540925266903915,0.8530805687203792,0.8778173190984578,0.7582938388625592,0.8623962040332147,0.8476190476190476,0.8815165876777251,0.06450576977323928,0.0,0.04476769480551308,0.010621380934427663
86,0.0565086841583252,0.0,0.7239089184060721,0.724857904235044,0.01,"(100, 25, 100)",20,"{'NN__alpha': 0.01, 'NN__hidden_layer_sizes': (100, 25, 100), 'rp__n_components': 20}",130,0.7488151658767772,0.7164887307236062,0.7014218009478673,0.7247924080664294,0.7109004739336493,0.7378410438908659,0.7251184834123223,0.7212336892052195,0.7333333333333333,0.7239336492890995,0.01235943407380809,0.0,0.016651648876084117,0.007107720480192504
87,0.16876959800720215,0.0,0.8197343453510436,0.8403712199153329,0.01,"(100, 25, 100)",25,"{'NN__alpha': 0.01, 'NN__hidden_layer_sizes': (100, 25, 100), 'rp__n_components': 25}",17,0.8672985781990521,0.8291814946619217,0.8530805687203792,0.8410438908659549,0.8056872037914692,0.8410438908659549,0.7725118483412322,0.8552787663107948,0.8,0.8353080568720379,0.026883352922528598,0.0,0.035199670638495106,0.008648531473010744
88,0.1344132900238037,0.0,0.818785578747628,0.8301791165606922,0.01,"(100, 25, 100)",30,"{'NN__alpha': 0.01, 'NN__hidden_layer_sizes': (100, 25, 100), 'rp__n_components': 30}",21,0.9241706161137441,0.8327402135231317,0.8815165876777251,0.8446026097271648,0.7677725118483413,0.8268090154211151,0.7440758293838863,0.8517200474495848,0.7761904761904762,0.7950236966824644,0.040124030203672924,0.0,0.07078779217256993,0.019625846248454207
89,0.19999914169311522,0.0,0.8425047438330171,0.8591090272272914,0.01,"(100, 25, 100)",35,"{'NN__alpha': 0.01, 'NN__hidden_layer_sizes': (100, 25, 100), 'rp__n_components': 35}",4,0.8767772511848341,0.8730723606168446,0.8578199052132701,0.8315539739027283,0.8767772511848341,0.8623962040332147,0.7582938388625592,0.8730723606168446,0.8428571428571429,0.8554502369668247,0.05207987086496208,0.0,0.04401032484082561,0.015319416437571119
90,0.05408658981323242,0.0,0.6631878557874763,0.6631877800453132,0.001,"(50, 50)",2,"{'NN__alpha': 0.001, 'NN__hidden_layer_sizes': (50, 50), 'rp__n_components': 2}",145,0.6635071090047393,0.6631079478054567,0.6635071090047393,0.6631079478054567,0.6635071090047393,0.6631079478054567,0.6635071090047393,0.6631079478054567,0.6619047619047619,0.6635071090047393,0.008954293154695207,0.0,0.0006400248824124762,0.00015966447971305087
91,0.07501006126403809,0.0,0.7485768500948766,0.7514246119422283,0.001,"(50, 50)",5,"{'NN__alpha': 0.001, 'NN__hidden_layer_sizes': (50, 50), 'rp__n_components': 5}",97,0.8246445497630331,0.7425860023724793,0.7772511848341233,0.7437722419928826,0.6682464454976303,0.7734282325029656,0.7298578199052133,0.7520759193357058,0.7428571428571429,0.745260663507109,0.026881800929619126,0.0,0.05187909799994369,0.011482661402136838
92,0.08438215255737305,0.0,0.6565464895635673,0.6826213084616553,0.001,"(50, 50)",7,"{'NN__alpha': 0.001, 'NN__hidden_layer_sizes': (50, 50), 'rp__n_components': 7}",165,0.7251184834123223,0.7319098457888493,0.45023696682464454,0.5776986951364176,0.7014218009478673,0.697508896797153,0.6587677725118484,0.6548042704626335,0.7476190476190476,0.7511848341232228,0.030622369396630635,0.0,0.1073256338321651,0.06186194248402202
93,0.09688720703125,0.003124713897705078,0.7922201138519924,0.8069203870177036,0.001,"(50, 50)",10,"{'NN__alpha': 0.001, 'NN__hidden_layer_sizes': (50, 50), 'rp__n_components': 10}",49,0.8767772511848341,0.8102016607354685,0.7393364928909952,0.7520759193357058,0.7345971563981043,0.7924080664294187,0.8104265402843602,0.8493475682087782,0.8,0.830568720379147,0.03618082991972578,0.006249427795410156,0.052290849534824775,0.033432317347093905
94,0.10950379371643067,0.0,0.825426944971537,0.8396614438391437,0.001,"(50, 50)",15,"{'NN__alpha': 0.001, 'NN__hidden_layer_sizes': (50, 50), 'rp__n_components': 15}",10,0.8957345971563981,0.8386714116251482,0.8815165876777251,0.8493475682087782,0.8199052132701422,0.8517200474495848,0.6919431279620853,0.8315539739027283,0.8380952380952381,0.8270142180094787,0.031195005402925854,0.0,0.07228017467588436,0.009652921631080868
95,0.10623760223388672,0.0,0.7666034155597723,0.79031500002811,0.001,"(50, 50)",20,"{'NN__alpha': 0.001, 'NN__hidden_layer_sizes': (50, 50), 'rp__n_components': 20}",89,0.8341232227488151,0.7580071174377224,0.8009478672985783,0.7769869513641756,0.6872037914691943,0.7829181494661922,0.7345971563981043,0.8113879003558719,0.7761904761904762,0.8222748815165877,0.017961890035657145,0.0,0.05132470608015734,0.023416450242849118
96,0.06563210487365723,0.0,0.7286527514231499,0.7601839514709933,0.001,"(50, 50)",25,"{'NN__alpha': 0.001, 'NN__hidden_layer_sizes': (50, 50), 'rp__n_components': 25}",125,0.6919431279620853,0.7034400948991696,0.7156398104265402,0.7069988137603797,0.6540284360189573,0.7236061684460261,0.7867298578199052,0.8422301304863582,0.7952380952380952,0.8246445497630331,0.025002717990217024,0.0,0.05456258211933016,0.06045362282965555
97,0.11569581031799317,0.0,0.818785578747628,0.8401303176985827,0.001,"(50, 50)",30,"{'NN__alpha': 0.001, 'NN__hidden_layer_sizes': (50, 50), 'rp__n_components': 30}",21,0.909952606635071,0.8232502965599051,0.8104265402843602,0.8149466192170819,0.8056872037914692,0.8529062870699882,0.7298578199052133,0.8588374851720048,0.8380952380952381,0.8507109004739336,0.03214486182709558,0.0,0.05804839322861425,0.017574333688496705
98,0.10313606262207031,0.0,0.825426944971537,0.8349128310648609,0.001,"(50, 50)",35,"{'NN__alpha': 0.001, 'NN__hidden_layer_sizes': (50, 50), 'rp__n_components': 35}",10,0.8862559241706162,0.8090154211150652,0.8009478672985783,0.8268090154211151,0.8388625592417062,0.8564650059311981,0.7914691943127962,0.8398576512455516,0.8095238095238095,0.8424170616113744,0.02724557429262187,0.0,0.03432296274408152,0.016010050807410744
99,0.0352236270904541,0.0,0.6631878557874763,0.6631877800453132,0.001,"(50,)",2,"{'NN__alpha': 0.001, 'NN__hidden_layer_sizes': (50,), 'rp__n_components': 2}",145,0.6635071090047393,0.6631079478054567,0.6635071090047393,0.6631079478054567,0.6635071090047393,0.6631079478054567,0.6635071090047393,0.6631079478054567,0.6619047619047619,0.6635071090047393,0.00605384632960241,0.0,0.0006400248824124762,0.00015966447971305087
100,0.05000572204589844,0.0,0.7371916508538899,0.7497630331753554,0.001,"(50,)",5,"{'NN__alpha': 0.001, 'NN__hidden_layer_sizes': (50,), 'rp__n_components': 5}",113,0.8009478672985783,0.734282325029656,0.7393364928909952,0.7425860023724793,0.6445497630331753,0.7568208778173191,0.7440758293838863,0.7663107947805456,0.7571428571428571,0.7488151658767772,0.018223523779770698,0.0,0.05120147559319978,0.011096865624001903
101,0.05958847999572754,0.003125619888305664,0.642314990512334,0.6579829428862165,0.001,"(50,)",7,"{'NN__alpha': 0.001, 'NN__hidden_layer_sizes': (50,), 'rp__n_components': 7}",171,0.6777251184834123,0.6559905100830368,0.7582938388625592,0.7058125741399762,0.6208530805687204,0.67497034400949,0.6161137440758294,0.6512455516014235,0.5380952380952381,0.6018957345971564,0.02038619535253982,0.006251239776611328,0.0730584217722335,0.03397464521155041
102,0.05937972068786621,0.0,0.7628083491461101,0.7891338201975567,0.001,"(50,)",10,"{'NN__alpha': 0.001, 'NN__hidden_layer_sizes': (50,), 'rp__n_components': 10}",93,0.7962085308056872,0.7769869513641756,0.8151658767772512,0.7900355871886121,0.7109004739336493,0.797153024911032,0.7156398104265402,0.7805456702253856,0.7761904761904762,0.8009478672985783,0.025003600403527063,0.0,0.04233889378590338,0.009230333463616637
103,0.09418988227844238,0.0031252384185791017,0.8026565464895635,0.8133274864650621,0.001,"(50,)",15,"{'NN__alpha': 0.001, 'NN__hidden_layer_sizes': (50,), 'rp__n_components': 15}",38,0.8293838862559242,0.8042704626334519,0.8104265402843602,0.7852906287069988,0.8104265402843602,0.8054567022538552,0.7819905213270142,0.8469750889679716,0.780952380952381,0.8246445497630331,0.022714990467413928,0.006250476837158203,0.018615377868393474,0.020929794043973264
104,0.04702472686767578,0.0,0.7732447817836812,0.7746614157292001,0.001,"(50,)",20,"{'NN__alpha': 0.001, 'NN__hidden_layer_sizes': (50,), 'rp__n_components': 20}",77,0.8293838862559242,0.7627520759193357,0.8104265402843602,0.7734282325029656,0.7251184834123223,0.7520759193357058,0.7203791469194313,0.7829181494661922,0.780952380952381,0.8021327014218009,0.017382648722098794,0.0,0.04407568636773539,0.01718314844564237
105,0.07173795700073242,0.003125619888305664,0.7874762808349146,0.8107186025984833,0.001,"(50,)",25,"{'NN__alpha': 0.001, 'NN__hidden_layer_sizes': (50,), 'rp__n_components': 25}",59,0.8578199052132701,0.8185053380782918,0.8436018957345972,0.8090154211150652,0.7203791469194313,0.7876631079478055,0.7582938388625592,0.8173190984578885,0.7571428571428571,0.8210900473933649,0.021156512824504353,0.006251239776611328,0.05363084539390088,0.012216573356786291
106,0.0531308650970459,0.0,0.801707779886148,0.8121353437565004,0.001,"(50,)",30,"{'NN__alpha': 0.001, 'NN__hidden_layer_sizes': (50,), 'rp__n_components': 30}",41,0.9052132701421801,0.7829181494661922,0.8104265402843602,0.7912218268090154,0.7109004739336493,0.7722419928825622,0.7488151658767772,0.8647686832740213,0.8333333333333334,0.8495260663507109,0.007655512022818784,0.0,0.0676019127614879,0.03755218673298624
107,0.07813382148742676,0.0,0.8007590132827325,0.8168876108234526,0.001,"(50,)",35,"{'NN__alpha': 0.001, 'NN__hidden_layer_sizes': (50,), 'rp__n_components': 35}",45,0.8436018957345972,0.8173190984578885,0.8246445497630331,0.8196915776986952,0.7914691943127962,0.8137603795966786,0.7345971563981043,0.8149466192170819,0.8095238095238095,0.8187203791469194,0.024208454397690978,0.0,0.03729013635461723,0.0022340311146151993
108,0.03720035552978516,0.0,0.6612903225806451,0.6624760362730712,0.001,"(25,)",2,"{'NN__alpha': 0.001, 'NN__hidden_layer_sizes': (25,), 'rp__n_components': 2}",157,0.6635071090047393,0.6631079478054567,0.6587677725118484,0.66073546856465,0.6587677725118484,0.6631079478054567,0.6635071090047393,0.6619217081850534,0.6619047619047619,0.6635071090047393,0.007523725683824428,0.0,0.002142536065133738,0.0010196657221145612
109,0.047021484375,0.0,0.6726755218216319,0.6795539514147734,0.001,"(25,)",5,"{'NN__alpha': 0.001, 'NN__hidden_layer_sizes': (25,), 'rp__n_components': 5}",141,0.6872037914691943,0.6714116251482799,0.6872037914691943,0.6654804270462633,0.6208530805687204,0.7153024911032029,0.7109004739336493,0.6654804270462633,0.6571428571428571,0.6800947867298578,0.0098857196794555,0.0,0.03102752473329657,0.018658382813231077
110,0.04444079399108887,0.0,0.46110056925996207,0.4679704058513659,0.001,"(25,)",7,"{'NN__alpha': 0.001, 'NN__hidden_layer_sizes': (25,), 'rp__n_components': 7}",177,0.3696682464454976,0.37959667852906287,0.2938388625592417,0.39383155397390274,0.4881516587677725,0.49940688018979834,0.6303317535545023,0.5622775800711743,0.5238095238095238,0.504739336492891,0.02577967928280364,0.0,0.118056879064528,0.07005788225064001
111,0.0562558650970459,0.0,0.6793168880455408,0.7056208643245461,0.001,"(25,)",10,"{'NN__alpha': 0.001, 'NN__hidden_layer_sizes': (25,), 'rp__n_components': 10}",138,0.7109004739336493,0.66785290628707,0.5639810426540285,0.5539739027283511,0.6445497630331753,0.7117437722419929,0.7298578199052133,0.7864768683274022,0.7476190476190476,0.8080568720379147,0.027243726088697733,0.0,0.06742052626489659,0.09109504780898588
112,0.09989008903503419,0.0,0.7447817836812144,0.7549729301243021,0.001,"(25,)",15,"{'NN__alpha': 0.001, 'NN__hidden_layer_sizes': (25,), 'rp__n_components': 15}",105,0.7582938388625592,0.7378410438908659,0.7819905213270142,0.7402135231316725,0.7203791469194313,0.7580071174377224,0.7251184834123223,0.7497034400948992,0.7380952380952381,0.7890995260663507,0.012569261560842648,0.0,0.022786656891075605,0.018509132821956993
113,0.08750972747802735,0.0,0.7333965844402277,0.7542738358266854,0.001,"(25,)",20,"{'NN__alpha': 0.001, 'NN__hidden_layer_sizes': (25,), 'rp__n_components': 20}",118,0.8199052132701422,0.7319098457888493,0.7582938388625592,0.7354685646500593,0.7345971563981043,0.7829181494661922,0.6587677725118484,0.7852906287069988,0.6952380952380952,0.735781990521327,0.03217735483867391,0.0,0.055023695663777836,0.024406035162208878
114,0.07188277244567871,0.0,0.7760910815939279,0.7931600074210251,0.001,"(25,)",25,"{'NN__alpha': 0.001, 'NN__hidden_layer_sizes': (25,), 'rp__n_components': 25}",73,0.8199052132701422,0.7793594306049823,0.7772511848341233,0.7508896797153025,0.7203791469194313,0.763938315539739,0.7677725118483413,0.8410438908659549,0.7952380952380952,0.830568720379147,0.01875243188435999,0.0,0.033057804307892937,0.036120415003596716
115,0.09456758499145508,0.0031253337860107423,0.8055028462998103,0.8173609822738696,0.001,"(25,)",30,"{'NN__alpha': 0.001, 'NN__hidden_layer_sizes': (25,), 'rp__n_components': 30}",33,0.8578199052132701,0.7841043890865955,0.8625592417061612,0.8137603795966786,0.7772511848341233,0.833926453143535,0.7393364928909952,0.8315539739027283,0.7904761904761904,0.8234597156398105,0.03395338399056239,0.0062506675720214845,0.0477581186996514,0.018066630650136545
116,0.0879478931427002,0.003325939178466797,0.7675521821631879,0.7839219555525571,0.001,"(25,)",35,"{'NN__alpha': 0.001, 'NN__hidden_layer_sizes': (25,), 'rp__n_components': 35}",85,0.8151658767772512,0.7390272835112692,0.8625592417061612,0.8268090154211151,0.7251184834123223,0.8078291814946619,0.7109004739336493,0.7769869513641756,0.7238095238095238,0.768957345971564,0.02101994344183199,0.006162847304432742,0.06037394616151684,0.030654268078410676
117,0.07559680938720703,0.0,0.6555977229601518,0.65986659020762,0.001,"(25, 25)",2,"{'NN__alpha': 0.001, 'NN__hidden_layer_sizes': (25, 25), 'rp__n_components': 2}",167,0.6635071090047393,0.66429418742586,0.6635071090047393,0.6631079478054567,0.6445497630331753,0.6571767497034401,0.6729857819905213,0.6524317912218268,0.6333333333333333,0.6623222748815166,0.02202483366499522,0.0,0.014448958267976394,0.004441888817129691
118,0.04690642356872558,0.0,0.6223908918406073,0.637085167507154,0.001,"(25, 25)",5,"{'NN__alpha': 0.001, 'NN__hidden_layer_sizes': (25, 25), 'rp__n_components': 5}",173,0.6445497630331753,0.6287069988137604,0.6161137440758294,0.5765124555160143,0.6255924170616114,0.701067615658363,0.5781990521327014,0.5931198102016607,0.6476190476190476,0.6860189573459715,0.01394671169588452,0.0,0.02501997955797884,0.049316263546679846
119,0.05327858924865723,0.0,0.7039848197343453,0.7153696738684342,0.001,"(25, 25)",7,"{'NN__alpha': 0.001, 'NN__hidden_layer_sizes': (25, 25), 'rp__n_components': 7}",133,0.7488151658767772,0.7046263345195729,0.7440758293838863,0.7164887307236062,0.6208530805687204,0.7200474495848161,0.7156398104265402,0.7188612099644128,0.6904761904761905,0.716824644549763,0.012614875790236603,0.0,0.04659545431969003,0.005529212932338917
120,0.08438405990600586,0.0031251907348632812,0.7390891840607211,0.7435884029616637,0.001,"(25, 25)",10,"{'NN__alpha': 0.001, 'NN__hidden_layer_sizes': (25, 25), 'rp__n_components': 10}",111,0.7535545023696683,0.7212336892052195,0.7440758293838863,0.6986951364175563,0.7109004739336493,0.7402135231316725,0.7582938388625592,0.7829181494661922,0.7285714285714285,0.7748815165876777,0.021197101300716982,0.0062503814697265625,0.017372757421003738,0.031788728639317435
121,0.12477531433105468,0.006252098083496094,0.7903225806451613,0.8147526606061628,0.001,"(25, 25)",15,"{'NN__alpha': 0.001, 'NN__hidden_layer_sizes': (25, 25), 'rp__n_components': 15}",53,0.8530805687203792,0.8137603795966786,0.8483412322274881,0.8446026097271648,0.6966824644549763,0.7473309608540926,0.7582938388625592,0.8505338078291815,0.7952380952380952,0.8175355450236966,0.03808394495116813,0.007657225492277377,0.05854798757248314,0.036676217427273484
122,0.08843994140625,0.00020051002502441406,0.784629981024668,0.7841457107037043,0.001,"(25, 25)",20,"{'NN__alpha': 0.001, 'NN__hidden_layer_sizes': (25, 25), 'rp__n_components': 20}",64,0.8720379146919431,0.8161328588374852,0.7772511848341233,0.7698695136417556,0.7156398104265402,0.7710557532621589,0.7867298578199052,0.7378410438908659,0.7714285714285715,0.8258293838862559,0.022208835428311657,0.0004010200500488281,0.05028733994252483,0.032496108113874975
123,0.06406702995300292,0.0,0.7722960151802657,0.7787016579244741,0.001,"(25, 25)",25,"{'NN__alpha': 0.001, 'NN__hidden_layer_sizes': (25, 25), 'rp__n_components': 25}",80,0.8436018957345972,0.767497034400949,0.8483412322274881,0.8268090154211151,0.7061611374407583,0.7959667852906287,0.7203791469194313,0.730723606168446,0.7428571428571429,0.7725118483412322,0.017400506191502456,0.0,0.061346495834094995,0.03186896060295658
124,0.07346630096435547,0.003004789352416992,0.7789373814041746,0.7839250476463544,0.001,"(25, 25)",30,"{'NN__alpha': 0.001, 'NN__hidden_layer_sizes': (25, 25), 'rp__n_components': 30}",69,0.8483412322274881,0.7817319098457889,0.8246445497630331,0.7888493475682088,0.7393364928909952,0.7710557532621589,0.7251184834123223,0.8220640569395018,0.7571428571428571,0.7559241706161137,0.02867680757260176,0.006009578704833984,0.04869236225321747,0.022060419150166544
125,0.06226658821105957,0.0,0.8102466793168881,0.8289911903436721,0.001,"(25, 25)",35,"{'NN__alpha': 0.001, 'NN__hidden_layer_sizes': (25, 25), 'rp__n_components': 35}",30,0.8388625592417062,0.8173190984578885,0.8199052132701422,0.8279952550415184,0.8199052132701422,0.8291814946619217,0.7819905213270142,0.8683274021352313,0.7904761904761904,0.8021327014218009,0.009891318913313775,0.0,0.020952106736373117,0.021936188443421396
126,0.04375433921813965,0.0,0.6631878557874763,0.6631877800453132,0.001,"(100, 25, 100)",2,"{'NN__alpha': 0.001, 'NN__hidden_layer_sizes': (100, 25, 100), 'rp__n_components': 2}",145,0.6635071090047393,0.6631079478054567,0.6635071090047393,0.6631079478054567,0.6635071090047393,0.6631079478054567,0.6635071090047393,0.6631079478054567,0.6619047619047619,0.6635071090047393,0.025003075602114375,0.0,0.0006400248824124762,0.00015966447971305087
127,0.1724830150604248,0.0031253814697265623,0.74573055028463,0.75497742771528,0.001,"(100, 25, 100)",5,"{'NN__alpha': 0.001, 'NN__hidden_layer_sizes': (100, 25, 100), 'rp__n_components': 5}",101,0.8246445497630331,0.7366548042704626,0.7819905213270142,0.7295373665480427,0.6919431279620853,0.7852906287069988,0.7109004739336493,0.7532621589561092,0.719047619047619,0.7701421800947867,0.05869533267846108,0.006250762939453125,0.04973681590592088,0.02066260999053912
128,0.12965102195739747,0.0014035224914550782,0.7296015180265655,0.7421747538974437,0.001,"(100, 25, 100)",7,"{'NN__alpha': 0.001, 'NN__hidden_layer_sizes': (100, 25, 100), 'rp__n_components': 7}",122,0.8199052132701422,0.7841043890865955,0.7582938388625592,0.7354685646500593,0.6729857819905213,0.7366548042704626,0.7298578199052133,0.7212336892052195,0.6666666666666666,0.7334123222748815,0.03718454432275147,0.0008022428776730038,0.056816788288404134,0.021674157531888064
129,0.14619827270507812,0.0010219097137451171,0.7884250474383302,0.8119079343126838,0.001,"(100, 25, 100)",10,"{'NN__alpha': 0.001, 'NN__hidden_layer_sizes': (100, 25, 100), 'rp__n_components': 10}",56,0.8578199052132701,0.8351126927639383,0.7962085308056872,0.7935943060498221,0.7582938388625592,0.833926453143535,0.8009478672985783,0.7888493475682088,0.7285714285714285,0.8080568720379147,0.028932378743555785,0.0020438194274902343,0.04362438823810267,0.01952021551998098
130,0.2248692035675049,0.0,0.8434535104364327,0.8666947766102779,0.001,"(100, 25, 100)",15,"{'NN__alpha': 0.001, 'NN__hidden_layer_sizes': (100, 25, 100), 'rp__n_components': 15}",1,0.8720379146919431,0.8588374851720048,0.8862559241706162,0.8529062870699882,0.8530805687203792,0.8778173190984578,0.7582938388625592,0.8623962040332147,0.8476190476190476,0.8815165876777251,0.026976667570867613,0.0,0.04476769480551308,0.011079117595453063
131,0.059380388259887694,0.0062504768371582035,0.7229601518026565,0.7248581853344802,0.001,"(100, 25, 100)",20,"{'NN__alpha': 0.001, 'NN__hidden_layer_sizes': (100, 25, 100), 'rp__n_components': 20}",132,0.7488151658767772,0.7164887307236062,0.6966824644549763,0.7247924080664294,0.7109004739336493,0.7390272835112692,0.7251184834123223,0.7212336892052195,0.7333333333333333,0.7227488151658767,0.011693864712030818,0.007655239456001772,0.017987324106556155,0.007594759442868204
132,0.16564292907714845,0.0,0.8197343453510436,0.8406084678394136,0.001,"(100, 25, 100)",25,"{'NN__alpha': 0.001, 'NN__hidden_layer_sizes': (100, 25, 100), 'rp__n_components': 25}",17,0.8672985781990521,0.8291814946619217,0.8530805687203792,0.8410438908659549,0.8056872037914692,0.8422301304863582,0.7725118483412322,0.8552787663107948,0.8,0.8353080568720379,0.025089335494231518,0.0,0.035199670638495106,0.008679943693528699
133,0.11876506805419922,0.010217380523681641,0.818785578747628,0.8301788354612561,0.001,"(100, 25, 100)",30,"{'NN__alpha': 0.001, 'NN__hidden_layer_sizes': (100, 25, 100), 'rp__n_components': 30}",21,0.9241706161137441,0.8327402135231317,0.8815165876777251,0.8446026097271648,0.7677725118483413,0.8268090154211151,0.7440758293838863,0.8505338078291815,0.7761904761904762,0.7962085308056872,0.023390756379413354,0.008483916131607962,0.07078779217256993,0.018943432145436888
134,0.21244845390319825,0.0,0.8425047438330171,0.859346275151372,0.001,"(100, 25, 100)",35,"{'NN__alpha': 0.001, 'NN__hidden_layer_sizes': (100, 25, 100), 'rp__n_components': 35}",4,0.8815165876777251,0.8730723606168446,0.8530805687203792,0.8315539739027283,0.8767772511848341,0.8623962040332147,0.7582938388625592,0.8742586002372479,0.8428571428571429,0.8554502369668247,0.04251382803370438,0.0,0.04451824271535241,0.015541403090373853
135,0.053130722045898436,0.0,0.6631878557874763,0.6631877800453132,0.0001,"(50, 50)",2,"{'NN__alpha': 0.0001, 'NN__hidden_layer_sizes': (50, 50), 'rp__n_components': 2}",145,0.6635071090047393,0.6631079478054567,0.6635071090047393,0.6631079478054567,0.6635071090047393,0.6631079478054567,0.6635071090047393,0.6631079478054567,0.6619047619047619,0.6635071090047393,0.012501668966883329,0.0,0.0006400248824124762,0.00015966447971305087
136,0.05155792236328125,0.0033664703369140625,0.7485768500948766,0.7514246119422283,0.0001,"(50, 50)",5,"{'NN__alpha': 0.0001, 'NN__hidden_layer_sizes': (50, 50), 'rp__n_components': 5}",97,0.8246445497630331,0.7425860023724793,0.7772511848341233,0.7437722419928826,0.6682464454976303,0.7734282325029656,0.7298578199052133,0.7520759193357058,0.7428571428571429,0.745260663507109,0.015232427864531932,0.006732940673828125,0.05187909799994369,0.011482661402136838
137,0.07446122169494629,0.0,0.6565464895635673,0.6826213084616553,0.0001,"(50, 50)",7,"{'NN__alpha': 0.0001, 'NN__hidden_layer_sizes': (50, 50), 'rp__n_components': 7}",165,0.7251184834123223,0.7319098457888493,0.45023696682464454,0.5776986951364176,0.7014218009478673,0.697508896797153,0.6587677725118484,0.6548042704626335,0.7476190476190476,0.7511848341232228,0.020994938575008136,0.0,0.1073256338321651,0.06186194248402202
138,0.07188315391540527,0.0031248092651367187,0.7922201138519924,0.8069203870177036,0.0001,"(50, 50)",10,"{'NN__alpha': 0.0001, 'NN__hidden_layer_sizes': (50, 50), 'rp__n_components': 10}",49,0.8767772511848341,0.8102016607354685,0.7393364928909952,0.7520759193357058,0.7345971563981043,0.7924080664294187,0.8104265402843602,0.8493475682087782,0.8,0.830568720379147,0.01593641852595983,0.006249618530273437,0.052290849534824775,0.033432317347093905
139,0.10938668251037598,0.0,0.825426944971537,0.8396614438391437,0.0001,"(50, 50)",15,"{'NN__alpha': 0.0001, 'NN__hidden_layer_sizes': (50, 50), 'rp__n_components': 15}",10,0.8957345971563981,0.8386714116251482,0.8815165876777251,0.8493475682087782,0.8199052132701422,0.8517200474495848,0.6919431279620853,0.8315539739027283,0.8380952380952381,0.8270142180094787,0.026014060769623364,0.0,0.07228017467588436,0.009652921631080868
140,0.07498068809509277,0.0,0.7666034155597723,0.79031500002811,0.0001,"(50, 50)",20,"{'NN__alpha': 0.0001, 'NN__hidden_layer_sizes': (50, 50), 'rp__n_components': 20}",89,0.8341232227488151,0.7580071174377224,0.8009478672985783,0.7769869513641756,0.6872037914691943,0.7829181494661922,0.7345971563981043,0.8113879003558719,0.7761904761904762,0.8222748815165877,0.017852228307990207,0.0,0.05132470608015734,0.023416450242849118
141,0.06244645118713379,0.0010026931762695313,0.7286527514231499,0.7599469846463487,0.0001,"(50, 50)",25,"{'NN__alpha': 0.0001, 'NN__hidden_layer_sizes': (50, 50), 'rp__n_components': 25}",125,0.6919431279620853,0.7034400948991696,0.7156398104265402,0.7069988137603797,0.6540284360189573,0.7236061684460261,0.7867298578199052,0.8422301304863582,0.7952380952380952,0.8234597156398105,0.016715284243350354,6.503191803448608e-07,0.05456258211933016,0.06020228467218063
142,0.08082761764526367,0.0037023544311523436,0.818785578747628,0.8401303176985827,0.0001,"(50, 50)",30,"{'NN__alpha': 0.0001, 'NN__hidden_layer_sizes': (50, 50), 'rp__n_components': 30}",21,0.909952606635071,0.8232502965599051,0.8104265402843602,0.8149466192170819,0.8056872037914692,0.8529062870699882,0.7298578199052133,0.8588374851720048,0.8380952380952381,0.8507109004739336,0.012176661807376048,0.0064170326919943685,0.05804839322861425,0.017574333688496705
143,0.10300345420837402,0.0030823230743408205,0.825426944971537,0.8346755831407802,0.0001,"(50, 50)",35,"{'NN__alpha': 0.0001, 'NN__hidden_layer_sizes': (50, 50), 'rp__n_components': 35}",10,0.8862559241706162,0.8078291814946619,0.8009478672985783,0.8268090154211151,0.8388625592417062,0.8564650059311981,0.7914691943127962,0.8398576512455516,0.8095238095238095,0.8424170616113744,0.05081839648761526,0.00616464614868164,0.03432296274408152,0.016396191224339444
144,0.021877861022949217,0.0,0.6631878557874763,0.6631877800453132,0.0001,"(50,)",2,"{'NN__alpha': 0.0001, 'NN__hidden_layer_sizes': (50,), 'rp__n_components': 2}",145,0.6635071090047393,0.6631079478054567,0.6635071090047393,0.6631079478054567,0.6635071090047393,0.6631079478054567,0.6635071090047393,0.6631079478054567,0.6619047619047619,0.6635071090047393,0.007654752813715074,0.0,0.0006400248824124762,0.00015966447971305087
145,0.0378110408782959,0.0031252384185791017,0.7371916508538899,0.7497630331753554,0.0001,"(50,)",5,"{'NN__alpha': 0.0001, 'NN__hidden_layer_sizes': (50,), 'rp__n_components': 5}",113,0.8009478672985783,0.734282325029656,0.7393364928909952,0.7425860023724793,0.6445497630331753,0.7568208778173191,0.7440758293838863,0.7663107947805456,0.7571428571428571,0.7488151658767772,0.012362274210177417,0.006250476837158203,0.05120147559319978,0.011096865624001903
146,0.043755722045898435,0.0,0.642314990512334,0.6579829428862165,0.0001,"(50,)",7,"{'NN__alpha': 0.0001, 'NN__hidden_layer_sizes': (50,), 'rp__n_components': 7}",171,0.6777251184834123,0.6559905100830368,0.7582938388625592,0.7058125741399762,0.6208530805687204,0.67497034400949,0.6161137440758294,0.6512455516014235,0.5380952380952381,0.6018957345971564,0.02073174493719324,0.0,0.0730584217722335,0.03397464521155041
147,0.04388937950134277,0.0,0.7628083491461101,0.7891338201975567,0.0001,"(50,)",10,"{'NN__alpha': 0.0001, 'NN__hidden_layer_sizes': (50,), 'rp__n_components': 10}",93,0.7962085308056872,0.7769869513641756,0.8151658767772512,0.7900355871886121,0.7109004739336493,0.797153024911032,0.7156398104265402,0.7805456702253856,0.7761904761904762,0.8009478672985783,0.011880750727057144,0.0,0.04233889378590338,0.009230333463616637
148,0.0781364917755127,0.0,0.8026565464895635,0.8133274864650621,0.0001,"(50,)",15,"{'NN__alpha': 0.0001, 'NN__hidden_layer_sizes': (50,), 'rp__n_components': 15}",38,0.8293838862559242,0.8042704626334519,0.8104265402843602,0.7852906287069988,0.8104265402843602,0.8054567022538552,0.7819905213270142,0.8469750889679716,0.780952380952381,0.8246445497630331,0.017016269778471087,0.0,0.018615377868393474,0.020929794043973264
149,0.03913645744323731,0.0031250953674316407,0.7732447817836812,0.7746614157292001,0.0001,"(50,)",20,"{'NN__alpha': 0.0001, 'NN__hidden_layer_sizes': (50,), 'rp__n_components': 20}",77,0.8293838862559242,0.7627520759193357,0.8104265402843602,0.7734282325029656,0.7251184834123223,0.7520759193357058,0.7203791469194313,0.7829181494661922,0.780952380952381,0.8021327014218009,0.01860038018909464,0.006250190734863282,0.04407568636773539,0.01718314844564237
150,0.04688053131103516,0.0031250953674316407,0.7874762808349146,0.8104816357738386,0.0001,"(50,)",25,"{'NN__alpha': 0.0001, 'NN__hidden_layer_sizes': (50,), 'rp__n_components': 25}",59,0.8578199052132701,0.8185053380782918,0.8436018957345972,0.8090154211150652,0.7203791469194313,0.7876631079478055,0.7582938388625592,0.8173190984578885,0.7571428571428571,0.8199052132701422,8.449575970968889e-07,0.006250190734863281,0.05363084539390088,0.012023057057405603
151,0.037505149841308594,0.0,0.801707779886148,0.8121353437565004,0.0001,"(50,)",30,"{'NN__alpha': 0.0001, 'NN__hidden_layer_sizes': (50,), 'rp__n_components': 30}",41,0.9052132701421801,0.7829181494661922,0.8104265402843602,0.7912218268090154,0.7109004739336493,0.7722419928825622,0.7488151658767772,0.8647686832740213,0.8333333333333334,0.8495260663507109,0.01593573637086678,0.0,0.0676019127614879,0.03755218673298624
152,0.07188282012939454,0.0,0.8007590132827325,0.8168876108234526,0.0001,"(50,)",35,"{'NN__alpha': 0.0001, 'NN__hidden_layer_sizes': (50,), 'rp__n_components': 35}",45,0.8436018957345972,0.8173190984578885,0.8246445497630331,0.8196915776986952,0.7914691943127962,0.8137603795966786,0.7345971563981043,0.8149466192170819,0.8095238095238095,0.8187203791469194,0.01600804258304689,0.0,0.03729013635461723,0.0022340311146151993
153,0.034378767013549805,0.0031254768371582033,0.6612903225806451,0.6624760362730712,0.0001,"(25,)",2,"{'NN__alpha': 0.0001, 'NN__hidden_layer_sizes': (25,), 'rp__n_components': 2}",157,0.6635071090047393,0.6631079478054567,0.6587677725118484,0.66073546856465,0.6587677725118484,0.6631079478054567,0.6635071090047393,0.6619217081850534,0.6619047619047619,0.6635071090047393,0.0062510967372852244,0.006250953674316407,0.002142536065133738,0.0010196657221145612
154,0.04062905311584473,0.0,0.6726755218216319,0.6795539514147734,0.0001,"(25,)",5,"{'NN__alpha': 0.0001, 'NN__hidden_layer_sizes': (25,), 'rp__n_components': 5}",141,0.6872037914691943,0.6714116251482799,0.6872037914691943,0.6654804270462633,0.6208530805687204,0.7153024911032029,0.7109004739336493,0.6654804270462633,0.6571428571428571,0.6800947867298578,0.007655531462759887,0.0,0.03102752473329657,0.018658382813231077
155,0.04062929153442383,0.0,0.46110056925996207,0.4679704058513659,0.0001,"(25,)",7,"{'NN__alpha': 0.0001, 'NN__hidden_layer_sizes': (25,), 'rp__n_components': 7}",177,0.3696682464454976,0.37959667852906287,0.2938388625592417,0.39383155397390274,0.4881516587677725,0.49940688018979834,0.6303317535545023,0.5622775800711743,0.5238095238095238,0.504739336492891,0.01593677411375351,0.0,0.118056879064528,0.07005788225064001
156,0.04063153266906738,0.0,0.6793168880455408,0.7056208643245461,0.0001,"(25,)",10,"{'NN__alpha': 0.0001, 'NN__hidden_layer_sizes': (25,), 'rp__n_components': 10}",138,0.7109004739336493,0.66785290628707,0.5639810426540285,0.5539739027283511,0.6445497630331753,0.7117437722419929,0.7298578199052133,0.7864768683274022,0.7476190476190476,0.8080568720379147,0.021195969829033066,0.0,0.06742052626489659,0.09109504780898588
157,0.07834124565124512,0.0,0.7447817836812144,0.7549729301243021,0.0001,"(25,)",15,"{'NN__alpha': 0.0001, 'NN__hidden_layer_sizes': (25,), 'rp__n_components': 15}",105,0.7582938388625592,0.7378410438908659,0.7819905213270142,0.7402135231316725,0.7203791469194313,0.7580071174377224,0.7251184834123223,0.7497034400948992,0.7380952380952381,0.7890995260663507,0.010020729237841013,0.0,0.022786656891075605,0.018509132821956993
158,0.05001001358032227,0.0,0.7333965844402277,0.7542738358266854,0.0001,"(25,)",20,"{'NN__alpha': 0.0001, 'NN__hidden_layer_sizes': (25,), 'rp__n_components': 20}",118,0.8199052132701422,0.7319098457888493,0.7582938388625592,0.7354685646500593,0.7345971563981043,0.7829181494661922,0.6587677725118484,0.7852906287069988,0.6952380952380952,0.735781990521327,0.006247979698470827,0.0,0.055023695663777836,0.024406035162208878
159,0.05625152587890625,0.0031251907348632812,0.7760910815939279,0.7931600074210251,0.0001,"(25,)",25,"{'NN__alpha': 0.0001, 'NN__hidden_layer_sizes': (25,), 'rp__n_components': 25}",73,0.8199052132701422,0.7793594306049823,0.7772511848341233,0.7508896797153025,0.7203791469194313,0.763938315539739,0.7677725118483413,0.8410438908659549,0.7952380952380952,0.830568720379147,0.018754007766606125,0.0062503814697265625,0.033057804307892937,0.036120415003596716
160,0.05938143730163574,0.0,0.8055028462998103,0.8173609822738696,0.0001,"(25,)",30,"{'NN__alpha': 0.0001, 'NN__hidden_layer_sizes': (25,), 'rp__n_components': 30}",33,0.8578199052132701,0.7841043890865955,0.8625592417061612,0.8137603795966786,0.7772511848341233,0.833926453143535,0.7393364928909952,0.8315539739027283,0.7904761904761904,0.8234597156398105,0.018223401098671613,0.0,0.0477581186996514,0.018066630650136545
161,0.0812370777130127,0.0,0.7675521821631879,0.7839219555525571,0.0001,"(25,)",35,"{'NN__alpha': 0.0001, 'NN__hidden_layer_sizes': (25,), 'rp__n_components': 35}",85,0.8151658767772512,0.7390272835112692,0.8625592417061612,0.8268090154211151,0.7251184834123223,0.8078291814946619,0.7109004739336493,0.7769869513641756,0.7238095238095238,0.768957345971564,0.018203554202877757,0.0,0.06037394616151684,0.030654268078410676
162,0.05115532875061035,0.0,0.6555977229601518,0.65986659020762,0.0001,"(25, 25)",2,"{'NN__alpha': 0.0001, 'NN__hidden_layer_sizes': (25, 25), 'rp__n_components': 2}",167,0.6635071090047393,0.66429418742586,0.6635071090047393,0.6631079478054567,0.6445497630331753,0.6571767497034401,0.6729857819905213,0.6524317912218268,0.6333333333333333,0.6623222748815166,0.006098679520914629,0.0,0.014448958267976394,0.004441888817129691
163,0.031253480911254884,0.0,0.6223908918406073,0.637085167507154,0.0001,"(25, 25)",5,"{'NN__alpha': 0.0001, 'NN__hidden_layer_sizes': (25, 25), 'rp__n_components': 5}",173,0.6445497630331753,0.6287069988137604,0.6161137440758294,0.5765124555160143,0.6255924170616114,0.701067615658363,0.5781990521327014,0.5931198102016607,0.6476190476190476,0.6860189573459715,0.013976810976725323,0.0,0.02501997955797884,0.049316263546679846
164,0.04062938690185547,0.0,0.7039848197343453,0.7153696738684342,0.0001,"(25, 25)",7,"{'NN__alpha': 0.0001, 'NN__hidden_layer_sizes': (25, 25), 'rp__n_components': 7}",133,0.7488151658767772,0.7046263345195729,0.7440758293838863,0.7164887307236062,0.6208530805687204,0.7200474495848161,0.7156398104265402,0.7188612099644128,0.6904761904761905,0.716824644549763,0.007654830751689446,0.0,0.04659545431969003,0.005529212932338917
165,0.05336198806762695,0.0031254768371582033,0.7419354838709677,0.7469098738987929,0.0001,"(25, 25)",10,"{'NN__alpha': 0.0001, 'NN__hidden_layer_sizes': (25, 25), 'rp__n_components': 10}",109,0.7535545023696683,0.7212336892052195,0.7582938388625592,0.7153024911032029,0.7109004739336493,0.7402135231316725,0.7582938388625592,0.7829181494661922,0.7285714285714285,0.7748815165876777,0.016302192311777465,0.006250953674316407,0.01904119142161665,0.02750324680925572
166,0.10001111030578613,0.0,0.7903225806451613,0.8147526606061628,0.0001,"(25, 25)",15,"{'NN__alpha': 0.0001, 'NN__hidden_layer_sizes': (25, 25), 'rp__n_components': 15}",53,0.8530805687203792,0.8137603795966786,0.8483412322274881,0.8446026097271648,0.6966824644549763,0.7473309608540926,0.7582938388625592,0.8505338078291815,0.7952380952380952,0.8175355450236966,0.03770824064250994,0.0,0.05854798757248314,0.036676217427273484
167,0.06250662803649902,0.0,0.784629981024668,0.7841457107037043,0.0001,"(25, 25)",20,"{'NN__alpha': 0.0001, 'NN__hidden_layer_sizes': (25, 25), 'rp__n_components': 20}",64,0.8720379146919431,0.8161328588374852,0.7772511848341233,0.7698695136417556,0.7156398104265402,0.7710557532621589,0.7867298578199052,0.7378410438908659,0.7714285714285715,0.8258293838862559,0.01977034262305353,0.0,0.05028733994252483,0.032496108113874975
168,0.05938138961791992,0.0,0.7722960151802657,0.7787016579244741,0.0001,"(25, 25)",25,"{'NN__alpha': 0.0001, 'NN__hidden_layer_sizes': (25, 25), 'rp__n_components': 25}",80,0.8436018957345972,0.767497034400949,0.8483412322274881,0.8268090154211151,0.7061611374407583,0.7959667852906287,0.7203791469194313,0.730723606168446,0.7428571428571429,0.7725118483412322,0.02296632832167428,0.0,0.061346495834094995,0.03186896060295658
169,0.08125877380371094,0.0,0.7789373814041746,0.7839250476463544,0.0001,"(25, 25)",30,"{'NN__alpha': 0.0001, 'NN__hidden_layer_sizes': (25, 25), 'rp__n_components': 30}",69,0.8483412322274881,0.7817319098457889,0.8246445497630331,0.7888493475682088,0.7393364928909952,0.7710557532621589,0.7251184834123223,0.8220640569395018,0.7571428571428571,0.7559241706161137,0.03617826355188216,0.0,0.04869236225321747,0.022060419150166544
170,0.06563215255737305,0.006250524520874023,0.8102466793168881,0.8289911903436721,0.0001,"(25, 25)",35,"{'NN__alpha': 0.0001, 'NN__hidden_layer_sizes': (25, 25), 'rp__n_components': 35}",30,0.8388625592417062,0.8173190984578885,0.8199052132701422,0.8279952550415184,0.8199052132701422,0.8291814946619217,0.7819905213270142,0.8683274021352313,0.7904761904761904,0.8021327014218009,0.018223564654155606,0.007655297853789247,0.020952106736373117,0.021936188443421396
171,0.040975522994995114,0.0,0.6631878557874763,0.6631877800453132,0.0001,"(100, 25, 100)",2,"{'NN__alpha': 0.0001, 'NN__hidden_layer_sizes': (100, 25, 100), 'rp__n_components': 2}",145,0.6635071090047393,0.6631079478054567,0.6635071090047393,0.6631079478054567,0.6635071090047393,0.6631079478054567,0.6635071090047393,0.6631079478054567,0.6619047619047619,0.6635071090047393,0.0122581337410701,0.0,0.0006400248824124762,0.00015966447971305087
172,0.11876249313354492,0.003125429153442383,0.74573055028463,0.7547401797911993,0.0001,"(100, 25, 100)",5,"{'NN__alpha': 0.0001, 'NN__hidden_layer_sizes': (100, 25, 100), 'rp__n_components': 5}",101,0.8246445497630331,0.7354685646500593,0.7819905213270142,0.7295373665480427,0.6919431279620853,0.7852906287069988,0.7109004739336493,0.7532621589561092,0.719047619047619,0.7701421800947867,0.027247707726194552,0.006250858306884766,0.04973681590592088,0.020877322785334298
173,0.10000596046447754,0.0031250953674316407,0.7296015180265655,0.7421747538974437,0.0001,"(100, 25, 100)",7,"{'NN__alpha': 0.0001, 'NN__hidden_layer_sizes': (100, 25, 100), 'rp__n_components': 7}",122,0.8151658767772512,0.7841043890865955,0.7582938388625592,0.7354685646500593,0.6777251184834123,0.7366548042704626,0.7298578199052133,0.7212336892052195,0.6666666666666666,0.7334123222748815,0.05284400591780056,0.006250190734863282,0.054390771094011144,0.021674157531888064
174,0.09063458442687988,0.003125572204589844,0.7884250474383302,0.8119079343126838,0.0001,"(100, 25, 100)",10,"{'NN__alpha': 0.0001, 'NN__hidden_layer_sizes': (100, 25, 100), 'rp__n_components': 10}",56,0.8578199052132701,0.8351126927639383,0.7962085308056872,0.7935943060498221,0.7582938388625592,0.833926453143535,0.8009478672985783,0.7888493475682088,0.7285714285714285,0.8080568720379147,0.022966763074344823,0.006251144409179688,0.04362438823810267,0.01952021551998098
175,0.1722489833831787,0.0,0.8434535104364327,0.8669320245343588,0.0001,"(100, 25, 100)",15,"{'NN__alpha': 0.0001, 'NN__hidden_layer_sizes': (100, 25, 100), 'rp__n_components': 15}",1,0.8720379146919431,0.8588374851720048,0.8862559241706162,0.8540925266903915,0.8530805687203792,0.8778173190984578,0.7582938388625592,0.8623962040332147,0.8476190476190476,0.8815165876777251,0.03429723201722461,0.0,0.04476769480551308,0.010790246149394209
176,0.03750433921813965,0.0031255245208740234,0.7239089184060721,0.7248581853344802,0.0001,"(100, 25, 100)",20,"{'NN__alpha': 0.0001, 'NN__hidden_layer_sizes': (100, 25, 100), 'rp__n_components': 20}",130,0.7488151658767772,0.7164887307236062,0.7014218009478673,0.7247924080664294,0.7109004739336493,0.7390272835112692,0.7251184834123223,0.7212336892052195,0.7333333333333333,0.7227488151658767,0.007655297870125061,0.006251049041748047,0.016651648876084117,0.007594759442868204
177,0.13438949584960938,0.0,0.8197343453510436,0.8401342530906882,0.0001,"(100, 25, 100)",25,"{'NN__alpha': 0.0001, 'NN__hidden_layer_sizes': (100, 25, 100), 'rp__n_components': 25}",17,0.8672985781990521,0.8291814946619217,0.8530805687203792,0.8410438908659549,0.8056872037914692,0.8410438908659549,0.7725118483412322,0.8552787663107948,0.8,0.8341232227488151,0.01250663386026936,0.0,0.035199670638495106,0.008798938179214606
178,0.10000953674316407,0.0,0.818785578747628,0.8304160833853368,0.0001,"(100, 25, 100)",30,"{'NN__alpha': 0.0001, 'NN__hidden_layer_sizes': (100, 25, 100), 'rp__n_components': 30}",21,0.9241706161137441,0.8327402135231317,0.8815165876777251,0.8446026097271648,0.7677725118483413,0.8268090154211151,0.7440758293838863,0.8517200474495848,0.7761904761904762,0.7962085308056872,0.023388958967517835,0.0,0.07078779217256993,0.01920252893857247
179,0.15314183235168458,0.003125429153442383,0.8425047438330171,0.8591090272272914,0.0001,"(100, 25, 100)",35,"{'NN__alpha': 0.0001, 'NN__hidden_layer_sizes': (100, 25, 100), 'rp__n_components': 35}",4,0.8815165876777251,0.8730723606168446,0.8530805687203792,0.8315539739027283,0.8767772511848341,0.8623962040332147,0.7582938388625592,0.8730723606168446,0.8428571428571429,0.8554502369668247,0.046167269410074964,0.006250858306884766,0.04451824271535241,0.015319416437571119
