,mean_fit_time,mean_score_time,mean_test_score,mean_train_score,param_NN__alpha,param_NN__hidden_layer_sizes,param_filter__n,params,rank_test_score,split0_test_score,split0_train_score,split1_test_score,split1_train_score,split2_test_score,split2_train_score,split3_test_score,split3_train_score,split4_test_score,split4_train_score,std_fit_time,std_score_time,std_test_score,std_train_score
0,0.33441338539123533,0.11563305854797364,0.7039848197343453,0.7158540081968596,0.1,"(50, 50)",2,"{'NN__alpha': 0.1, 'NN__hidden_layer_sizes': (50, 50), 'filter__n': 2}",151,0.7677725118483413,0.7319098457888493,0.7630331753554502,0.7319098457888493,0.6398104265402843,0.7330960854092526,0.6777251184834123,0.7069988137603797,0.6714285714285714,0.6753554502369669,0.02337058265164252,0.007661905305427543,0.05182879426406372,0.022500741025563945
1,0.4094228744506836,0.11563386917114257,0.7381404174573055,0.7533203465393848,0.1,"(50, 50)",5,"{'NN__alpha': 0.1, 'NN__hidden_layer_sizes': (50, 50), 'filter__n': 5}",108,0.7298578199052133,0.7046263345195729,0.7725118483412322,0.7568208778173191,0.6966824644549763,0.7829181494661922,0.7535545023696683,0.767497034400949,0.7380952380952381,0.754739336492891,0.07155617723401721,0.007652511447369466,0.02533533768358831,0.026314948128848298
2,0.3436593055725098,0.12502059936523438,0.7590132827324478,0.7658880212286293,0.1,"(50, 50)",7,"{'NN__alpha': 0.1, 'NN__hidden_layer_sizes': (50, 50), 'filter__n': 7}",79,0.8104265402843602,0.7627520759193357,0.7819905213270142,0.7568208778173191,0.6919431279620853,0.7876631079478055,0.7440758293838863,0.7402135231316725,0.7666666666666667,0.7819905213270142,0.029664678691893046,0.009887022769638583,0.03989649143872337,0.0172317846214541
3,0.3624267578125,0.1219851016998291,0.74573055028463,0.7390958717736812,0.1,"(50, 50)",10,"{'NN__alpha': 0.1, 'NN__hidden_layer_sizes': (50, 50), 'filter__n': 10}",96,0.8246445497630331,0.7354685646500593,0.7630331753554502,0.7378410438908659,0.6872037914691943,0.7591933570581257,0.7440758293838863,0.7520759193357058,0.7095238095238096,0.7109004739336493,0.06261169990493884,0.006302356017540501,0.04747697896775029,0.016625901231591213
4,0.37542548179626467,0.11251182556152343,0.7647058823529411,0.7881856717995424,0.1,"(50, 50)",15,"{'NN__alpha': 0.1, 'NN__hidden_layer_sizes': (50, 50), 'filter__n': 15}",63,0.8388625592417062,0.7698695136417556,0.7914691943127962,0.767497034400949,0.6777251184834123,0.7912218268090154,0.7535545023696683,0.8149466192170819,0.7619047619047619,0.79739336492891,0.03441997888985419,0.006250524596355749,0.05277594853754373,0.017740628645918972
5,0.35434541702270506,0.11564159393310547,0.7533206831119544,0.7931678782052364,0.1,"(50, 50)",20,"{'NN__alpha': 0.1, 'NN__hidden_layer_sizes': (50, 50), 'filter__n': 20}",84,0.6966824644549763,0.7105575326215896,0.8815165876777251,0.8268090154211151,0.7014218009478673,0.8018979833926453,0.7156398104265402,0.8291814946619217,0.7714285714285715,0.79739336492891,0.04741120996950771,0.007650261805962861,0.06943285890552238,0.043237126073668516
6,0.39152679443359373,0.11251745223999024,0.7590132827324478,0.7872378045009641,0.1,"(50, 50)",25,"{'NN__alpha': 0.1, 'NN__hidden_layer_sizes': (50, 50), 'filter__n': 25}",79,0.7251184834123223,0.7212336892052195,0.8720379146919431,0.8244365361803084,0.7345971563981043,0.8173190984578885,0.6872037914691943,0.7805456702253856,0.7761904761904762,0.792654028436019,0.08672934279165583,0.00624807715646935,0.06322780943081076,0.0366586777271787
7,0.42862586975097655,0.1156388759613037,0.7647058823529411,0.8009877834185065,0.1,"(50, 50)",30,"{'NN__alpha': 0.1, 'NN__hidden_layer_sizes': (50, 50), 'filter__n': 30}",63,0.8056872037914692,0.7603795966785291,0.7251184834123223,0.7319098457888493,0.7298578199052133,0.8102016607354685,0.7393364928909952,0.8659549228944247,0.8238095238095238,0.8364928909952607,0.07543489218359622,0.0076611459160965106,0.041447438257992485,0.04896329994681324
8,0.4030881881713867,0.11642827987670898,0.8349146110056926,0.8432221303964063,0.1,"(50, 50)",35,"{'NN__alpha': 0.1, 'NN__hidden_layer_sizes': (50, 50), 'filter__n': 35}",1,0.8909952606635071,0.8362989323843416,0.8672985781990521,0.830367734282325,0.8483412322274881,0.867141162514828,0.7630331753554502,0.863582443653618,0.8047619047619048,0.8187203791469194,0.06360302500772774,0.00871297943566517,0.04572912196509402,0.018974532604929036
9,0.313334321975708,0.12399044036865234,0.6916508538899431,0.6700693753408331,0.1,"(50,)",2,"{'NN__alpha': 0.1, 'NN__hidden_layer_sizes': (50,), 'filter__n': 2}",165,0.7725118483412322,0.7117437722419929,0.6729857819905213,0.6536180308422301,0.6635071090047393,0.6631079478054567,0.6824644549763034,0.66429418742586,0.6666666666666666,0.6575829383886256,0.009977014318561534,0.009028825921406957,0.040969627606731424,0.02119022165732164
10,0.37006363868713377,0.12179956436157227,0.7371916508538899,0.7445424544478364,0.1,"(50,)",5,"{'NN__alpha': 0.1, 'NN__hidden_layer_sizes': (50,), 'filter__n': 5}",113,0.7393364928909952,0.6927639383155397,0.8104265402843602,0.7603795966785291,0.6824644549763034,0.7686832740213523,0.7109004739336493,0.7473309608540926,0.7428571428571429,0.7535545023696683,0.07676727471387884,0.006197991331958634,0.04264928528799267,0.026846235312616436
11,0.3560739517211914,0.11877551078796386,0.7201138519924098,0.7431234644943302,0.1,"(50,)",7,"{'NN__alpha': 0.1, 'NN__hidden_layer_sizes': (50,), 'filter__n': 7}",136,0.7962085308056872,0.708185053380783,0.7345971563981043,0.7520759193357058,0.6635071090047393,0.7627520759193357,0.6777251184834123,0.7580071174377224,0.7285714285714285,0.7345971563981043,0.05376730799819338,0.012528798257750606,0.047080762800180226,0.019901469593932415
12,0.3954942226409912,0.12189569473266601,0.7419354838709677,0.7523716359424983,0.1,"(50,)",10,"{'NN__alpha': 0.1, 'NN__hidden_layer_sizes': (50,), 'filter__n': 10}",100,0.8104265402843602,0.7212336892052195,0.7630331753554502,0.7153024911032029,0.6824644549763034,0.7829181494661922,0.7203791469194313,0.7888493475682088,0.7333333333333333,0.7535545023696683,0.09391955010845728,0.006255349378010256,0.042941825696480786,0.03036051822026927
13,0.3902885913848877,0.11904091835021972,0.7476280834914611,0.7756210892040951,0.1,"(50,)",15,"{'NN__alpha': 0.1, 'NN__hidden_layer_sizes': (50,), 'filter__n': 15}",93,0.8388625592417062,0.7580071174377224,0.7819905213270142,0.7402135231316725,0.6729857819905213,0.8030842230130486,0.7061611374407583,0.8196915776986952,0.7380952380952381,0.7571090047393365,0.08403979468410852,0.007310255023713446,0.058141126148916665,0.030341643602649675
14,0.33128085136413576,0.12189207077026368,0.7713472485768501,0.792696193351436,0.1,"(50,)",20,"{'NN__alpha': 0.1, 'NN__hidden_layer_sizes': (50,), 'filter__n': 20}",48,0.8199052132701422,0.7710557532621589,0.8199052132701422,0.7793594306049823,0.7061611374407583,0.7817319098457889,0.7061611374407583,0.8457888493475683,0.8047619047619048,0.7855450236966824,0.018229356665765077,0.006253418409078891,0.05355193581738501,0.026967991207206
15,0.37553791999816893,0.12188501358032226,0.786527514231499,0.791500677449641,0.1,"(50,)",25,"{'NN__alpha': 0.1, 'NN__hidden_layer_sizes': (50,), 'filter__n': 25}",30,0.8293838862559242,0.7698695136417556,0.8672985781990521,0.8256227758007118,0.6682464454976303,0.7200474495848161,0.7393364928909952,0.8173190984578885,0.8285714285714286,0.8246445497630331,0.06678903929618864,0.0062490480321558085,0.0726117596035464,0.04123807888627175
16,0.40261034965515136,0.1250168800354004,0.7798861480075902,0.8133305785588595,0.1,"(50,)",30,"{'NN__alpha': 0.1, 'NN__hidden_layer_sizes': (50,), 'filter__n': 30}",45,0.8151658767772512,0.8102016607354685,0.8625592417061612,0.830367734282325,0.7488151658767772,0.8137603795966786,0.6919431279620853,0.800711743772242,0.780952380952381,0.8116113744075829,0.08198729669451334,1.0272936178144091e-05,0.05795848888414505,0.00961696610276831
17,0.3624253749847412,0.11564044952392578,0.816888045540797,0.8325426006195432,0.1,"(50,)",35,"{'NN__alpha': 0.1, 'NN__hidden_layer_sizes': (50,), 'filter__n': 35}",12,0.8862559241706162,0.8244365361803084,0.8720379146919431,0.833926453143535,0.7440758293838863,0.797153024911032,0.7488151658767772,0.8742586002372479,0.8333333333333334,0.8329383886255924,0.07071838545212417,0.0076494448878083165,0.06012527771759147,0.024740358403142423
18,0.3158400535583496,0.1470273494720459,0.7020872865275142,0.7065870030864718,0.1,"(25,)",2,"{'NN__alpha': 0.1, 'NN__hidden_layer_sizes': (25,), 'filter__n': 2}",156,0.7251184834123223,0.6903914590747331,0.7251184834123223,0.6892052194543298,0.6208530805687204,0.7093712930011863,0.6966824644549763,0.708185053380783,0.7428571428571429,0.735781990521327,0.015107700065071786,0.059483124668708025,0.04324869620950298,0.016894232000682637
19,0.38594493865966795,0.11876473426818848,0.7030360531309298,0.7191768846311695,0.1,"(25,)",5,"{'NN__alpha': 0.1, 'NN__hidden_layer_sizes': (25,), 'filter__n': 5}",152,0.7725118483412322,0.7129300118623962,0.7014218009478673,0.7188612099644128,0.6492890995260664,0.7568208778173191,0.7203791469194313,0.7378410438908659,0.6714285714285714,0.669431279620853,0.07489519686139517,0.007647903810712353,0.04247789902120453,0.029254638441098827
20,0.32495431900024413,0.12192463874816895,0.7314990512333965,0.7421688508092852,0.1,"(25,)",7,"{'NN__alpha': 0.1, 'NN__hidden_layer_sizes': (25,), 'filter__n': 7}",121,0.7251184834123223,0.7200474495848161,0.7962085308056872,0.7686832740213523,0.6682464454976303,0.734282325029656,0.6966824644549763,0.7295373665480427,0.7714285714285715,0.7582938388625592,0.0063058288214345145,0.0062702656791260155,0.04698593089486346,0.01829829474915925
21,0.37191143035888674,0.11564054489135742,0.6973434535104365,0.6918871891742985,0.1,"(25,)",10,"{'NN__alpha': 0.1, 'NN__hidden_layer_sizes': (25,), 'filter__n': 10}",163,0.7962085308056872,0.7058125741399762,0.7772511848341233,0.7129300118623962,0.5876777251184834,0.6880189798339265,0.6587677725118484,0.6571767497034401,0.6666666666666666,0.6954976303317536,0.07744920654751221,0.007659874836493327,0.0782813540020592,0.019336647435569367
22,0.35218081474304197,0.11994657516479493,0.7296015180265655,0.7542687760368354,0.1,"(25,)",15,"{'NN__alpha': 0.1, 'NN__hidden_layer_sizes': (25,), 'filter__n': 15}",125,0.8151658767772512,0.7497034400948992,0.7819905213270142,0.7354685646500593,0.6066350710900474,0.7603795966785291,0.6872037914691943,0.7686832740213523,0.7571428571428571,0.7571090047393365,0.05968776834399413,0.008282457009857963,0.07451903091295606,0.01120247312510325
23,0.34139676094055177,0.12501955032348633,0.6821631878557874,0.7317310665474805,0.1,"(25,)",20,"{'NN__alpha': 0.1, 'NN__hidden_layer_sizes': (25,), 'filter__n': 20}",173,0.8056872037914692,0.727164887307236,0.5355450236966824,0.5800711743772242,0.6966824644549763,0.7912218268090154,0.6208530805687204,0.8066429418742586,0.7523809523809524,0.7535545023696683,0.05347293689110129,0.009870437986763538,0.09557747465695464,0.08080689928280024
24,0.3472445487976074,0.11569995880126953,0.7855787476280834,0.7903245574089379,0.1,"(25,)",25,"{'NN__alpha': 0.1, 'NN__hidden_layer_sizes': (25,), 'filter__n': 25}",37,0.8767772511848341,0.8185053380782918,0.8530805687203792,0.8030842230130486,0.6824644549763034,0.7319098457888493,0.6966824644549763,0.8161328588374852,0.819047619047619,0.7819905213270142,0.025762120104372344,0.007604250255866216,0.08069012734714795,0.031952366357322064
25,0.3750317096710205,0.1187821388244629,0.7523719165085389,0.7566376009849723,0.1,"(25,)",30,"{'NN__alpha': 0.1, 'NN__hidden_layer_sizes': (25,), 'filter__n': 30}",88,0.8151658767772512,0.7485172004744959,0.8388625592417062,0.7544483985765125,0.7251184834123223,0.7722419928825622,0.6161137440758294,0.7354685646500593,0.7666666666666667,0.7725118483412322,0.07057986962330898,0.007660948089450476,0.07869621910123455,0.014243246726824015
26,0.33440217971801756,0.11838788986206054,0.8149905123339658,0.8304098991977422,0.1,"(25,)",35,"{'NN__alpha': 0.1, 'NN__hidden_layer_sizes': (25,), 'filter__n': 35}",13,0.8815165876777251,0.8256227758007118,0.8720379146919431,0.8315539739027283,0.8009478672985783,0.8244365361803084,0.7109004739336493,0.8481613285883749,0.8095238095238095,0.8222748815165877,0.015945987633075528,0.007373623923631631,0.061252888241180914,0.009393596554785031
27,0.4094688892364502,0.11876788139343261,0.6347248576850095,0.6297279519657284,0.1,"(25, 25)",2,"{'NN__alpha': 0.1, 'NN__hidden_layer_sizes': (25, 25), 'filter__n': 2}",180,0.7251184834123223,0.6927639383155397,0.7677725118483413,0.727164887307236,0.6208530805687204,0.7069988137603797,0.35071090047393366,0.3250296559905101,0.7095238095238096,0.6966824644549763,0.1050725417593156,0.007660404779647579,0.1499359537490204,0.1528150753945444
28,0.38403854370117185,0.11562137603759766,0.7400379506641366,0.7447825133662782,0.1,"(25, 25)",5,"{'NN__alpha': 0.1, 'NN__hidden_layer_sizes': (25, 25), 'filter__n': 5}",101,0.8009478672985783,0.7402135231316725,0.7535545023696683,0.7378410438908659,0.6966824644549763,0.7781731909845789,0.7251184834123223,0.7259786476868327,0.7238095238095238,0.7417061611374408,0.04936140806708465,0.0076490712528452095,0.03539224215513065,0.017590033141400226
29,0.33188815116882325,0.12530274391174318,0.7077798861480076,0.7367104619588132,0.1,"(25, 25)",7,"{'NN__alpha': 0.1, 'NN__hidden_layer_sizes': (25, 25), 'filter__n': 7}",141,0.7440758293838863,0.7402135231316725,0.6777251184834123,0.6927639383155397,0.6540284360189573,0.7366548042704626,0.7345971563981043,0.7485172004744959,0.7285714285714285,0.7654028436018957,0.05481051334698234,0.010265192471778376,0.03539843790085881,0.024109016215589817
30,0.3862137317657471,0.1156355857849121,0.715370018975332,0.7421750349968798,0.1,"(25, 25)",10,"{'NN__alpha': 0.1, 'NN__hidden_layer_sizes': (25, 25), 'filter__n': 10}",140,0.7725118483412322,0.7402135231316725,0.7298578199052133,0.7366548042704626,0.6208530805687204,0.7117437722419929,0.7488151658767772,0.7900355871886121,0.7047619047619048,0.7322274881516587,0.07116434428598638,0.0076556483674829435,0.05225333220191238,0.025884236026054913
31,0.35863480567932127,0.12084884643554687,0.7371916508538899,0.7687217846441,0.1,"(25, 25)",15,"{'NN__alpha': 0.1, 'NN__hidden_layer_sizes': (25, 25), 'filter__n': 15}",113,0.7867298578199052,0.7461447212336892,0.6824644549763034,0.6832740213523132,0.6729857819905213,0.7473309608540926,0.7440758293838863,0.8291814946619217,0.8,0.8376777251184834,0.049685297860989575,0.012882428734505557,0.05207288951764552,0.057756228492462834
32,0.3724658012390137,0.12188758850097656,0.7229601518026565,0.7523929994996431,0.1,"(25, 25)",20,"{'NN__alpha': 0.1, 'NN__hidden_layer_sizes': (25, 25), 'filter__n': 20}",129,0.8815165876777251,0.8161328588374852,0.6635071090047393,0.6619217081850534,0.7251184834123223,0.8018979833926453,0.6824644549763034,0.8185053380782918,0.6619047619047619,0.6635071090047393,0.08134153492188366,0.011694450786313815,0.08253695784538555,0.073444006552194
33,0.40296645164489747,0.11564726829528808,0.7988614800759013,0.8047862800987222,0.1,"(25, 25)",25,"{'NN__alpha': 0.1, 'NN__hidden_layer_sizes': (25, 25), 'filter__n': 25}",24,0.9004739336492891,0.8398576512455516,0.8104265402843602,0.7663107947805456,0.7488151658767772,0.8054567022538552,0.6872037914691943,0.7864768683274022,0.8476190476190476,0.8258293838862559,0.09247483015132882,0.007657605402772033,0.07459667648199515,0.026415375397213788
34,0.40363330841064454,0.11877274513244629,0.7884250474383302,0.8083438745621876,0.1,"(25, 25)",30,"{'NN__alpha': 0.1, 'NN__hidden_layer_sizes': (25, 25), 'filter__n': 30}",29,0.8815165876777251,0.830367734282325,0.8341232227488151,0.7627520759193357,0.7109004739336493,0.7888493475682088,0.7156398104265402,0.8291814946619217,0.8,0.830568720379147,0.05411687343742948,0.007642079916161238,0.06665809954081864,0.027827501742664833
35,0.43897290229797364,0.11251659393310547,0.8111954459203036,0.8159318727406631,0.1,"(25, 25)",35,"{'NN__alpha': 0.1, 'NN__hidden_layer_sizes': (25, 25), 'filter__n': 35}",17,0.8578199052132701,0.7817319098457889,0.8530805687203792,0.800711743772242,0.8151658767772512,0.8362989323843416,0.6919431279620853,0.8137603795966786,0.8380952380952381,0.8471563981042654,0.08177087959203591,0.006248148603935249,0.06148686122070559,0.023646535784388863
36,0.4078673362731934,0.11518378257751465,0.6944971537001897,0.6921112254248818,0.1,"(100, 25, 100)",2,"{'NN__alpha': 0.1, 'NN__hidden_layer_sizes': (100, 25, 100), 'filter__n': 2}",164,0.6966824644549763,0.6915776986951364,0.7014218009478673,0.6915776986951364,0.6635071090047393,0.6631079478054567,0.6635071090047393,0.6631079478054567,0.7476190476190476,0.7511848341232228,0.07921309871788688,0.006615380453218165,0.030940557935729907,0.03216408174198762
37,0.44601998329162595,0.11592025756835937,0.7637571157495257,0.7582983364535371,0.1,"(100, 25, 100)",5,"{'NN__alpha': 0.1, 'NN__hidden_layer_sizes': (100, 25, 100), 'filter__n': 5}",68,0.8341232227488151,0.7556346381969158,0.7630331753554502,0.7034400948991696,0.6966824644549763,0.7864768683274022,0.7630331753554502,0.7734282325029656,0.7619047619047619,0.7725118483412322,0.052846005265798406,0.007451047706304704,0.04350593396157389,0.029125553344286015
38,0.40972342491149905,0.1187654972076416,0.7381404174573055,0.7405148617271873,0.1,"(100, 25, 100)",7,"{'NN__alpha': 0.1, 'NN__hidden_layer_sizes': (100, 25, 100), 'filter__n': 7}",108,0.7582938388625592,0.7153024911032029,0.7819905213270142,0.7473309608540926,0.6682464454976303,0.7580071174377224,0.7535545023696683,0.7520759193357058,0.7285714285714285,0.7298578199052133,0.11175898701580805,0.007659333794256495,0.03885882489054016,0.015718348787671612
39,0.4279788017272949,0.11564106941223144,0.6850094876660342,0.6805068785032017,0.1,"(100, 25, 100)",10,"{'NN__alpha': 0.1, 'NN__hidden_layer_sizes': (100, 25, 100), 'filter__n': 10}",169,0.6635071090047393,0.6631079478054567,0.7725118483412322,0.7497034400948992,0.6635071090047393,0.6631079478054567,0.6635071090047393,0.6631079478054567,0.6619047619047619,0.6635071090047393,0.06757624959645735,0.007660325368575243,0.043781509352605,0.034598626179052946
40,0.4189620018005371,0.1093857765197754,0.801707779886148,0.8444002181331625,0.1,"(100, 25, 100)",15,"{'NN__alpha': 0.1, 'NN__hidden_layer_sizes': (100, 25, 100), 'filter__n': 15}",21,0.8815165876777251,0.8125741399762753,0.8625592417061612,0.8695136417556346,0.7251184834123223,0.8149466192170819,0.7251184834123223,0.8718861209964412,0.8142857142857143,0.8530805687203792,0.08691341910192013,6.975526255763909e-07,0.06630607513223107,0.02585312796752443
41,0.40312347412109373,0.11946172714233398,0.7675521821631879,0.7983867703361387,0.1,"(100, 25, 100)",20,"{'NN__alpha': 0.1, 'NN__hidden_layer_sizes': (100, 25, 100), 'filter__n': 20}",52,0.8151658767772512,0.7532621589561092,0.8056872037914692,0.767497034400949,0.7156398104265402,0.7959667852906287,0.7156398104265402,0.8754448398576512,0.7857142857142857,0.7997630331753555,0.06035047479603915,0.008337341109406744,0.04347041974360606,0.04227553156082085
42,0.43334665298461916,0.1189082145690918,0.8273244781783681,0.8546024410675033,0.1,"(100, 25, 100)",25,"{'NN__alpha': 0.1, 'NN__hidden_layer_sizes': (100, 25, 100), 'filter__n': 25}",8,0.8767772511848341,0.8422301304863582,0.8578199052132701,0.8469750889679716,0.7962085308056872,0.8481613285883749,0.7488151658767772,0.8849347568208779,0.8571428571428571,0.8507109004739336,0.09302196073737612,0.007468656286070202,0.0477560313492177,0.0154138377199784
43,0.41595067977905276,0.11251616477966309,0.7656546489563567,0.8021737419394736,0.1,"(100, 25, 100)",30,"{'NN__alpha': 0.1, 'NN__hidden_layer_sizes': (100, 25, 100), 'filter__n': 30}",61,0.8862559241706162,0.8327402135231317,0.6492890995260664,0.66429418742586,0.7630331753554502,0.8220640569395018,0.7156398104265402,0.8540925266903915,0.8142857142857143,0.8376777251184834,0.09581408043258283,0.006248483325601559,0.08121452661144841,0.06970910758334957
44,0.3815868377685547,0.12189235687255859,0.7618595825426945,0.8187895296082036,0.1,"(100, 25, 100)",35,"{'NN__alpha': 0.1, 'NN__hidden_layer_sizes': (100, 25, 100), 'filter__n': 35}",77,0.8720379146919431,0.8659549228944247,0.7109004739336493,0.7247924080664294,0.7582938388625592,0.830367734282325,0.7156398104265402,0.8706998813760379,0.7523809523809524,0.8021327014218009,0.027356111141969588,0.006253798987491738,0.05829339748146813,0.0532282303883014
45,0.3719010353088379,0.11876006126403808,0.7049335863377609,0.7158540081968595,0.01,"(50, 50)",2,"{'NN__alpha': 0.01, 'NN__hidden_layer_sizes': (50, 50), 'filter__n': 2}",148,0.7677725118483413,0.7319098457888493,0.7630331753554502,0.7319098457888493,0.6445497630331753,0.7319098457888493,0.6777251184834123,0.708185053380783,0.6714285714285714,0.6753554502369669,0.06203334124434594,0.007653623977246769,0.05067590392752479,0.022236527728684924
46,0.3613571643829346,0.1120450496673584,0.7381404174573055,0.7530830986153042,0.01,"(50, 50)",5,"{'NN__alpha': 0.01, 'NN__hidden_layer_sizes': (50, 50), 'filter__n': 5}",108,0.7298578199052133,0.7046263345195729,0.7725118483412322,0.7568208778173191,0.6966824644549763,0.7829181494661922,0.7535545023696683,0.7663107947805456,0.7380952380952381,0.754739336492891,0.06779065383083233,0.0045344531018017345,0.02533533768358831,0.026191121812608707
47,0.39653525352478025,0.11475901603698731,0.7628083491461101,0.7715819714065653,0.01,"(50, 50)",7,"{'NN__alpha': 0.01, 'NN__hidden_layer_sizes': (50, 50), 'filter__n': 7}",72,0.8104265402843602,0.7627520759193357,0.7819905213270142,0.7568208778173191,0.6919431279620853,0.7876631079478055,0.7582938388625592,0.7686832740213523,0.7714285714285715,0.7819905213270142,0.06875041870829086,0.008524612664697988,0.039392940520106424,0.011586200832899542
48,0.37662792205810547,0.11805634498596192,0.7514231499051234,0.7440713317929084,0.01,"(50, 50)",10,"{'NN__alpha': 0.01, 'NN__hidden_layer_sizes': (50, 50), 'filter__n': 10}",89,0.8246445497630331,0.7354685646500593,0.7630331753554502,0.7366548042704626,0.6872037914691943,0.7580071174377224,0.7440758293838863,0.7508896797153025,0.7380952380952381,0.7393364928909952,0.06982732642888946,0.008465086557074326,0.0444081365008591,0.008855813597421432
49,0.36891765594482423,0.11563615798950196,0.7666034155597723,0.7891346634958649,0.01,"(50, 50)",15,"{'NN__alpha': 0.01, 'NN__hidden_layer_sizes': (50, 50), 'filter__n': 15}",55,0.8483412322274881,0.7746144721233689,0.7914691943127962,0.7698695136417556,0.6777251184834123,0.7888493475682088,0.7535545023696683,0.8149466192170819,0.7619047619047619,0.79739336492891,0.05379355450281322,0.007654889072990637,0.05550779875227449,0.016226685238137934
50,0.3860060691833496,0.11251630783081054,0.7903225806451613,0.8157064309928994,0.01,"(50, 50)",20,"{'NN__alpha': 0.01, 'NN__hidden_layer_sizes': (50, 50), 'filter__n': 20}",26,0.8815165876777251,0.8196915776986952,0.8815165876777251,0.8291814946619217,0.7014218009478673,0.8018979833926453,0.7156398104265402,0.830367734282325,0.7714285714285715,0.79739336492891,0.07100088981019816,0.0062475766439418655,0.07809962635279875,0.013700030387473206
51,0.44443621635437014,0.115635347366333,0.7590132827324478,0.7877117381502533,0.01,"(50, 50)",25,"{'NN__alpha': 0.01, 'NN__hidden_layer_sizes': (50, 50), 'filter__n': 25}",79,0.7251184834123223,0.7200474495848161,0.8720379146919431,0.8244365361803084,0.7345971563981043,0.8185053380782918,0.6872037914691943,0.7805456702253856,0.7761904761904762,0.7950236966824644,0.0958957935111959,0.0076558627844968575,0.06322780943081076,0.03736369842781568
52,0.42014899253845217,0.11251120567321778,0.7647058823529411,0.8014622792666678,0.01,"(50, 50)",30,"{'NN__alpha': 0.01, 'NN__hidden_layer_sizes': (50, 50), 'filter__n': 30}",63,0.8056872037914692,0.7603795966785291,0.7251184834123223,0.734282325029656,0.7298578199052133,0.8102016607354685,0.7393364928909952,0.8659549228944247,0.8238095238095238,0.8364928909952607,0.12303070823893728,0.006263478540536206,0.041447438257992485,0.048298560410344034
53,0.47182531356811525,0.11875724792480469,0.8339658444022771,0.8434593783204869,0.01,"(50, 50)",35,"{'NN__alpha': 0.01, 'NN__hidden_layer_sizes': (50, 50), 'filter__n': 35}",2,0.8909952606635071,0.8362989323843416,0.8672985781990521,0.830367734282325,0.8483412322274881,0.8683274021352313,0.7630331753554502,0.863582443653618,0.8,0.8187203791469194,0.09850457907690686,0.007651235510513467,0.046389504580355664,0.01927712414541303
54,0.37510085105895996,0.11250214576721192,0.6916508538899431,0.6700693753408331,0.01,"(50,)",2,"{'NN__alpha': 0.01, 'NN__hidden_layer_sizes': (50,), 'filter__n': 2}",165,0.7725118483412322,0.7117437722419929,0.6729857819905213,0.6536180308422301,0.6635071090047393,0.6631079478054567,0.6824644549763034,0.66429418742586,0.6666666666666666,0.6575829383886256,0.0961803036102029,0.006236171904714396,0.040969627606731424,0.02119022165732164
55,0.3935264587402344,0.11454377174377442,0.7371916508538899,0.7445424544478364,0.01,"(50,)",5,"{'NN__alpha': 0.01, 'NN__hidden_layer_sizes': (50,), 'filter__n': 5}",113,0.7393364928909952,0.6927639383155397,0.8104265402843602,0.7603795966785291,0.6824644549763034,0.7686832740213523,0.7109004739336493,0.7473309608540926,0.7428571428571429,0.7535545023696683,0.07100113120830484,0.00877833602371356,0.04264928528799267,0.026846235312616436
56,0.3535639762878418,0.11591181755065919,0.7229601518026565,0.744308298617553,0.01,"(50,)",7,"{'NN__alpha': 0.01, 'NN__hidden_layer_sizes': (50,), 'filter__n': 7}",129,0.7962085308056872,0.708185053380783,0.7345971563981043,0.7520759193357058,0.6635071090047393,0.7627520759193357,0.6777251184834123,0.7580071174377224,0.7428571428571429,0.740521327014218,0.06064902933953914,0.0074474933768087035,0.04793019743670692,0.019531495028322608
57,0.38403754234313964,0.11269659996032715,0.7438330170777988,0.7528461317906596,0.01,"(50,)",10,"{'NN__alpha': 0.01, 'NN__hidden_layer_sizes': (50,), 'filter__n': 10}",97,0.8104265402843602,0.7212336892052195,0.7630331753554502,0.7153024911032029,0.6824644549763034,0.7829181494661922,0.7298578199052133,0.7912218268090154,0.7333333333333333,0.7535545023696683,0.08280284237253202,0.006163041461831782,0.042149473641514945,0.0309399207703679
58,0.34691815376281737,0.11876168251037597,0.7485768500948766,0.7756210892040951,0.01,"(50,)",15,"{'NN__alpha': 0.01, 'NN__hidden_layer_sizes': (50,), 'filter__n': 15}",90,0.8388625592417062,0.7580071174377224,0.7819905213270142,0.741399762752076,0.6729857819905213,0.8018979833926453,0.7109004739336493,0.8196915776986952,0.7380952380952381,0.7571090047393365,0.05448897269845352,0.007655647925248143,0.05749175600785041,0.029855423564577117
59,0.39091014862060547,0.11564040184020996,0.7703984819734345,0.7929334412755169,0.01,"(50,)",20,"{'NN__alpha': 0.01, 'NN__hidden_layer_sizes': (50,), 'filter__n': 20}",49,0.8199052132701422,0.7710557532621589,0.8199052132701422,0.7793594306049823,0.7061611374407583,0.7829181494661922,0.7061611374407583,0.8457888493475683,0.8,0.7855450236966824,0.07776673908819201,0.007649484255337136,0.05299077455767486,0.026875550023401733
60,0.3672201633453369,0.11372742652893067,0.786527514231499,0.791500677449641,0.01,"(50,)",25,"{'NN__alpha': 0.01, 'NN__hidden_layer_sizes': (50,), 'filter__n': 25}",30,0.8293838862559242,0.7698695136417556,0.8672985781990521,0.8256227758007118,0.6682464454976303,0.7200474495848161,0.7393364928909952,0.8173190984578885,0.8285714285714286,0.8246445497630331,0.05929965748581357,0.00800809707219781,0.0726117596035464,0.04123807888627175
61,0.33670616149902344,0.11648564338684082,0.7808349146110057,0.8135678264829401,0.01,"(50,)",30,"{'NN__alpha': 0.01, 'NN__hidden_layer_sizes': (50,), 'filter__n': 30}",41,0.8199052132701422,0.8102016607354685,0.8625592417061612,0.8315539739027283,0.7488151658767772,0.8137603795966786,0.6919431279620853,0.800711743772242,0.780952380952381,0.8116113744075829,0.030347754479678392,0.00738620964521868,0.05856387330702299,0.010039683410694755
62,0.42501134872436525,0.12501168251037598,0.8178368121442126,0.8327798485436239,0.01,"(50,)",35,"{'NN__alpha': 0.01, 'NN__hidden_layer_sizes': (50,), 'filter__n': 35}",11,0.8909952606635071,0.8256227758007118,0.8720379146919431,0.833926453143535,0.7440758293838863,0.797153024911032,0.7488151658767772,0.8742586002372479,0.8333333333333334,0.8329383886255924,0.0811220570722761,2.7100128628507275e-06,0.061239474523578814,0.024667066836259983
63,0.3657855987548828,0.12189173698425293,0.7020872865275142,0.7065870030864718,0.01,"(25,)",2,"{'NN__alpha': 0.01, 'NN__hidden_layer_sizes': (25,), 'filter__n': 2}",156,0.7251184834123223,0.6903914590747331,0.7251184834123223,0.6892052194543298,0.6208530805687204,0.7093712930011863,0.6966824644549763,0.708185053380783,0.7428571428571429,0.735781990521327,0.07227014980941979,0.006252415786964472,0.04324869620950298,0.016894232000682637
64,0.3346884727478027,0.11640191078186035,0.7030360531309298,0.7189396367070888,0.01,"(25,)",5,"{'NN__alpha': 0.01, 'NN__hidden_layer_sizes': (25,), 'filter__n': 5}",152,0.7725118483412322,0.7129300118623962,0.7014218009478673,0.7188612099644128,0.6492890995260664,0.7556346381969158,0.7203791469194313,0.7378410438908659,0.6714285714285714,0.669431279620853,0.02877929408350661,0.007461241269870668,0.04247789902120453,0.028951633773490196
65,0.42055506706237794,0.11564202308654785,0.7314990512333965,0.7421691319087212,0.01,"(25,)",7,"{'NN__alpha': 0.01, 'NN__hidden_layer_sizes': (25,), 'filter__n': 7}",121,0.7251184834123223,0.7200474495848161,0.7962085308056872,0.7686832740213523,0.6682464454976303,0.734282325029656,0.6966824644549763,0.730723606168446,0.7714285714285715,0.7571090047393365,0.08663815569619837,0.007671519912725623,0.04698593089486346,0.01793750341169306
66,0.3347476005554199,0.12186279296875,0.698292220113852,0.6916499412502178,0.01,"(25,)",10,"{'NN__alpha': 0.01, 'NN__hidden_layer_sizes': (25,), 'filter__n': 10}",160,0.8009478672985783,0.7058125741399762,0.7772511848341233,0.7117437722419929,0.5876777251184834,0.6880189798339265,0.6587677725118484,0.6571767497034401,0.6666666666666666,0.6954976303317536,0.05186885256023361,0.006224298620918433,0.07949318535370453,0.019082619012031246
67,0.3750413417816162,0.12217502593994141,0.7296015180265655,0.7542687760368352,0.01,"(25,)",15,"{'NN__alpha': 0.01, 'NN__hidden_layer_sizes': (25,), 'filter__n': 15}",125,0.8151658767772512,0.7497034400948992,0.7819905213270142,0.734282325029656,0.6066350710900474,0.7603795966785291,0.6872037914691943,0.7698695136417556,0.7571428571428571,0.7571090047393365,0.07655445798172578,0.005690491882941513,0.07451903091295606,0.01190875776846729
68,0.3158621311187744,0.11876726150512695,0.681214421252372,0.7319683144715612,0.01,"(25,)",20,"{'NN__alpha': 0.01, 'NN__hidden_layer_sizes': (25,), 'filter__n': 20}",174,0.8009478672985783,0.7283511269276394,0.5355450236966824,0.5800711743772242,0.6966824644549763,0.7912218268090154,0.6208530805687204,0.8066429418742586,0.7523809523809524,0.7535545023696683,0.011555905400932225,0.007660384780699817,0.09436238183641171,0.08079488526459512
69,0.40194525718688967,0.11876220703125,0.7836812144212524,0.7886652274375537,0.01,"(25,)",25,"{'NN__alpha': 0.01, 'NN__hidden_layer_sizes': (25,), 'filter__n': 25}",38,0.8720379146919431,0.8149466192170819,0.8530805687203792,0.8018979833926453,0.6824644549763034,0.7330960854092526,0.6966824644549763,0.8173190984578885,0.8142857142857143,0.7760663507109005,0.0741922674156683,0.007654791910674775,0.07924487362344333,0.03141185428789885
70,0.35941009521484374,0.11563611030578613,0.7533206831119544,0.7566376009849723,0.01,"(25,)",30,"{'NN__alpha': 0.01, 'NN__hidden_layer_sizes': (25,), 'filter__n': 30}",84,0.8151658767772512,0.7485172004744959,0.8436018957345972,0.7544483985765125,0.7251184834123223,0.7722419928825622,0.6161137440758294,0.7354685646500593,0.7666666666666667,0.7725118483412322,0.05676476932986287,0.007654830670005392,0.07975468722034407,0.014243246726824015
71,0.35190749168395996,0.11511697769165039,0.8149905123339658,0.8315958577187095,0.01,"(25,)",35,"{'NN__alpha': 0.01, 'NN__hidden_layer_sizes': (25,), 'filter__n': 35}",13,0.8815165876777251,0.8256227758007118,0.8720379146919431,0.8362989323843416,0.8009478672985783,0.8244365361803084,0.7109004739336493,0.8481613285883749,0.8095238095238095,0.8234597156398105,0.02250111166030943,0.008095987223022266,0.061252888241180914,0.009483292011338679
72,0.40650405883789065,0.11876773834228516,0.635673624288425,0.6302021667144536,0.01,"(25, 25)",2,"{'NN__alpha': 0.01, 'NN__hidden_layer_sizes': (25, 25), 'filter__n': 2}",177,0.7298578199052133,0.693950177935943,0.7677725118483413,0.727164887307236,0.6208530805687204,0.708185053380783,0.35071090047393366,0.3238434163701068,0.7095238095238096,0.6978672985781991,0.08818761528605697,0.007659332510937986,0.150518807792418,0.15361065243982958
73,0.3701346397399902,0.11876158714294434,0.7400379506641366,0.7447825133662782,0.01,"(25, 25)",5,"{'NN__alpha': 0.01, 'NN__hidden_layer_sizes': (25, 25), 'filter__n': 5}",101,0.8009478672985783,0.7402135231316725,0.7535545023696683,0.7378410438908659,0.6966824644549763,0.7781731909845789,0.7251184834123223,0.7259786476868327,0.7238095238095238,0.7417061611374408,0.07915865371543705,0.007655356253804355,0.03539224215513065,0.017590033141400226
74,0.34523510932922363,0.11853723526000977,0.7077798861480076,0.7359992803854435,0.01,"(25, 25)",7,"{'NN__alpha': 0.01, 'NN__hidden_layer_sizes': (25, 25), 'filter__n': 7}",141,0.7440758293838863,0.7390272835112692,0.6777251184834123,0.6927639383155397,0.6540284360189573,0.7366548042704626,0.7345971563981043,0.7485172004744959,0.7285714285714285,0.7630331753554502,0.06716927247288593,0.012727898911535434,0.03539843790085881,0.02352200297168882
75,0.3382070541381836,0.12105031013488769,0.7172675521821632,0.7414630101252017,0.01,"(25, 25)",10,"{'NN__alpha': 0.01, 'NN__hidden_layer_sizes': (25, 25), 'filter__n': 10}",137,0.7725118483412322,0.7402135231316725,0.7298578199052133,0.7366548042704626,0.6208530805687204,0.7105575326215896,0.7582938388625592,0.7864768683274022,0.7047619047619048,0.7334123222748815,0.016166539423728175,0.006058776487638663,0.05358845719355312,0.024782613284824995
76,0.35038228034973146,0.11873831748962402,0.7371916508538899,0.7682475698953748,0.01,"(25, 25)",15,"{'NN__alpha': 0.01, 'NN__hidden_layer_sizes': (25, 25), 'filter__n': 15}",113,0.7867298578199052,0.7461447212336892,0.6824644549763034,0.6832740213523132,0.6729857819905213,0.7473309608540926,0.7440758293838863,0.8279952550415184,0.8,0.8364928909952607,0.03212511526782086,0.007635540499283782,0.05207288951764552,0.05722543863894188
77,0.34065423011779783,0.11876835823059081,0.7229601518026565,0.7521557515755622,0.01,"(25, 25)",20,"{'NN__alpha': 0.01, 'NN__hidden_layer_sizes': (25, 25), 'filter__n': 20}",129,0.8815165876777251,0.8161328588374852,0.6635071090047393,0.6619217081850534,0.7251184834123223,0.800711743772242,0.6824644549763034,0.8185053380782918,0.6619047619047619,0.6635071090047393,0.02687020458470252,0.007648527990020445,0.08253695784538555,0.07328545104881401
78,0.3575932025909424,0.12166833877563477,0.7808349146110057,0.7858278097294137,0.01,"(25, 25)",25,"{'NN__alpha': 0.01, 'NN__hidden_layer_sizes': (25, 25), 'filter__n': 25}",41,0.9004739336492891,0.8374851720047449,0.8104265402843602,0.7663107947805456,0.7488151658767772,0.8030842230130486,0.6919431279620853,0.7864768683274022,0.7523809523809524,0.735781990521327,0.04166019458592879,0.006853299814294118,0.07063371606183924,0.03421165312125939
79,0.42791595458984377,0.11252212524414062,0.786527514231499,0.804547907776897,0.01,"(25, 25)",30,"{'NN__alpha': 0.01, 'NN__hidden_layer_sizes': (25, 25), 'filter__n': 30}",30,0.8720379146919431,0.8113879003558719,0.8341232227488151,0.7627520759193357,0.7109004739336493,0.7888493475682088,0.7156398104265402,0.8291814946619217,0.8,0.830568720379147,0.08336277669275803,0.006245622860229128,0.06406558452953708,0.025783786157487616
80,0.39593801498413084,0.12189140319824218,0.8111954459203036,0.8161691206647438,0.01,"(25, 25)",35,"{'NN__alpha': 0.01, 'NN__hidden_layer_sizes': (25, 25), 'filter__n': 35}",17,0.8578199052132701,0.7829181494661922,0.8530805687203792,0.800711743772242,0.8151658767772512,0.8362989323843416,0.6919431279620853,0.8137603795966786,0.8380952380952381,0.8471563981042654,0.07419157859931823,0.006253084458103428,0.06148686122070559,0.023305708753681275
81,0.4053042411804199,0.11280531883239746,0.706831119544592,0.7004149027677051,0.01,"(100, 25, 100)",2,"{'NN__alpha': 0.01, 'NN__hidden_layer_sizes': (100, 25, 100), 'filter__n': 2}",147,0.7630331753554502,0.734282325029656,0.7014218009478673,0.6903914590747331,0.6635071090047393,0.6631079478054567,0.6635071090047393,0.6631079478054567,0.7428571428571429,0.7511848341232228,0.08773018690037591,0.006130301422147088,0.04059903111116284,0.036355674718233214
82,0.3608985424041748,0.11876606941223145,0.7637571157495257,0.7587728323016983,0.01,"(100, 25, 100)",5,"{'NN__alpha': 0.01, 'NN__hidden_layer_sizes': (100, 25, 100), 'filter__n': 5}",68,0.8341232227488151,0.7568208778173191,0.7630331753554502,0.7034400948991696,0.6966824644549763,0.7876631079478055,0.7630331753554502,0.7734282325029656,0.7619047619047619,0.7725118483412322,0.058158449881104225,0.012496475177768253,0.04350593396157389,0.02933840929044455
83,0.37192230224609374,0.12502293586730956,0.7400379506641366,0.7424128451198326,0.01,"(100, 25, 100)",7,"{'NN__alpha': 0.01, 'NN__hidden_layer_sizes': (100, 25, 100), 'filter__n': 7}",101,0.7582938388625592,0.7176749703440095,0.7819905213270142,0.7473309608540926,0.6682464454976303,0.7580071174377224,0.7630331753554502,0.7591933570581257,0.7285714285714285,0.7298578199052133,0.06510620864337434,2.1191857901442842e-05,0.03978556537612727,0.01623912484695718
84,0.4219310760498047,0.12188730239868165,0.6850094876660342,0.680269630579121,0.01,"(100, 25, 100)",10,"{'NN__alpha': 0.01, 'NN__hidden_layer_sizes': (100, 25, 100), 'filter__n': 10}",169,0.6635071090047393,0.6631079478054567,0.7725118483412322,0.7485172004744959,0.6635071090047393,0.6631079478054567,0.6635071090047393,0.6631079478054567,0.6619047619047619,0.6635071090047393,0.09428140164655804,0.006266291018081792,0.043781509352605,0.03412413513344288
85,0.45598201751708983,0.12189755439758301,0.7998102466793169,0.8425022347405171,0.01,"(100, 25, 100)",15,"{'NN__alpha': 0.01, 'NN__hidden_layer_sizes': (100, 25, 100), 'filter__n': 15}",23,0.8815165876777251,0.8113879003558719,0.8625592417061612,0.8695136417556346,0.7251184834123223,0.8149466192170819,0.7156398104265402,0.863582443653618,0.8142857142857143,0.8530805687203792,0.08010063279565775,0.0062354106609020235,0.06856779514182366,0.024549159731529387
86,0.3672356605529785,0.11263852119445801,0.7666034155597723,0.7993360431318974,0.01,"(100, 25, 100)",20,"{'NN__alpha': 0.01, 'NN__hidden_layer_sizes': (100, 25, 100), 'filter__n': 20}",55,0.8104265402843602,0.7580071174377224,0.8056872037914692,0.767497034400949,0.7156398104265402,0.7959667852906287,0.7156398104265402,0.8766310794780545,0.7857142857142857,0.7985781990521327,0.03333970653329519,0.006192039176890716,0.042460866597070795,0.04173308386833636
87,0.44016251564025877,0.11092166900634766,0.8301707779886148,0.854127945219342,0.01,"(100, 25, 100)",25,"{'NN__alpha': 0.01, 'NN__hidden_layer_sizes': (100, 25, 100), 'filter__n': 25}",5,0.8767772511848341,0.8422301304863582,0.8578199052132701,0.8457888493475683,0.8009478672985783,0.8481613285883749,0.7582938388625592,0.8837485172004745,0.8571428571428571,0.8507109004739336,0.09985966449486854,0.003060451363964282,0.04402304090898893,0.015071519556312498
88,0.40096235275268555,0.12217297554016113,0.7656546489563567,0.8021737419394736,0.01,"(100, 25, 100)",30,"{'NN__alpha': 0.01, 'NN__hidden_layer_sizes': (100, 25, 100), 'filter__n': 30}",61,0.8862559241706162,0.8327402135231317,0.6492890995260664,0.66429418742586,0.7630331753554502,0.8220640569395018,0.7156398104265402,0.8540925266903915,0.8142857142857143,0.8376777251184834,0.060553295499900774,0.006416987130873089,0.08121452661144841,0.06970910758334957
89,0.3816088676452637,0.12188167572021484,0.7628083491461101,0.8190264964328481,0.01,"(100, 25, 100)",35,"{'NN__alpha': 0.01, 'NN__hidden_layer_sizes': (100, 25, 100), 'filter__n': 35}",72,0.8767772511848341,0.8659549228944247,0.7109004739336493,0.7259786476868327,0.7582938388625592,0.830367734282325,0.7156398104265402,0.8695136417556346,0.7523809523809524,0.8033175355450237,0.015797930482881126,0.011693450541885485,0.06008979613859534,0.05250624027179764
90,0.402907133102417,0.1190417766571045,0.7049335863377609,0.7158540081968595,0.001,"(50, 50)",2,"{'NN__alpha': 0.001, 'NN__hidden_layer_sizes': (50, 50), 'filter__n': 2}",148,0.7677725118483413,0.7319098457888493,0.7630331753554502,0.7319098457888493,0.6445497630331753,0.7319098457888493,0.6777251184834123,0.708185053380783,0.6714285714285714,0.6753554502369669,0.061895530170778534,0.007313283777635156,0.05067590392752479,0.022236527728684924
91,0.392056941986084,0.11875805854797364,0.7381404174573055,0.7530830986153042,0.001,"(50, 50)",5,"{'NN__alpha': 0.001, 'NN__hidden_layer_sizes': (50, 50), 'filter__n': 5}",108,0.7298578199052133,0.7046263345195729,0.7725118483412322,0.7568208778173191,0.6966824644549763,0.7829181494661922,0.7535545023696683,0.7663107947805456,0.7380952380952381,0.754739336492891,0.06940607769739826,0.00766786623351356,0.02533533768358831,0.026191121812608707
92,0.45394101142883303,0.11251616477966309,0.7628083491461101,0.7715819714065653,0.001,"(50, 50)",7,"{'NN__alpha': 0.001, 'NN__hidden_layer_sizes': (50, 50), 'filter__n': 7}",72,0.8104265402843602,0.7627520759193357,0.7819905213270142,0.7568208778173191,0.6919431279620853,0.7876631079478055,0.7582938388625592,0.7686832740213523,0.7714285714285715,0.7819905213270142,0.09531638469609259,0.006248006718411616,0.039392940520106424,0.011586200832899542
93,0.38313584327697753,0.11877269744873047,0.7466793168880456,0.7386213759255199,0.001,"(50, 50)",10,"{'NN__alpha': 0.001, 'NN__hidden_layer_sizes': (50, 50), 'filter__n': 10}",94,0.8246445497630331,0.7354685646500593,0.7630331753554502,0.7366548042704626,0.6872037914691943,0.7591933570581257,0.7488151658767772,0.7508896797153025,0.7095238095238096,0.7109004739336493,0.07087647112041924,0.007652953241285827,0.04748178608862615,0.016467991473490182
94,0.32190990447998047,0.11564197540283203,0.7666034155597723,0.7896091593440264,0.001,"(50, 50)",15,"{'NN__alpha': 0.001, 'NN__hidden_layer_sizes': (50, 50), 'filter__n': 15}",55,0.8483412322274881,0.7758007117437722,0.7914691943127962,0.7698695136417556,0.6777251184834123,0.7900355871886121,0.7535545023696683,0.8149466192170819,0.7619047619047619,0.79739336492891,0.007655706672457559,0.007661920294989575,0.05550779875227449,0.016019297161194136
95,0.4177733898162842,0.12334704399108887,0.7903225806451613,0.8157064309928994,0.001,"(50, 50)",20,"{'NN__alpha': 0.001, 'NN__hidden_layer_sizes': (50, 50), 'filter__n': 20}",26,0.8815165876777251,0.8196915776986952,0.8815165876777251,0.8291814946619217,0.7014218009478673,0.8018979833926453,0.7156398104265402,0.830367734282325,0.7714285714285715,0.79739336492891,0.07922762601794217,0.0033456290806140555,0.07809962635279875,0.013700030387473206
96,0.39066214561462403,0.11563615798950196,0.7590132827324478,0.7877117381502533,0.001,"(50, 50)",25,"{'NN__alpha': 0.001, 'NN__hidden_layer_sizes': (50, 50), 'filter__n': 25}",79,0.7251184834123223,0.7200474495848161,0.8720379146919431,0.8244365361803084,0.7345971563981043,0.8185053380782918,0.6872037914691943,0.7805456702253856,0.7761904761904762,0.7950236966824644,0.08948988724646845,0.007654791762157558,0.06322780943081076,0.03736369842781568
97,0.37549214363098143,0.11553192138671875,0.7647058823529411,0.8014622792666678,0.001,"(50, 50)",30,"{'NN__alpha': 0.001, 'NN__hidden_layer_sizes': (50, 50), 'filter__n': 30}",63,0.8056872037914692,0.7603795966785291,0.7251184834123223,0.734282325029656,0.7298578199052133,0.8102016607354685,0.7393364928909952,0.8659549228944247,0.8238095238095238,0.8364928909952607,0.035262771430422966,0.007539388641121942,0.041447438257992485,0.048298560410344034
98,0.3691433906555176,0.12501282691955568,0.8339658444022771,0.8434593783204869,0.001,"(50, 50)",35,"{'NN__alpha': 0.001, 'NN__hidden_layer_sizes': (50, 50), 'filter__n': 35}",2,0.8909952606635071,0.8362989323843416,0.8672985781990521,0.830367734282325,0.8483412322274881,0.8683274021352313,0.7630331753554502,0.863582443653618,0.8,0.8187203791469194,0.029445010304630235,0.009884078012988566,0.046389504580355664,0.01927712414541303
99,0.3810554027557373,0.11672811508178711,0.6916508538899431,0.6700693753408331,0.001,"(50,)",2,"{'NN__alpha': 0.001, 'NN__hidden_layer_sizes': (50,), 'filter__n': 2}",165,0.7725118483412322,0.7117437722419929,0.6729857819905213,0.6536180308422301,0.6635071090047393,0.6631079478054567,0.6824644549763034,0.66429418742586,0.6666666666666666,0.6575829383886256,0.06870217155282038,0.007057785610564294,0.040969627606731424,0.02119022165732164
100,0.40093770027160647,0.11676273345947266,0.7371916508538899,0.7445424544478364,0.001,"(50,)",5,"{'NN__alpha': 0.001, 'NN__hidden_layer_sizes': (50,), 'filter__n': 5}",113,0.7393364928909952,0.6927639383155397,0.8104265402843602,0.7603795966785291,0.6824644549763034,0.7686832740213523,0.7109004739336493,0.7473309608540926,0.7428571428571429,0.7535545023696683,0.08079474614444981,0.007044276591337521,0.04264928528799267,0.026846235312616436
101,0.3187678337097168,0.11650257110595703,0.7229601518026565,0.744308298617553,0.001,"(50,)",7,"{'NN__alpha': 0.001, 'NN__hidden_layer_sizes': (50,), 'filter__n': 7}",129,0.7962085308056872,0.708185053380783,0.7345971563981043,0.7520759193357058,0.6635071090047393,0.7627520759193357,0.6777251184834123,0.7580071174377224,0.7428571428571429,0.740521327014218,0.007660547493470197,0.007125580807163753,0.04793019743670692,0.019531495028322608
102,0.40084013938903806,0.11876358985900878,0.7438330170777988,0.7528461317906596,0.001,"(50,)",10,"{'NN__alpha': 0.001, 'NN__hidden_layer_sizes': (50,), 'filter__n': 10}",97,0.8104265402843602,0.7212336892052195,0.7630331753554502,0.7153024911032029,0.6824644549763034,0.7829181494661922,0.7298578199052133,0.7912218268090154,0.7333333333333333,0.7535545023696683,0.09480835164633611,0.007646874221901491,0.042149473641514945,0.0309399207703679
103,0.3640292167663574,0.12201738357543945,0.7485768500948766,0.7756210892040951,0.001,"(50,)",15,"{'NN__alpha': 0.001, 'NN__hidden_layer_sizes': (50,), 'filter__n': 15}",90,0.8388625592417062,0.7580071174377224,0.7819905213270142,0.741399762752076,0.6729857819905213,0.8018979833926453,0.7109004739336493,0.8196915776986952,0.7380952380952381,0.7571090047393365,0.055092882820153934,0.011965836962998262,0.05749175600785041,0.029855423564577117
104,0.3500403881072998,0.1185689926147461,0.7703984819734345,0.7929334412755169,0.001,"(50,)",20,"{'NN__alpha': 0.001, 'NN__hidden_layer_sizes': (50,), 'filter__n': 20}",49,0.8199052132701422,0.7710557532621589,0.8199052132701422,0.7793594306049823,0.7061611374407583,0.7829181494661922,0.7061611374407583,0.8457888493475683,0.8,0.7855450236966824,0.025406527502747956,0.007394086969957149,0.05299077455767486,0.026875550023401733
105,0.37217254638671876,0.12500667572021484,0.786527514231499,0.791500677449641,0.001,"(50,)",25,"{'NN__alpha': 0.001, 'NN__hidden_layer_sizes': (50,), 'filter__n': 25}",30,0.8293838862559242,0.7698695136417556,0.8672985781990521,0.8256227758007118,0.6682464454976303,0.7200474495848161,0.7393364928909952,0.8173190984578885,0.8285714285714286,0.8246445497630331,0.07391533757470685,9.599716175863845e-06,0.0726117596035464,0.04123807888627175
106,0.3344088077545166,0.11876521110534669,0.7808349146110057,0.8135678264829401,0.001,"(50,)",30,"{'NN__alpha': 0.001, 'NN__hidden_layer_sizes': (50,), 'filter__n': 30}",41,0.8199052132701422,0.8102016607354685,0.8625592417061612,0.8315539739027283,0.7488151658767772,0.8137603795966786,0.6919431279620853,0.800711743772242,0.780952380952381,0.8116113744075829,0.02338534194723632,0.007658613733589033,0.05856387330702299,0.010039683410694755
107,0.41532144546508787,0.12188472747802734,0.818785578747628,0.8327798485436239,0.001,"(50,)",35,"{'NN__alpha': 0.001, 'NN__hidden_layer_sizes': (50,), 'filter__n': 35}",9,0.8909952606635071,0.8256227758007118,0.8720379146919431,0.833926453143535,0.7440758293838863,0.797153024911032,0.7488151658767772,0.8742586002372479,0.8380952380952381,0.8329383886255924,0.07339512699501102,0.0062523605137171185,0.06150850495345958,0.024667066836259983
108,0.34093279838562013,0.12501773834228516,0.7020872865275142,0.7065870030864718,0.001,"(25,)",2,"{'NN__alpha': 0.001, 'NN__hidden_layer_sizes': (25,), 'filter__n': 2}",156,0.7251184834123223,0.6903914590747331,0.7251184834123223,0.6892052194543298,0.6208530805687204,0.7093712930011863,0.6966824644549763,0.708185053380783,0.7428571428571429,0.735781990521327,0.07350695365414284,0.009882876922584286,0.04324869620950298,0.016894232000682637
109,0.33419952392578123,0.12059688568115234,0.7030360531309298,0.7189396367070888,0.001,"(25,)",5,"{'NN__alpha': 0.001, 'NN__hidden_layer_sizes': (25,), 'filter__n': 5}",152,0.7725118483412322,0.7129300118623962,0.7014218009478673,0.7188612099644128,0.6492890995260664,0.7556346381969158,0.7203791469194313,0.7378410438908659,0.6714285714285714,0.669431279620853,0.03788723593360828,0.011763134432315024,0.04247789902120453,0.028951633773490196
110,0.3545729160308838,0.12808475494384766,0.7305502846299811,0.7421691319087212,0.001,"(25,)",7,"{'NN__alpha': 0.001, 'NN__hidden_layer_sizes': (25,), 'filter__n': 7}",123,0.7251184834123223,0.7200474495848161,0.7962085308056872,0.7686832740213523,0.6682464454976303,0.734282325029656,0.6919431279620853,0.730723606168446,0.7714285714285715,0.7571090047393365,0.04430677381768741,0.006261942773695668,0.04772148046463459,0.01793750341169306
111,0.3850680351257324,0.11252069473266602,0.698292220113852,0.6916499412502178,0.001,"(25,)",10,"{'NN__alpha': 0.001, 'NN__hidden_layer_sizes': (25,), 'filter__n': 10}",160,0.8009478672985783,0.7058125741399762,0.7772511848341233,0.7117437722419929,0.5876777251184834,0.6880189798339265,0.6587677725118484,0.6571767497034401,0.6666666666666666,0.6954976303317536,0.09263252146640788,0.0062457422957233905,0.07949318535370453,0.019082619012031246
112,0.3435908317565918,0.1214177131652832,0.7296015180265655,0.7542687760368352,0.001,"(25,)",15,"{'NN__alpha': 0.001, 'NN__hidden_layer_sizes': (25,), 'filter__n': 15}",125,0.8151658767772512,0.7497034400948992,0.7819905213270142,0.734282325029656,0.6066350710900474,0.7603795966785291,0.6872037914691943,0.7698695136417556,0.7571428571428571,0.7571090047393365,0.048318474241593905,0.006063807247150308,0.07451903091295606,0.01190875776846729
113,0.37520661354064944,0.11591792106628418,0.681214421252372,0.7319683144715612,0.001,"(25,)",20,"{'NN__alpha': 0.001, 'NN__hidden_layer_sizes': (25,), 'filter__n': 20}",174,0.8009478672985783,0.7283511269276394,0.5355450236966824,0.5800711743772242,0.6966824644549763,0.7912218268090154,0.6208530805687204,0.8066429418742586,0.7523809523809524,0.7535545023696683,0.0843679553339714,0.005939956558087216,0.09436238183641171,0.08079488526459512
114,0.39678349494934084,0.11876702308654785,0.7836812144212524,0.7886652274375537,0.001,"(25,)",25,"{'NN__alpha': 0.001, 'NN__hidden_layer_sizes': (25,), 'filter__n': 25}",38,0.8720379146919431,0.8149466192170819,0.8530805687203792,0.8018979833926453,0.6824644549763034,0.7330960854092526,0.6966824644549763,0.8173190984578885,0.8142857142857143,0.7760663507109005,0.07308813321254883,0.00764870298112707,0.07924487362344333,0.03141185428789885
115,0.31565442085266116,0.12513489723205568,0.7533206831119544,0.7566376009849723,0.001,"(25,)",30,"{'NN__alpha': 0.001, 'NN__hidden_layer_sizes': (25,), 'filter__n': 30}",84,0.8151658767772512,0.7485172004744959,0.8436018957345972,0.7544483985765125,0.7251184834123223,0.7722419928825622,0.6161137440758294,0.7354685646500593,0.7666666666666667,0.7725118483412322,0.00625365672732806,0.010077756964180621,0.07975468722034407,0.014243246726824015
116,0.3463291168212891,0.1156306266784668,0.8149905123339658,0.8315958577187095,0.001,"(25,)",35,"{'NN__alpha': 0.001, 'NN__hidden_layer_sizes': (25,), 'filter__n': 35}",13,0.8815165876777251,0.8256227758007118,0.8720379146919431,0.8362989323843416,0.8009478672985783,0.8244365361803084,0.7109004739336493,0.8481613285883749,0.8095238095238095,0.8234597156398105,0.026419536224832674,0.007658828930608372,0.061252888241180914,0.009483292011338679
117,0.35954556465148924,0.12515864372253419,0.635673624288425,0.6302021667144536,0.001,"(25, 25)",2,"{'NN__alpha': 0.001, 'NN__hidden_layer_sizes': (25, 25), 'filter__n': 2}",177,0.7298578199052133,0.693950177935943,0.7677725118483413,0.727164887307236,0.6208530805687204,0.708185053380783,0.35071090047393366,0.3238434163701068,0.7095238095238096,0.6978672985781991,0.07289205727598305,0.0006728657671847505,0.150518807792418,0.15361065243982958
118,0.36525282859802244,0.115635347366333,0.7400379506641366,0.7447825133662782,0.001,"(25, 25)",5,"{'NN__alpha': 0.001, 'NN__hidden_layer_sizes': (25, 25), 'filter__n': 5}",101,0.8009478672985783,0.7402135231316725,0.7535545023696683,0.7378410438908659,0.6966824644549763,0.7781731909845789,0.7251184834123223,0.7259786476868327,0.7238095238095238,0.7417061611374408,0.04871479079156075,0.007653798973048074,0.03539224215513065,0.017590033141400226
119,0.31863932609558104,0.11266050338745118,0.7077798861480076,0.7359992803854435,0.001,"(25, 25)",7,"{'NN__alpha': 0.001, 'NN__hidden_layer_sizes': (25, 25), 'filter__n': 7}",141,0.7440758293838863,0.7390272835112692,0.6777251184834123,0.6927639383155397,0.6540284360189573,0.7366548042704626,0.7345971563981043,0.7485172004744959,0.7285714285714285,0.7630331753554502,0.007490634390653524,0.006183355067507257,0.03539843790085881,0.02352200297168882
120,0.4125361442565918,0.11879081726074218,0.7172675521821632,0.7414630101252017,0.001,"(25, 25)",10,"{'NN__alpha': 0.001, 'NN__hidden_layer_sizes': (25, 25), 'filter__n': 10}",137,0.7725118483412322,0.7402135231316725,0.7298578199052133,0.7366548042704626,0.6208530805687204,0.7105575326215896,0.7582938388625592,0.7864768683274022,0.7047619047619048,0.7334123222748815,0.08005567734026894,0.00712053019343604,0.05358845719355312,0.024782613284824995
121,0.4225349426269531,0.11877145767211914,0.7371916508538899,0.7682475698953748,0.001,"(25, 25)",15,"{'NN__alpha': 0.001, 'NN__hidden_layer_sizes': (25, 25), 'filter__n': 15}",113,0.7867298578199052,0.7461447212336892,0.6824644549763034,0.6832740213523132,0.6729857819905213,0.7473309608540926,0.7440758293838863,0.8279952550415184,0.8,0.8364928909952607,0.08997649194606225,0.007652621817349116,0.05207288951764552,0.05722543863894188
122,0.39832329750061035,0.11251602172851563,0.7229601518026565,0.7523929994996431,0.001,"(25, 25)",20,"{'NN__alpha': 0.001, 'NN__hidden_layer_sizes': (25, 25), 'filter__n': 20}",129,0.8815165876777251,0.8161328588374852,0.6635071090047393,0.6619217081850534,0.7251184834123223,0.8018979833926453,0.6824644549763034,0.8185053380782918,0.6619047619047619,0.6635071090047393,0.08897926261911458,0.006248316045975196,0.08253695784538555,0.073444006552194
123,0.4406736850738525,0.11876635551452637,0.7789373814041746,0.786302305577575,0.001,"(25, 25)",25,"{'NN__alpha': 0.001, 'NN__hidden_layer_sizes': (25, 25), 'filter__n': 25}",46,0.8909952606635071,0.8386714116251482,0.8104265402843602,0.7663107947805456,0.7488151658767772,0.8042704626334519,0.6919431279620853,0.7864768683274022,0.7523809523809524,0.735781990521327,0.09396676792770386,0.007660327085677979,0.06744975378950636,0.03469112608633672
124,0.40315685272216795,0.12189188003540039,0.786527514231499,0.804547907776897,0.001,"(25, 25)",30,"{'NN__alpha': 0.001, 'NN__hidden_layer_sizes': (25, 25), 'filter__n': 30}",30,0.8720379146919431,0.8113879003558719,0.8341232227488151,0.7627520759193357,0.7109004739336493,0.7888493475682088,0.7156398104265402,0.8291814946619217,0.8,0.830568720379147,0.07086878524531695,0.006239008933341843,0.06406558452953708,0.025783786157487616
125,0.3987147331237793,0.11876311302185058,0.8111954459203036,0.8159318727406631,0.001,"(25, 25)",35,"{'NN__alpha': 0.001, 'NN__hidden_layer_sizes': (25, 25), 'filter__n': 35}",17,0.8578199052132701,0.7829181494661922,0.8530805687203792,0.7995255041518387,0.8151658767772512,0.8362989323843416,0.6919431279620853,0.8137603795966786,0.8380952380952381,0.8471563981042654,0.07158757963693606,0.0076453415602855835,0.06148686122070559,0.023467331931438126
126,0.3291003704071045,0.11823325157165528,0.7077798861480076,0.7006518695923496,0.001,"(100, 25, 100)",2,"{'NN__alpha': 0.001, 'NN__hidden_layer_sizes': (100, 25, 100), 'filter__n': 2}",141,0.7630331753554502,0.734282325029656,0.7014218009478673,0.6903914590747331,0.6635071090047393,0.6631079478054567,0.6635071090047393,0.6631079478054567,0.7476190476190476,0.7523696682464455,0.02382840369979952,0.007355283742099263,0.041476013319143745,0.03668816261634515
127,0.37191205024719237,0.11658554077148438,0.7637571157495257,0.759010080225779,0.001,"(100, 25, 100)",5,"{'NN__alpha': 0.001, 'NN__hidden_layer_sizes': (100, 25, 100), 'filter__n': 5}",68,0.8341232227488151,0.7580071174377224,0.7630331753554502,0.7034400948991696,0.6966824644549763,0.7876631079478055,0.7630331753554502,0.7734282325029656,0.7619047619047619,0.7725118483412322,0.0650973842354752,0.00710542039463709,0.04350593396157389,0.029326459242549677
128,0.391017484664917,0.11557722091674805,0.7400379506641366,0.7424128451198326,0.001,"(100, 25, 100)",7,"{'NN__alpha': 0.001, 'NN__hidden_layer_sizes': (100, 25, 100), 'filter__n': 7}",101,0.7582938388625592,0.7176749703440095,0.7819905213270142,0.7473309608540926,0.6682464454976303,0.7580071174377224,0.7630331753554502,0.7591933570581257,0.7285714285714285,0.7298578199052133,0.0406019128334203,0.007704647512929474,0.03978556537612727,0.01623912484695718
129,0.33531913757324217,0.12072334289550782,0.6850094876660342,0.6805068785032017,0.001,"(100, 25, 100)",10,"{'NN__alpha': 0.001, 'NN__hidden_layer_sizes': (100, 25, 100), 'filter__n': 10}",169,0.6635071090047393,0.6631079478054567,0.7725118483412322,0.7497034400948992,0.6635071090047393,0.6631079478054567,0.6635071090047393,0.6631079478054567,0.6619047619047619,0.6635071090047393,0.026792740744007566,0.013259385313122698,0.043781509352605,0.034598626179052946
130,0.4079871654510498,0.11876125335693359,0.8007590132827325,0.8446377471566793,0.001,"(100, 25, 100)",15,"{'NN__alpha': 0.001, 'NN__hidden_layer_sizes': (100, 25, 100), 'filter__n': 15}",22,0.8815165876777251,0.8125741399762753,0.8578199052132701,0.8706998813760379,0.7251184834123223,0.8149466192170819,0.7251184834123223,0.8730723606168446,0.8142857142857143,0.8518957345971564,0.038900101634065716,0.007654402396545733,0.06545704160800751,0.02626814971834826
131,0.41545705795288085,0.12228283882141114,0.7666034155597723,0.7993363242313336,0.001,"(100, 25, 100)",20,"{'NN__alpha': 0.001, 'NN__hidden_layer_sizes': (100, 25, 100), 'filter__n': 20}",55,0.8104265402843602,0.7580071174377224,0.8056872037914692,0.767497034400949,0.7156398104265402,0.7959667852906287,0.7156398104265402,0.8778173190984578,0.7857142857142857,0.79739336492891,0.06953158672523818,0.005787175872466094,0.042460866597070795,0.04218113120804062
132,0.4166091442108154,0.11570854187011718,0.8292220113851992,0.8543651931434226,0.001,"(100, 25, 100)",25,"{'NN__alpha': 0.001, 'NN__hidden_layer_sizes': (100, 25, 100), 'filter__n': 25}",7,0.8767772511848341,0.8422301304863582,0.8578199052132701,0.8469750889679716,0.7962085308056872,0.8481613285883749,0.7582938388625592,0.8837485172004745,0.8571428571428571,0.8507109004739336,0.06099702210792248,0.007597986820520723,0.0446886556122263,0.014947206484077772
133,0.4131260871887207,0.11563029289245605,0.7675521821631879,0.8021737419394736,0.001,"(100, 25, 100)",30,"{'NN__alpha': 0.001, 'NN__hidden_layer_sizes': (100, 25, 100), 'filter__n': 30}",52,0.8909952606635071,0.8327402135231317,0.6492890995260664,0.66429418742586,0.7630331753554502,0.8220640569395018,0.7156398104265402,0.8540925266903915,0.819047619047619,0.8376777251184834,0.08642574553437697,0.007659216072711507,0.0832005838122272,0.06970910758334957
134,0.3935807704925537,0.1156388282775879,0.7628083491461101,0.8187892485087677,0.001,"(100, 25, 100)",35,"{'NN__alpha': 0.001, 'NN__hidden_layer_sizes': (100, 25, 100), 'filter__n': 35}",72,0.8720379146919431,0.8659549228944247,0.7156398104265402,0.7247924080664294,0.7582938388625592,0.830367734282325,0.7156398104265402,0.8695136417556346,0.7523809523809524,0.8033175355450237,0.046526606418740284,0.00766035269406025,0.05748930296390196,0.05292713133828428
135,0.3875441551208496,0.12189717292785644,0.7049335863377609,0.7153795123486982,0.0001,"(50, 50)",2,"{'NN__alpha': 0.0001, 'NN__hidden_layer_sizes': (50, 50), 'filter__n': 2}",148,0.7677725118483413,0.730723606168446,0.7630331753554502,0.730723606168446,0.6445497630331753,0.7319098457888493,0.6777251184834123,0.708185053380783,0.6714285714285714,0.6753554502369669,0.05358907057162907,0.006241784526322858,0.05067590392752479,0.021898950393595434
136,0.32852883338928224,0.11878042221069336,0.7381404174573055,0.7530830986153042,0.0001,"(50, 50)",5,"{'NN__alpha': 0.0001, 'NN__hidden_layer_sizes': (50, 50), 'filter__n': 5}",108,0.7298578199052133,0.7046263345195729,0.7725118483412322,0.7568208778173191,0.6966824644549763,0.7829181494661922,0.7535545023696683,0.7663107947805456,0.7380952380952381,0.754739336492891,0.020067999344103356,0.007649821041358877,0.02533533768358831,0.026191121812608707
137,0.39066390991210936,0.11564345359802246,0.7618595825426945,0.7715819714065653,0.0001,"(50, 50)",7,"{'NN__alpha': 0.0001, 'NN__hidden_layer_sizes': (50, 50), 'filter__n': 7}",77,0.8104265402843602,0.7627520759193357,0.7819905213270142,0.7568208778173191,0.6919431279620853,0.7876631079478055,0.7582938388625592,0.7686832740213523,0.7666666666666667,0.7819905213270142,0.08950045296375914,0.007648362191697691,0.039230911064215564,0.011586200832899542
138,0.3742462158203125,0.11917304992675781,0.7466793168880456,0.7386213759255199,0.0001,"(50, 50)",10,"{'NN__alpha': 0.0001, 'NN__hidden_layer_sizes': (50, 50), 'filter__n': 10}",94,0.8246445497630331,0.7354685646500593,0.7630331753554502,0.7366548042704626,0.6872037914691943,0.7591933570581257,0.7488151658767772,0.7508896797153025,0.7095238095238096,0.7109004739336493,0.06974005481664569,0.012502215152191902,0.04748178608862615,0.016467991473490182
139,0.3631140232086182,0.10939693450927734,0.7666034155597723,0.7896091593440264,0.0001,"(50, 50)",15,"{'NN__alpha': 0.0001, 'NN__hidden_layer_sizes': (50, 50), 'filter__n': 15}",55,0.8483412322274881,0.7758007117437722,0.7914691943127962,0.7698695136417556,0.6777251184834123,0.7900355871886121,0.7535545023696683,0.8149466192170819,0.7619047619047619,0.79739336492891,0.059109211214704575,1.5440985592564134e-05,0.05550779875227449,0.016019297161194136
140,0.37816710472106935,0.11875572204589843,0.7903225806451613,0.8157064309928994,0.0001,"(50, 50)",20,"{'NN__alpha': 0.0001, 'NN__hidden_layer_sizes': (50, 50), 'filter__n': 20}",26,0.8815165876777251,0.8196915776986952,0.8815165876777251,0.8291814946619217,0.7014218009478673,0.8018979833926453,0.7156398104265402,0.830367734282325,0.7714285714285715,0.79739336492891,0.05624550401358921,0.007663033180120838,0.07809962635279875,0.013700030387473206
141,0.3358312606811523,0.11573567390441894,0.7590132827324478,0.7877117381502533,0.0001,"(50, 50)",25,"{'NN__alpha': 0.0001, 'NN__hidden_layer_sizes': (50, 50), 'filter__n': 25}",79,0.7251184834123223,0.7200474495848161,0.8720379146919431,0.8244365361803084,0.7345971563981043,0.8185053380782918,0.6872037914691943,0.7805456702253856,0.7761904761904762,0.7950236966824644,0.02610474439886023,0.007577236159041163,0.06322780943081076,0.03736369842781568
142,0.37118072509765626,0.12187995910644531,0.7647058823529411,0.8014622792666678,0.0001,"(50, 50)",30,"{'NN__alpha': 0.0001, 'NN__hidden_layer_sizes': (50, 50), 'filter__n': 30}",63,0.8056872037914692,0.7603795966785291,0.7251184834123223,0.734282325029656,0.7298578199052133,0.8102016607354685,0.7393364928909952,0.8659549228944247,0.8238095238095238,0.8364928909952607,0.050750861264651,0.006246540077894989,0.041447438257992485,0.048298560410344034
143,0.3779582500457764,0.11586623191833496,0.8339658444022771,0.8434593783204869,0.0001,"(50, 50)",35,"{'NN__alpha': 0.0001, 'NN__hidden_layer_sizes': (50, 50), 'filter__n': 35}",2,0.8909952606635071,0.8362989323843416,0.8672985781990521,0.830367734282325,0.8483412322274881,0.8683274021352313,0.7630331753554502,0.863582443653618,0.8,0.8187203791469194,0.02312332203865142,0.007934132744170201,0.046389504580355664,0.01927712414541303
144,0.3357541084289551,0.11572513580322266,0.6916508538899431,0.6700693753408331,0.0001,"(50,)",2,"{'NN__alpha': 0.0001, 'NN__hidden_layer_sizes': (50,), 'filter__n': 2}",165,0.7725118483412322,0.7117437722419929,0.6729857819905213,0.6536180308422301,0.6635071090047393,0.6631079478054567,0.6824644549763034,0.66429418742586,0.6666666666666666,0.6575829383886256,0.026016110351669827,0.007574661817614189,0.040969627606731424,0.02119022165732164
145,0.34226126670837403,0.12189159393310547,0.7371916508538899,0.7445424544478364,0.0001,"(50,)",5,"{'NN__alpha': 0.0001, 'NN__hidden_layer_sizes': (50,), 'filter__n': 5}",113,0.7393364928909952,0.6927639383155397,0.8104265402843602,0.7603795966785291,0.6824644549763034,0.7686832740213523,0.7109004739336493,0.7473309608540926,0.7428571428571429,0.7535545023696683,0.04546581806591529,0.006239819569260611,0.04264928528799267,0.026846235312616436
146,0.3939676284790039,0.11875252723693848,0.7229601518026565,0.744308298617553,0.0001,"(50,)",7,"{'NN__alpha': 0.0001, 'NN__hidden_layer_sizes': (50,), 'filter__n': 7}",129,0.7962085308056872,0.708185053380783,0.7345971563981043,0.7520759193357058,0.6635071090047393,0.7627520759193357,0.6777251184834123,0.7580071174377224,0.7428571428571429,0.740521327014218,0.08345482449398627,0.00766071771135267,0.04793019743670692,0.019531495028322608
147,0.38753762245178225,0.11564226150512695,0.7438330170777988,0.7528461317906596,0.0001,"(50,)",10,"{'NN__alpha': 0.0001, 'NN__hidden_layer_sizes': (50,), 'filter__n': 10}",97,0.8104265402843602,0.7212336892052195,0.7630331753554502,0.7153024911032029,0.6824644549763034,0.7829181494661922,0.7298578199052133,0.7912218268090154,0.7333333333333333,0.7535545023696683,0.07356585747732057,0.007650399736164931,0.042149473641514945,0.0309399207703679
148,0.3505075454711914,0.1187675952911377,0.7485768500948766,0.7756210892040951,0.0001,"(50,)",15,"{'NN__alpha': 0.0001, 'NN__hidden_layer_sizes': (50,), 'filter__n': 15}",90,0.8388625592417062,0.7580071174377224,0.7819905213270142,0.741399762752076,0.6729857819905213,0.8018979833926453,0.7109004739336493,0.8196915776986952,0.7380952380952381,0.7571090047393365,0.02732600975724909,0.007685377647008708,0.05749175600785041,0.029855423564577117
149,0.3594170570373535,0.11282215118408204,0.7703984819734345,0.7929334412755169,0.0001,"(50,)",20,"{'NN__alpha': 0.0001, 'NN__hidden_layer_sizes': (50,), 'filter__n': 20}",49,0.8199052132701422,0.7710557532621589,0.8199052132701422,0.7793594306049823,0.7061611374407583,0.7829181494661922,0.7061611374407583,0.8457888493475683,0.8,0.7855450236966824,0.04074828842214614,0.006864622498383573,0.05299077455767486,0.026875550023401733
150,0.3375377655029297,0.14689931869506836,0.786527514231499,0.791500677449641,0.0001,"(50,)",25,"{'NN__alpha': 0.0001, 'NN__hidden_layer_sizes': (50,), 'filter__n': 25}",30,0.8293838862559242,0.7698695136417556,0.8672985781990521,0.8256227758007118,0.6682464454976303,0.7200474495848161,0.7393364928909952,0.8173190984578885,0.8285714285714286,0.8246445497630331,0.02898226368013419,0.0597863540154836,0.0726117596035464,0.04123807888627175
151,0.35488476753234866,0.12188572883605957,0.7808349146110057,0.8135678264829401,0.0001,"(50,)",30,"{'NN__alpha': 0.0001, 'NN__hidden_layer_sizes': (50,), 'filter__n': 30}",41,0.8199052132701422,0.8102016607354685,0.8625592417061612,0.8315539739027283,0.7488151658767772,0.8137603795966786,0.6919431279620853,0.800711743772242,0.780952380952381,0.8116113744075829,0.03028541715818151,0.00625038906426677,0.05856387330702299,0.010039683410694755
152,0.43305344581604005,0.11473417282104492,0.818785578747628,0.8327798485436239,0.0001,"(50,)",35,"{'NN__alpha': 0.0001, 'NN__hidden_layer_sizes': (50,), 'filter__n': 35}",9,0.8909952606635071,0.8256227758007118,0.8720379146919431,0.833926453143535,0.7440758293838863,0.797153024911032,0.7488151658767772,0.8742586002372479,0.8380952380952381,0.8329383886255924,0.0765837369441352,0.008562942825974085,0.06150850495345958,0.024667066836259983
153,0.34885072708129883,0.125022029876709,0.7020872865275142,0.7065870030864718,0.0001,"(25,)",2,"{'NN__alpha': 0.0001, 'NN__hidden_layer_sizes': (25,), 'filter__n': 2}",156,0.7251184834123223,0.6903914590747331,0.7251184834123223,0.6892052194543298,0.6208530805687204,0.7093712930011863,0.6966824644549763,0.708185053380783,0.7428571428571429,0.735781990521327,0.060079016516260554,1.4736968475109036e-05,0.04324869620950298,0.016894232000682637
154,0.33447890281677245,0.11605391502380372,0.7030360531309298,0.7189396367070888,0.0001,"(25,)",5,"{'NN__alpha': 0.0001, 'NN__hidden_layer_sizes': (25,), 'filter__n': 5}",152,0.7725118483412322,0.7129300118623962,0.7014218009478673,0.7188612099644128,0.6492890995260664,0.7556346381969158,0.7203791469194313,0.7378410438908659,0.6714285714285714,0.669431279620853,0.02127634204146477,0.007066785430857073,0.04247789902120453,0.028951633773490196
155,0.41922845840454104,0.12272086143493652,0.7305502846299811,0.7421691319087212,0.0001,"(25,)",7,"{'NN__alpha': 0.0001, 'NN__hidden_layer_sizes': (25,), 'filter__n': 7}",123,0.7251184834123223,0.7200474495848161,0.7962085308056872,0.7686832740213523,0.6682464454976303,0.734282325029656,0.6919431279620853,0.730723606168446,0.7714285714285715,0.7571090047393365,0.05784781443833398,0.004564528793039214,0.04772148046463459,0.01793750341169306
156,0.35315756797790526,0.11592416763305664,0.698292220113852,0.6916499412502178,0.0001,"(25,)",10,"{'NN__alpha': 0.0001, 'NN__hidden_layer_sizes': (25,), 'filter__n': 10}",160,0.8009478672985783,0.7058125741399762,0.7772511848341233,0.7117437722419929,0.5876777251184834,0.6880189798339265,0.6587677725118484,0.6571767497034401,0.6666666666666666,0.6954976303317536,0.05729208489273118,0.0074400859030963285,0.07949318535370453,0.019082619012031246
157,0.3437819480895996,0.11896328926086426,0.7296015180265655,0.7542687760368352,0.0001,"(25,)",15,"{'NN__alpha': 0.0001, 'NN__hidden_layer_sizes': (25,), 'filter__n': 15}",125,0.8151658767772512,0.7497034400948992,0.7819905213270142,0.734282325029656,0.6066350710900474,0.7603795966785291,0.6872037914691943,0.7698695136417556,0.7571428571428571,0.7571090047393365,0.04418889742473735,0.007828711387895829,0.07451903091295606,0.01190875776846729
158,0.3690778732299805,0.11876673698425293,0.681214421252372,0.7319683144715612,0.0001,"(25,)",20,"{'NN__alpha': 0.0001, 'NN__hidden_layer_sizes': (25,), 'filter__n': 20}",174,0.8009478672985783,0.7283511269276394,0.5355450236966824,0.5800711743772242,0.6966824644549763,0.7912218268090154,0.6208530805687204,0.8066429418742586,0.7523809523809524,0.7535545023696683,0.06341076050997872,0.007659761447951751,0.09436238183641171,0.08079488526459512
159,0.36606721878051757,0.12509474754333497,0.7836812144212524,0.7886652274375537,0.0001,"(25,)",25,"{'NN__alpha': 0.0001, 'NN__hidden_layer_sizes': (25,), 'filter__n': 25}",38,0.8720379146919431,0.8149466192170819,0.8530805687203792,0.8018979833926453,0.6824644549763034,0.7330960854092526,0.6966824644549763,0.8173190984578885,0.8142857142857143,0.7760663507109005,0.0770903280553383,0.00015038703145495996,0.07924487362344333,0.03141185428789885
160,0.38752260208129885,0.11876125335693359,0.7533206831119544,0.7566376009849723,0.0001,"(25,)",30,"{'NN__alpha': 0.0001, 'NN__hidden_layer_sizes': (25,), 'filter__n': 30}",84,0.8151658767772512,0.7485172004744959,0.8436018957345972,0.7544483985765125,0.7251184834123223,0.7722419928825622,0.6161137440758294,0.7354685646500593,0.7666666666666667,0.7725118483412322,0.09237959643078487,0.007655278458401277,0.07975468722034407,0.014243246726824015
161,0.3501731872558594,0.12201447486877441,0.8149905123339658,0.8315958577187095,0.0001,"(25,)",35,"{'NN__alpha': 0.0001, 'NN__hidden_layer_sizes': (25,), 'filter__n': 35}",13,0.8815165876777251,0.8256227758007118,0.8720379146919431,0.8362989323843416,0.8009478672985783,0.8244365361803084,0.7109004739336493,0.8481613285883749,0.8095238095238095,0.8234597156398105,0.02552402045190935,0.006347058064488139,0.061252888241180914,0.009483292011338679
162,0.38442306518554686,0.11685199737548828,0.635673624288425,0.6302021667144536,0.0001,"(25, 25)",2,"{'NN__alpha': 0.0001, 'NN__hidden_layer_sizes': (25, 25), 'filter__n': 2}",177,0.7298578199052133,0.693950177935943,0.7677725118483413,0.727164887307236,0.6208530805687204,0.708185053380783,0.35071090047393366,0.3238434163701068,0.7095238095238096,0.6978672985781991,0.05468154604736154,0.012121648813366062,0.150518807792418,0.15361065243982958
163,0.36145858764648436,0.11251497268676758,0.7400379506641366,0.7447825133662782,0.0001,"(25, 25)",5,"{'NN__alpha': 0.0001, 'NN__hidden_layer_sizes': (25, 25), 'filter__n': 5}",101,0.8009478672985783,0.7402135231316725,0.7535545023696683,0.7378410438908659,0.6966824644549763,0.7781731909845789,0.7251184834123223,0.7259786476868327,0.7238095238095238,0.7417061611374408,0.07458161063299319,0.006260395425954414,0.03539224215513065,0.017590033141400226
164,0.3301054000854492,0.14486908912658691,0.7077798861480076,0.7359992803854435,0.0001,"(25, 25)",7,"{'NN__alpha': 0.0001, 'NN__hidden_layer_sizes': (25, 25), 'filter__n': 7}",141,0.7440758293838863,0.7390272835112692,0.6777251184834123,0.6927639383155397,0.6540284360189573,0.7366548042704626,0.7345971563981043,0.7485172004744959,0.7285714285714285,0.7630331753554502,0.00955982109903868,0.04493562425457509,0.03539843790085881,0.02352200297168882
165,0.3923341274261475,0.12296652793884277,0.7172675521821632,0.7414630101252017,0.0001,"(25, 25)",10,"{'NN__alpha': 0.0001, 'NN__hidden_layer_sizes': (25, 25), 'filter__n': 10}",137,0.7725118483412322,0.7402135231316725,0.7298578199052133,0.7366548042704626,0.6208530805687204,0.7105575326215896,0.7582938388625592,0.7864768683274022,0.7047619047619048,0.7334123222748815,0.072101645294784,0.00350076774821807,0.05358845719355312,0.024782613284824995
166,0.39139676094055176,0.1128037452697754,0.7371916508538899,0.7682475698953748,0.0001,"(25, 25)",15,"{'NN__alpha': 0.0001, 'NN__hidden_layer_sizes': (25, 25), 'filter__n': 15}",113,0.7867298578199052,0.7461447212336892,0.6824644549763034,0.6832740213523132,0.6729857819905213,0.7473309608540926,0.7440758293838863,0.8279952550415184,0.8,0.8364928909952607,0.04735515670412255,0.006130555790252448,0.05207288951764552,0.05722543863894188
167,0.32190918922424316,0.12187819480895996,0.7229601518026565,0.7523929994996431,0.0001,"(25, 25)",20,"{'NN__alpha': 0.0001, 'NN__hidden_layer_sizes': (25, 25), 'filter__n': 20}",129,0.8815165876777251,0.8161328588374852,0.6635071090047393,0.6619217081850534,0.7251184834123223,0.8018979833926453,0.6824644549763034,0.8185053380782918,0.6619047619047619,0.6635071090047393,0.01593522528707959,0.006247800289184864,0.08253695784538555,0.073444006552194
168,0.37532525062561034,0.11563596725463868,0.7789373814041746,0.7865395535016557,0.0001,"(25, 25)",25,"{'NN__alpha': 0.0001, 'NN__hidden_layer_sizes': (25, 25), 'filter__n': 25}",46,0.8909952606635071,0.8386714116251482,0.8104265402843602,0.7663107947805456,0.7488151658767772,0.8042704626334519,0.6919431279620853,0.7876631079478055,0.7523809523809524,0.735781990521327,0.07305118584481443,0.007654168787574239,0.06744975378950636,0.03469556462644859
169,0.3469126224517822,0.11595864295959472,0.786527514231499,0.804547907776897,0.0001,"(25, 25)",30,"{'NN__alpha': 0.0001, 'NN__hidden_layer_sizes': (25, 25), 'filter__n': 30}",30,0.8720379146919431,0.8113879003558719,0.8341232227488151,0.7627520759193357,0.7109004739336493,0.7888493475682088,0.7156398104265402,0.8291814946619217,0.8,0.830568720379147,0.02500271799749219,0.008053597000710351,0.06406558452953708,0.025783786157487616
170,0.37816667556762695,0.11563606262207031,0.8111954459203036,0.8159318727406631,0.0001,"(25, 25)",35,"{'NN__alpha': 0.0001, 'NN__hidden_layer_sizes': (25, 25), 'filter__n': 35}",17,0.8578199052132701,0.7829181494661922,0.8530805687203792,0.7995255041518387,0.8151658767772512,0.8362989323843416,0.6919431279620853,0.8137603795966786,0.8380952380952381,0.8471563981042654,0.046775547327589734,0.007654966954033536,0.06148686122070559,0.023467331931438126
171,0.36014609336853026,0.12269635200500488,0.7077798861480076,0.7006518695923496,0.0001,"(100, 25, 100)",2,"{'NN__alpha': 0.0001, 'NN__hidden_layer_sizes': (100, 25, 100), 'filter__n': 2}",141,0.7630331753554502,0.734282325029656,0.7014218009478673,0.6903914590747331,0.6635071090047393,0.6631079478054567,0.6635071090047393,0.6631079478054567,0.7476190476190476,0.7523696682464455,0.03513848490716519,0.010189996255901864,0.041476013319143745,0.03668816261634515
172,0.35628838539123536,0.11563625335693359,0.7637571157495257,0.7587728323016983,0.0001,"(100, 25, 100)",5,"{'NN__alpha': 0.0001, 'NN__hidden_layer_sizes': (100, 25, 100), 'filter__n': 5}",68,0.8341232227488151,0.7580071174377224,0.7630331753554502,0.7034400948991696,0.6966824644549763,0.7864768683274022,0.7630331753554502,0.7734282325029656,0.7619047619047619,0.7725118483412322,0.03336979961954754,0.007655395222046559,0.04350593396157389,0.02909760497572776
173,0.36908798217773436,0.11250472068786621,0.7400379506641366,0.7424128451198326,0.0001,"(100, 25, 100)",7,"{'NN__alpha': 0.0001, 'NN__hidden_layer_sizes': (100, 25, 100), 'filter__n': 7}",101,0.7582938388625592,0.7176749703440095,0.7819905213270142,0.7473309608540926,0.6682464454976303,0.7580071174377224,0.7630331753554502,0.7591933570581257,0.7285714285714285,0.7298578199052133,0.029531551503479168,0.006253850714088381,0.03978556537612727,0.01623912484695718
174,0.3438263416290283,0.11868824958801269,0.6850094876660342,0.680269630579121,0.0001,"(100, 25, 100)",10,"{'NN__alpha': 0.0001, 'NN__hidden_layer_sizes': (100, 25, 100), 'filter__n': 10}",169,0.6635071090047393,0.6631079478054567,0.7725118483412322,0.7485172004744959,0.6635071090047393,0.6631079478054567,0.6635071090047393,0.6631079478054567,0.6619047619047619,0.6635071090047393,0.02245700011899017,0.007596364701161147,0.043781509352605,0.03412413513344288
175,0.41263370513916015,0.11856327056884766,0.7988614800759013,0.8420283010912281,0.0001,"(100, 25, 100)",15,"{'NN__alpha': 0.0001, 'NN__hidden_layer_sizes': (100, 25, 100), 'filter__n': 15}",24,0.8815165876777251,0.8113879003558719,0.8578199052132701,0.8695136417556346,0.7251184834123223,0.8149466192170819,0.7156398104265402,0.863582443653618,0.8142857142857143,0.8507109004739336,0.026111030991805735,0.007902973703886502,0.06772053303815193,0.024362529406588878
176,0.3783456802368164,0.11251029968261719,0.7666034155597723,0.7995735721554142,0.0001,"(100, 25, 100)",20,"{'NN__alpha': 0.0001, 'NN__hidden_layer_sizes': (100, 25, 100), 'filter__n': 20}",55,0.8104265402843602,0.7580071174377224,0.8056872037914692,0.7686832740213523,0.7156398104265402,0.7959667852906287,0.7156398104265402,0.8778173190984578,0.7857142857142857,0.79739336492891,0.03248332530080198,0.006250929862240017,0.042460866597070795,0.042004349363690165
177,0.4231278419494629,0.1171647071838379,0.8301707779886148,0.8543651931434226,0.0001,"(100, 25, 100)",25,"{'NN__alpha': 0.0001, 'NN__hidden_layer_sizes': (100, 25, 100), 'filter__n': 25}",5,0.8767772511848341,0.8422301304863582,0.8578199052132701,0.8469750889679716,0.8009478672985783,0.8481613285883749,0.7582938388625592,0.8837485172004745,0.8571428571428571,0.8507109004739336,0.03675706709380131,0.006989057305397394,0.04402304090898893,0.014947206484077772
178,0.3729489803314209,0.11870431900024414,0.7675521821631879,0.8021737419394736,0.0001,"(100, 25, 100)",30,"{'NN__alpha': 0.0001, 'NN__hidden_layer_sizes': (100, 25, 100), 'filter__n': 30}",52,0.8909952606635071,0.8327402135231317,0.6492890995260664,0.66429418742586,0.7630331753554502,0.8220640569395018,0.7156398104265402,0.8540925266903915,0.819047619047619,0.8376777251184834,0.01396519839215637,0.007723255881909962,0.0832005838122272,0.06970910758334957
179,0.3840843677520752,0.12484984397888184,0.7628083491461101,0.8187892485087677,0.0001,"(100, 25, 100)",35,"{'NN__alpha': 0.0001, 'NN__hidden_layer_sizes': (100, 25, 100), 'filter__n': 35}",72,0.8720379146919431,0.8659549228944247,0.7156398104265402,0.7247924080664294,0.7582938388625592,0.830367734282325,0.7156398104265402,0.8695136417556346,0.7523809523809524,0.8033175355450237,0.06112797653419486,0.0003246316828529044,0.05748930296390196,0.05292713133828428
