,mean_fit_time,mean_score_time,mean_test_score,mean_train_score,param_NN__alpha,param_NN__hidden_layer_sizes,param_km__n_clusters,params,rank_test_score,split0_test_score,split0_train_score,split1_test_score,split1_train_score,split2_test_score,split2_train_score,split3_test_score,split3_train_score,split4_test_score,split4_train_score,std_fit_time,std_score_time,std_test_score,std_train_score
0,0.1563333511352539,0.0015045642852783204,0.16972732331663884,0.18742479475191356,0.1,"(50, 50)",2,"{'NN__alpha': 0.1, 'NN__hidden_layer_sizes': (50, 50), 'km__n_clusters': 2}",115,0.19505494505494506,0.16468946266573622,0.20441988950276244,0.2662020905923345,0.1977715877437326,0.1870653685674548,0.10084033613445378,0.11944444444444445,0.14929577464788732,0.19972260748959778,0.026028243607743817,0.0007092483424841442,0.0394300674060417,0.047948829137398986
1,0.29065499305725095,0.0011029243469238281,0.41569282136894825,0.43280523362612006,0.1,"(50, 50)",5,"{'NN__alpha': 0.1, 'NN__hidden_layer_sizes': (50, 50), 'km__n_clusters': 5}",54,0.6428571428571429,0.6650383810188416,0.08839779005524862,0.10801393728222997,0.5933147632311978,0.672461752433936,0.5826330532212886,0.5472222222222223,0.16901408450704225,0.17128987517337033,0.11005897130066526,0.00020051005337382694,0.23641654176955645,0.24426968617568004
2,0.38152551651000977,0.0011045455932617188,0.7050639955481358,0.7451348849811101,0.1,"(50, 50)",10,"{'NN__alpha': 0.1, 'NN__hidden_layer_sizes': (50, 50), 'km__n_clusters': 10}",10,0.7664835164835165,0.7662247034193999,0.643646408839779,0.7212543554006968,0.6740947075208914,0.739221140472879,0.7647058823529411,0.7604166666666666,0.676056338028169,0.7385575589459085,0.056923695274718605,0.0004935911477120388,0.05087754253135046,0.016290037312222495
3,0.3626209259033203,0.000899648666381836,0.43795214245965497,0.4693450080214746,0.1,"(50, 50)",15,"{'NN__alpha': 0.1, 'NN__hidden_layer_sizes': (50, 50), 'km__n_clusters': 15}",51,0.5137362637362637,0.5540823447313329,0.7458563535911602,0.8236933797909408,0.6908077994428969,0.7343532684283728,0.15406162464985995,0.14375,0.07605633802816901,0.09084604715672677,0.06456444391920732,0.00020520739041725078,0.27371270557980926,0.30074777988089624
4,0.4058922290802002,0.0008024215698242187,0.36282693377851977,0.399044398960091,0.1,"(50, 50)",20,"{'NN__alpha': 0.1, 'NN__hidden_layer_sizes': (50, 50), 'km__n_clusters': 20}",64,0.11263736263736264,0.12142358688066993,0.22375690607734808,0.2494773519163763,0.7158774373259053,0.7732962447844228,0.10644257703081232,0.08888888888888889,0.6619718309859155,0.7621359223300971,0.1458870650809341,0.0002458855828666719,0.2687260284642907,0.3057907636717017
5,0.4458667278289795,0.0008076667785644531,0.41958820255982193,0.4398833157689633,0.1,"(50, 50)",25,"{'NN__alpha': 0.1, 'NN__hidden_layer_sizes': (50, 50), 'km__n_clusters': 25}",52,0.15934065934065933,0.12002791346824843,0.7292817679558011,0.8125435540069686,0.7771587743732591,0.8171070931849791,0.22969187675070027,0.2611111111111111,0.2,0.18862690707350901,0.09481966454112853,0.0002506546852079353,0.2743583318687829,0.3093768555859772
6,0.4578733444213867,0.0010024070739746093,0.3973288814691152,0.4171793660240074,0.1,"(50, 50)",30,"{'NN__alpha': 0.1, 'NN__hidden_layer_sizes': (50, 50), 'km__n_clusters': 30}",55,0.23901098901098902,0.25331472435450103,0.10220994475138122,0.10313588850174216,0.7381615598885793,0.8101529902642559,0.8067226890756303,0.8104166666666667,0.10422535211267606,0.108876560332871,0.11112429881136647,0.00031741279250692585,0.3099968482106216,0.3254502697881878
7,0.5704432487487793,0.0010025501251220703,0.4730105731775181,0.5156029382236912,0.1,"(50, 50)",35,"{'NN__alpha': 0.1, 'NN__hidden_layer_sizes': (50, 50), 'km__n_clusters': 35}",43,0.07142857142857142,0.07117934403349616,0.6353591160220995,0.7491289198606271,0.7325905292479109,0.780250347705146,0.7310924369747899,0.7458333333333333,0.19718309859154928,0.231622746185853,0.1566556427257504,0.0003170342850008318,0.28231100166537026,0.3019058630831339
8,0.6578611373901367,0.001201963424682617,0.5481357818586533,0.5857072182782693,0.1,"(50, 50)",40,"{'NN__alpha': 0.1, 'NN__hidden_layer_sizes': (50, 50), 'km__n_clusters': 40}",34,0.7225274725274725,0.7732030704815074,0.6850828729281768,0.7846689895470383,0.754874651810585,0.805980528511822,0.16526610644257703,0.13680555555555557,0.4056338028169014,0.427877947295423,0.13683749181549476,0.00024462487951265306,0.22718001113768735,0.264455513761867
9,0.1377664566040039,0.0009027004241943359,0.13077351140790205,0.13439384866272527,0.1,"(50,)",2,"{'NN__alpha': 0.1, 'NN__hidden_layer_sizes': (50,), 'km__n_clusters': 2}",160,0.10164835164835165,0.10188415910676901,0.1685082872928177,0.18466898954703834,0.10306406685236769,0.10152990264255911,0.1792717086834734,0.18194444444444444,0.10140845070422536,0.10194174757281553,0.018431980088074697,0.00020077287294251807,0.0353508797920704,0.03994673122628369
10,0.21402239799499512,0.0011428356170654296,0.1424596549805231,0.13467459103215554,0.1,"(50,)",5,"{'NN__alpha': 0.1, 'NN__hidden_layer_sizes': (50,), 'km__n_clusters': 5}",144,0.14560439560439561,0.11653872993719469,0.11878453038674033,0.12195121951219512,0.2479108635097493,0.2329624478442281,0.09523809523809523,0.08472222222222223,0.10422535211267606,0.11719833564493759,0.04436751298917429,0.0004943869318075761,0.05539154009525283,0.05089588409544331
11,0.2805033206939697,0.0008023262023925781,0.27378964941569284,0.29854525552009314,0.1,"(50,)",10,"{'NN__alpha': 0.1, 'NN__hidden_layer_sizes': (50,), 'km__n_clusters': 10}",82,0.1510989010989011,0.15771109560362875,0.5220994475138122,0.6048780487804878,0.362116991643454,0.39429763560500697,0.1484593837535014,0.14027777777777778,0.18309859154929578,0.1955617198335645,0.10859439811627057,0.0002456128168381449,0.14755980712419553,0.17804311963759262
12,0.29974679946899413,0.004323768615722656,0.16583194212576516,0.17042226010665176,0.1,"(50,)",15,"{'NN__alpha': 0.1, 'NN__hidden_layer_sizes': (50,), 'km__n_clusters': 15}",122,0.17032967032967034,0.19260293091416608,0.17679558011049723,0.16933797909407666,0.12256267409470752,0.12656467315716272,0.17647058823529413,0.1597222222222222,0.18309859154929578,0.20388349514563106,0.04403087568129525,0.006394801640870953,0.021993714685301775,0.027021438958277497
13,0.36847357749938964,0.0007018089294433594,0.2036727879799666,0.2163882729764984,0.1,"(50,)",20,"{'NN__alpha': 0.1, 'NN__hidden_layer_sizes': (50,), 'km__n_clusters': 20}",105,0.2087912087912088,0.23866015352407538,0.09668508287292818,0.09825783972125436,0.20055710306406685,0.2663421418636996,0.15126050420168066,0.12916666666666668,0.36338028169014086,0.34951456310679613,0.07517780564728907,0.00040094862017142976,0.08886880889244111,0.09195264288982712
14,0.35464229583740237,0.0009020805358886719,0.16638842515303284,0.17818851829602453,0.1,"(50,)",25,"{'NN__alpha': 0.1, 'NN__hidden_layer_sizes': (50,), 'km__n_clusters': 25}",118,0.1510989010989011,0.1779483600837404,0.12154696132596685,0.13519163763066203,0.15041782729805014,0.19123783031988872,0.22408963585434175,0.21319444444444444,0.18591549295774648,0.17337031900138697,0.04528877468336287,0.00020022491637435556,0.03521555228594172,0.025564443577617692
15,0.4622532844543457,0.0010030269622802734,0.1986644407345576,0.20134890740106073,0.1,"(50,)",30,"{'NN__alpha': 0.1, 'NN__hidden_layer_sizes': (50,), 'km__n_clusters': 30}",107,0.3434065934065934,0.34473133286810886,0.2569060773480663,0.25853658536585367,0.07799442896935933,0.1411682892906815,0.12885154061624648,0.12430555555555556,0.18309859154929578,0.13800277392510402,0.08108905229049314,3.693564745147149e-07,0.0940858467240668,0.08648591553531686
16,0.5035802364349365,0.0009018898010253907,0.2626599888703395,0.2726551353729587,0.1,"(50,)",35,"{'NN__alpha': 0.1, 'NN__hidden_layer_sizes': (50,), 'km__n_clusters': 35}",83,0.10164835164835165,0.10118632240055828,0.21823204419889503,0.23205574912891985,0.7409470752089137,0.7726008344923505,0.1092436974789916,0.10902777777777778,0.14366197183098592,0.14840499306518723,0.09505695115302407,0.00020084477331106678,0.24253460420828946,0.2542469571383763
17,0.505481481552124,0.0009025096893310547,0.21368948247078465,0.23011254781545848,0.1,"(50,)",40,"{'NN__alpha': 0.1, 'NN__hidden_layer_sizes': (50,), 'km__n_clusters': 40}",101,0.12087912087912088,0.12351709699930216,0.12430939226519337,0.14982578397212543,0.15598885793871867,0.18636995827538247,0.12324929971988796,0.10277777777777777,0.5492957746478874,0.5880721220527045,0.09136132908293398,0.00020031937529033837,0.16701721175022904,0.18114699510147322
18,0.1622023582458496,0.0016042709350585938,0.12075681691708402,0.11689994285703018,0.1,"(25,)",2,"{'NN__alpha': 0.1, 'NN__hidden_layer_sizes': (25,), 'km__n_clusters': 2}",165,0.10164835164835165,0.10048848569434753,0.17679558011049723,0.1951219512195122,0.10027855153203342,0.10083449235048679,0.12324929971988796,0.0875,0.10140845070422536,0.10055478502080444,0.02918923929946149,0.0014668195485908599,0.0294200872405394,0.039440177593739974
19,0.2419994831085205,0.0009016036987304687,0.27991096271563715,0.28388721034082126,0.1,"(25,)",5,"{'NN__alpha': 0.1, 'NN__hidden_layer_sizes': (25,), 'km__n_clusters': 5}",80,0.0521978021978022,0.10327983251919051,0.4613259668508287,0.4564459930313589,0.1392757660167131,0.13630041724617525,0.5938375350140056,0.5784722222222223,0.15492957746478872,0.1449375866851595,0.055442553862524016,0.00020011246125461532,0.2091619509553831,0.1950716519858396
20,0.2614017963409424,0.0009018421173095703,0.15191986644407346,0.14263511787080144,0.1,"(25,)",10,"{'NN__alpha': 0.1, 'NN__hidden_layer_sizes': (25,), 'km__n_clusters': 10}",127,0.09615384615384616,0.08443824145150035,0.12154696132596685,0.09059233449477352,0.181058495821727,0.16968011126564672,0.17366946778711484,0.16319444444444445,0.18873239436619718,0.20527045769764216,0.07321098540389652,0.0005836254548456396,0.03670262082202264,0.047270775535420015
21,0.31361775398254393,0.0007023811340332031,0.18363939899833054,0.1769710615179344,0.1,"(25,)",15,"{'NN__alpha': 0.1, 'NN__hidden_layer_sizes': (25,), 'km__n_clusters': 15}",113,0.14285714285714285,0.13677599441730634,0.17955801104972377,0.17073170731707318,0.08635097493036212,0.09457579972183588,0.08683473389355742,0.07847222222222222,0.4253521126760563,0.4042995839112344,0.07555644037142602,0.0002462566400229209,0.1250392625371636,0.11817261151606918
22,0.3346261024475098,0.0005015373229980469,0.11853088480801335,0.12835181815892763,0.1,"(25,)",20,"{'NN__alpha': 0.1, 'NN__hidden_layer_sizes': (25,), 'km__n_clusters': 20}",170,0.10164835164835165,0.10188415910676901,0.1132596685082873,0.13658536585365855,0.0947075208913649,0.08970792767732963,0.0896358543417367,0.09236111111111112,0.19436619718309858,0.22122052704576978,0.07102434081303052,3.2340669551493016e-07,0.03845389531483978,0.049359105824573535
23,0.3808594226837158,0.0012042522430419922,0.1352253756260434,0.13647968391137777,0.1,"(25,)",25,"{'NN__alpha': 0.1, 'NN__hidden_layer_sizes': (25,), 'km__n_clusters': 25}",155,0.10164835164835165,0.11653872993719469,0.16022099447513813,0.1818815331010453,0.13649025069637882,0.12030598052851182,0.11764705882352941,0.1076388888888889,0.16056338028169015,0.15603328710124825,0.0910819655850065,0.0006820720614074154,0.023297354933629524,0.02805242624656507
24,0.39215502738952634,0.0008020877838134765,0.1407902058987201,0.13869523329505132,0.1,"(25,)",30,"{'NN__alpha': 0.1, 'NN__hidden_layer_sizes': (25,), 'km__n_clusters': 30}",149,0.19505494505494506,0.1779483600837404,0.09944751381215469,0.08571428571428572,0.13649025069637882,0.1474269819193324,0.10084033613445378,0.10069444444444445,0.17183098591549295,0.18169209431345354,0.06657885464145451,0.00024570990780242485,0.03810373058744085,0.039285677323896484
25,0.4588788986206055,0.0010026931762695313,0.11185308848080133,0.12213904877998161,0.1,"(25,)",35,"{'NN__alpha': 0.1, 'NN__hidden_layer_sizes': (25,), 'km__n_clusters': 35}",179,0.08791208791208792,0.10118632240055828,0.09668508287292818,0.10174216027874565,0.1671309192200557,0.1905424200278164,0.10644257703081232,0.11875,0.10140845070422536,0.09847434119278779,0.10710035919548523,0.00031711003268370866,0.02828890655684171,0.03494445603569307
26,0.5033854484558106,0.001003122329711914,0.14969393433500278,0.16599826352036617,0.1,"(25,)",40,"{'NN__alpha': 0.1, 'NN__hidden_layer_sizes': (25,), 'km__n_clusters': 40}",134,0.1813186813186813,0.20376831821353802,0.15469613259668508,0.13867595818815331,0.1532033426183844,0.21001390820584145,0.09803921568627451,0.10138888888888889,0.16056338028169015,0.17614424410540916,0.07078872143469474,7.168434323488669e-07,0.027631580545022506,0.040957965256034186
27,0.18590188026428223,0.001202869415283203,0.11296605453533667,0.11034891893585279,0.1,"(25, 25)",2,"{'NN__alpha': 0.1, 'NN__hidden_layer_sizes': (25, 25), 'km__n_clusters': 2}",174,0.09615384615384616,0.09699930216329379,0.16574585635359115,0.16376306620209058,0.09749303621169916,0.09666203059805285,0.11204481792717087,0.10486111111111111,0.09295774647887324,0.08945908460471567,0.057956879688720986,0.0004009962188225805,0.02730402976312165,0.02714816944704958
28,0.28686909675598143,0.0008315086364746094,0.3127434613244296,0.3351678136491784,0.1,"(25, 25)",5,"{'NN__alpha': 0.1, 'NN__hidden_layer_sizes': (25, 25), 'km__n_clusters': 5}",69,0.5576923076923077,0.5826936496859735,0.5607734806629834,0.6188153310104529,0.10584958217270195,0.11752433936022254,0.226890756302521,0.2569444444444444,0.10422535211267606,0.09986130374479889,0.06327484273338561,0.0002139631930996368,0.20772973642748627,0.22386678387139805
29,0.36844620704650877,0.0013038158416748048,0.46521981079577074,0.5186596356520303,0.1,"(25, 25)",10,"{'NN__alpha': 0.1, 'NN__hidden_layer_sizes': (25, 25), 'km__n_clusters': 10}",46,0.6785714285714286,0.7096999302163294,0.20718232044198895,0.2529616724738676,0.6880222841225627,0.7795549374130737,0.5210084033613446,0.6298611111111111,0.22816901408450704,0.22122052704576978,0.08982916709421122,0.001125937585780172,0.21040387324670445,0.23494422816404226
30,0.3158552169799805,0.0009025096893310547,0.14746800222593212,0.14754551708777439,0.1,"(25, 25)",15,"{'NN__alpha': 0.1, 'NN__hidden_layer_sizes': (25, 25), 'km__n_clusters': 15}",137,0.09615384615384616,0.10537334263782275,0.16298342541436464,0.13310104529616726,0.1615598885793872,0.1599443671766342,0.09523809523809523,0.14166666666666666,0.22253521126760564,0.19764216366158113,0.06655556891378535,0.00037501854394929014,0.04771481660152333,0.030610787075527376
31,0.3759011268615723,0.0009020328521728516,0.2565386755703951,0.2601867149233835,0.1,"(25, 25)",20,"{'NN__alpha': 0.1, 'NN__hidden_layer_sizes': (25, 25), 'km__n_clusters': 20}",87,0.17857142857142858,0.17515701325889743,0.5607734806629834,0.5839721254355401,0.25069637883008355,0.25938803894297635,0.11204481792717087,0.12222222222222222,0.17746478873239438,0.16019417475728157,0.09329614392282798,0.00037495448290189104,0.1589555827679734,0.1679883266445364
32,0.3898626804351807,0.0013037681579589843,0.13633834168057873,0.1472136478704919,0.1,"(25, 25)",25,"{'NN__alpha': 0.1, 'NN__hidden_layer_sizes': (25, 25), 'km__n_clusters': 25}",154,0.12637362637362637,0.12909979064898813,0.13812154696132597,0.19233449477351916,0.12534818941504178,0.13908205841446453,0.1792717086834734,0.17291666666666666,0.11267605633802817,0.10263522884882108,0.06632729587371083,0.0006021976942913711,0.022840456818922508,0.03186849859493541
33,0.42978739738464355,0.0008022308349609375,0.14969393433500278,0.15307908750257637,0.1,"(25, 25)",30,"{'NN__alpha': 0.1, 'NN__hidden_layer_sizes': (25, 25), 'km__n_clusters': 30}",134,0.10714285714285714,0.09769713886950454,0.16574585635359115,0.13937282229965156,0.10584958217270195,0.16063977746870653,0.12885154061624648,0.10138888888888889,0.24225352112676057,0.26629680998613037,0.059748991221348316,0.0002457296174881042,0.050808227184468736,0.061322614572535246
34,0.485151481628418,0.0015041351318359375,0.21814134668892599,0.23993027059795163,0.1,"(25, 25)",35,"{'NN__alpha': 0.1, 'NN__hidden_layer_sizes': (25, 25), 'km__n_clusters': 35}",100,0.07692307692307693,0.12072575017445918,0.09116022099447514,0.11986062717770035,0.6323119777158774,0.655076495132128,0.18487394957983194,0.17569444444444443,0.10704225352112676,0.12829403606102635,0.1299460167033314,0.0005487713618115406,0.2102742608363494,0.20859612409086073
35,0.5144794464111329,0.0010024547576904298,0.22760155815247635,0.23366014469179439,0.1,"(25, 25)",40,"{'NN__alpha': 0.1, 'NN__hidden_layer_sizes': (25, 25), 'km__n_clusters': 40}",97,0.13736263736263737,0.1674808094905792,0.5828729281767956,0.6501742160278746,0.10863509749303621,0.09735744089012517,0.1400560224089636,0.12083333333333333,0.16619718309859155,0.13245492371705964,0.08553451032680782,1.0070186654063642e-06,0.17936151856825017,0.20948245234679697
36,0.24427504539489747,0.0013034820556640625,0.23650528658875905,0.24424143964122053,0.1,"(100, 25, 100)",2,"{'NN__alpha': 0.1, 'NN__hidden_layer_sizes': (100, 25, 100), 'km__n_clusters': 2}",96,0.18956043956043955,0.1870202372644801,0.1878453038674033,0.24250871080139372,0.2479108635097493,0.2566063977746871,0.28291316526610644,0.28680555555555554,0.27605633802816903,0.24826629680998613,0.05312403086591987,0.0008742600704541607,0.04106418190902666,0.03242857992300169
37,0.43053207397460935,0.0015044689178466796,0.6087924318308292,0.6474570537215489,0.1,"(100, 25, 100)",5,"{'NN__alpha': 0.1, 'NN__hidden_layer_sizes': (100, 25, 100), 'km__n_clusters': 5}",25,0.6126373626373627,0.6748080949057921,0.6022099447513812,0.6682926829268293,0.5459610027855153,0.5264255910987483,0.6582633053221288,0.6541666666666667,0.6253521126760564,0.7135922330097088,0.1159457467110575,0.000777095247915066,0.036616663266864205,0.0636391368392231
38,0.47513437271118164,0.002127933502197266,0.6972732331663885,0.7488847676593868,0.1,"(100, 25, 100)",10,"{'NN__alpha': 0.1, 'NN__hidden_layer_sizes': (100, 25, 100), 'km__n_clusters': 10}",13,0.7802197802197802,0.7871598046057222,0.6022099447513812,0.7003484320557491,0.6573816155988857,0.7635605006954103,0.7478991596638656,0.7090277777777778,0.6985915492957746,0.7843273231622746,0.1220637744092367,0.0012390465273987386,0.06357318690539615,0.03709686199724952
39,0.5874711990356445,0.0011026382446289063,0.7512520868113522,0.8067394051541026,0.1,"(100, 25, 100)",15,"{'NN__alpha': 0.1, 'NN__hidden_layer_sizes': (100, 25, 100), 'km__n_clusters': 15}",1,0.7582417582417582,0.7690160502442428,0.7596685082872928,0.8425087108013938,0.6991643454038997,0.7830319888734353,0.8095238095238095,0.8201388888888889,0.7295774647887324,0.819001386962552,0.09826945138322521,0.0002005353621305896,0.03651821179467073,0.026812081907524356
40,0.5314580917358398,0.001505279541015625,0.5425709515859767,0.6000156873142143,0.1,"(100, 25, 100)",20,"{'NN__alpha': 0.1, 'NN__hidden_layer_sizes': (100, 25, 100), 'km__n_clusters': 20}",35,0.489010989010989,0.537334263782275,0.7154696132596685,0.8250871080139373,0.724233983286908,0.7677329624478443,0.21568627450980393,0.2152777777777778,0.5661971830985916,0.6546463245492372,0.11143699084508098,0.00044979590896169726,0.18583419090396697,0.21620497460012508
41,0.6119431018829345,0.0015030860900878905,0.7184195882025598,0.7380187340723552,0.1,"(100, 25, 100)",25,"{'NN__alpha': 0.1, 'NN__hidden_layer_sizes': (100, 25, 100), 'km__n_clusters': 25}",6,0.7582417582417582,0.7634333565945569,0.5939226519337016,0.6264808362369338,0.8245125348189415,0.8351877607788595,0.7450980392156863,0.7590277777777777,0.6704225352112676,0.7059639389736477,0.11616697389842141,0.0003181665199920257,0.07930120228554449,0.0692781570898313
42,0.6405368328094483,0.0020061492919921874,0.5492487479131887,0.6141846487408822,0.1,"(100, 25, 100)",30,"{'NN__alpha': 0.1, 'NN__hidden_layer_sizes': (100, 25, 100), 'km__n_clusters': 30}",33,0.6648351648351648,0.7152826238660154,0.5524861878453039,0.667595818815331,0.12534818941504178,0.15855354659248957,0.7366946778711485,0.7631944444444444,0.6676056338028169,0.7662968099861304,0.1443903443760559,0.00031854394623256,0.219896187987251,0.2306578781322678
43,0.7533870697021484,0.0017052173614501953,0.7100723427935448,0.7896825193203432,0.1,"(100, 25, 100)",35,"{'NN__alpha': 0.1, 'NN__hidden_layer_sizes': (100, 25, 100), 'km__n_clusters': 35}",7,0.7335164835164835,0.7655268667131891,0.585635359116022,0.6843205574912892,0.7186629526462396,0.8261474269819193,0.7703081232492998,0.8131944444444444,0.7436619718309859,0.8592233009708737,0.15670532194434225,0.00024495150343495695,0.06472330588992785,0.06066804592158862
44,0.6976783752441407,0.0018052101135253907,0.6232609905397886,0.665526819656953,0.1,"(100, 25, 100)",40,"{'NN__alpha': 0.1, 'NN__hidden_layer_sizes': (100, 25, 100), 'km__n_clusters': 40}",22,0.7142857142857143,0.6985345429169574,0.6243093922651933,0.7630662020905923,0.8217270194986073,0.8671766342141863,0.226890756302521,0.17569444444444443,0.7267605633802817,0.8231622746185853,0.1469397244249685,0.0004025224648555046,0.2070646351259564,0.2514163006245219
45,0.17509374618530274,0.0011030197143554687,0.16917084028937118,0.1875644583380984,0.01,"(50, 50)",2,"{'NN__alpha': 0.01, 'NN__hidden_layer_sizes': (50, 50), 'km__n_clusters': 2}",116,0.19505494505494506,0.16468946266573622,0.20165745856353592,0.267595818815331,0.1977715877437326,0.18636995827538247,0.10084033613445378,0.11944444444444445,0.14929577464788732,0.19972260748959778,0.04272574258838421,0.000736740423528195,0.03895312747016801,0.048410469530689074
46,0.30864248275756834,0.0010026454925537109,0.41958820255982193,0.4361520370627421,0.01,"(50, 50)",5,"{'NN__alpha': 0.01, 'NN__hidden_layer_sizes': (50, 50), 'km__n_clusters': 5}",52,0.6593406593406593,0.6782972784368457,0.08839779005524862,0.10801393728222997,0.5988857938718662,0.674547983310153,0.5798319327731093,0.5486111111111112,0.16901408450704225,0.17128987517337033,0.14894840984904872,0.000448514247684179,0.2401394090913351,0.24736231150739799
47,0.4263740062713623,0.001003599166870117,0.6983861992209237,0.7442863785510749,0.01,"(50, 50)",10,"{'NN__alpha': 0.01, 'NN__hidden_layer_sizes': (50, 50), 'km__n_clusters': 10}",11,0.7664835164835165,0.7662247034193999,0.6325966850828729,0.705226480836237,0.6768802228412256,0.7426981919332406,0.7282913165266106,0.7506944444444444,0.6873239436619718,0.7565880721220527,0.06678927073889662,0.0003170389682139878,0.04588546786390285,0.020985151976875643
48,0.3603683948516846,0.0010025978088378906,0.44741235392320533,0.47476252275933656,0.01,"(50, 50)",15,"{'NN__alpha': 0.01, 'NN__hidden_layer_sizes': (50, 50), 'km__n_clusters': 15}",48,0.5137362637362637,0.5561758548499651,0.7430939226519337,0.8041811846689896,0.7409470752089137,0.7788595271210014,0.15406162464985995,0.14375,0.07605633802816901,0.09084604715672677,0.0734817015237925,0.0003171850167553505,0.28294131095629993,0.30482156222315154
49,0.4893780708312988,0.0010029792785644532,0.3728436282693378,0.4119767155733561,0.01,"(50, 50)",20,"{'NN__alpha': 0.01, 'NN__hidden_layer_sizes': (50, 50), 'km__n_clusters': 20}",60,0.11263736263736264,0.12142358688066993,0.21823204419889503,0.2494773519163763,0.7827298050139275,0.8337969401947148,0.10644257703081232,0.08888888888888889,0.6507042253521127,0.7662968099861304,0.09874422964832916,0.000317261029454696,0.2853868120729851,0.3220832000393734
50,0.444368314743042,0.0012042999267578125,0.2888146911519199,0.29577906348881267,0.01,"(50, 50)",25,"{'NN__alpha': 0.01, 'NN__hidden_layer_sizes': (50, 50), 'km__n_clusters': 25}",74,0.15934065934065933,0.12002791346824843,0.10497237569060773,0.09825783972125436,0.7799442896935933,0.8184979137691237,0.22408963585434175,0.2625,0.17746478873239438,0.1796116504854369,0.053615252531657366,0.00024524502257307123,0.2483420118700869,0.26748475131160065
51,0.49911108016967776,0.0008023738861083985,0.36616583194212576,0.3914409731534807,0.01,"(50, 50)",30,"{'NN__alpha': 0.01, 'NN__hidden_layer_sizes': (50, 50), 'km__n_clusters': 30}",62,0.23626373626373626,0.2526168876482903,0.10220994475138122,0.10313588850174216,0.5710306406685237,0.6543810848400556,0.8207282913165266,0.8381944444444445,0.10422535211267606,0.108876560332871,0.09887904916480378,0.000401723479484559,0.28362305450943365,0.3003200833741656
52,0.5906055927276611,0.0010029792785644532,0.46243739565943237,0.5070854981822228,0.01,"(50, 50)",35,"{'NN__alpha': 0.01, 'NN__hidden_layer_sizes': (50, 50), 'km__n_clusters': 35}",47,0.07142857142857142,0.0718771807397069,0.5276243093922652,0.6696864111498257,0.7799442896935933,0.8136300417246175,0.7394957983193278,0.7486111111111111,0.19718309859154928,0.231622746185853,0.209870555799839,2.78041453115716e-07,0.284805353802927,0.29800310168947824
53,0.6771442890167236,0.0015048980712890625,0.5531441291040623,0.5836029612467852,0.01,"(50, 50)",40,"{'NN__alpha': 0.01, 'NN__hidden_layer_sizes': (50, 50), 'km__n_clusters': 40}",32,0.7225274725274725,0.7725052337752966,0.6602209944751382,0.7435540069686412,0.8050139275766016,0.8365785813630042,0.16526610644257703,0.13680555555555557,0.4056338028169014,0.42857142857142855,0.15393091342343732,0.0003177887313545624,0.23448314155374889,0.26416955457554914
54,0.15160346031188965,0.0008020401000976562,0.15136338341680577,0.16137596116465697,0.01,"(50,)",2,"{'NN__alpha': 0.01, 'NN__hidden_layer_sizes': (50,), 'km__n_clusters': 2}",131,0.10164835164835165,0.10188415910676901,0.1685082872928177,0.18466898954703834,0.20612813370473537,0.23713490959666203,0.1792717086834734,0.18125,0.10140845070422536,0.10194174757281553,0.03273307847896774,0.0002455737752680063,0.04250588176082444,0.052437889194264675
55,0.21905784606933593,0.0010031700134277345,0.1424596549805231,0.13495304591286966,0.01,"(50,)",5,"{'NN__alpha': 0.01, 'NN__hidden_layer_sizes': (50,), 'km__n_clusters': 5}",144,0.14560439560439561,0.11653872993719469,0.11878453038674033,0.12264808362369338,0.2479108635097493,0.2336578581363004,0.09523809523809523,0.08472222222222223,0.10422535211267606,0.11719833564493759,0.04109074499464655,0.00031726067828278306,0.05539154009525283,0.05113023463899201
56,0.2578086853027344,0.0009025096893310547,0.25598219254312743,0.2757345454911527,0.01,"(50,)",10,"{'NN__alpha': 0.01, 'NN__hidden_layer_sizes': (50,), 'km__n_clusters': 10}",88,0.1510989010989011,0.15771109560362875,0.511049723756906,0.6055749128919861,0.28133704735376047,0.2767732962447844,0.1484593837535014,0.14027777777777778,0.18591549295774648,0.19833564493758668,0.08093219947602635,0.0002006771658807153,0.13685521463662267,0.1715018410512574
57,0.32956342697143554,0.000902557373046875,0.16583194212576516,0.17181618284859076,0.01,"(50,)",15,"{'NN__alpha': 0.01, 'NN__hidden_layer_sizes': (50,), 'km__n_clusters': 15}",122,0.17032967032967034,0.19330076762037685,0.17679558011049723,0.17560975609756097,0.12256267409470752,0.12656467315716272,0.17647058823529413,0.1597222222222222,0.18309859154929578,0.20388349514563106,0.05015146018079891,0.0003752858875075397,0.021993714685301775,0.027196522247349333
58,0.3557558059692383,0.001102781295776367,0.20812465219810797,0.21639088623462155,0.01,"(50,)",20,"{'NN__alpha': 0.01, 'NN__hidden_layer_sizes': (50,), 'km__n_clusters': 20}",103,0.23076923076923078,0.24075366364270762,0.09668508287292818,0.09825783972125436,0.20055710306406685,0.2663421418636996,0.15126050420168066,0.12916666666666668,0.36338028169014086,0.3474341192787795,0.05939647859009507,0.00037471229812802127,0.0895615000851362,0.09145980860070844
59,0.36969285011291503,0.000902557373046875,0.16638842515303284,0.17818851829602453,0.01,"(50,)",25,"{'NN__alpha': 0.01, 'NN__hidden_layer_sizes': (50,), 'km__n_clusters': 25}",118,0.1510989010989011,0.1779483600837404,0.12154696132596685,0.13519163763066203,0.15041782729805014,0.19123783031988872,0.22408963585434175,0.21319444444444444,0.18591549295774648,0.17337031900138697,0.052030551831319556,0.0002003432100448629,0.03521555228594172,0.025564443577617692
60,0.47754769325256347,0.0012030601501464844,0.24318308291597107,0.2387534401367844,0.01,"(50,)",30,"{'NN__alpha': 0.01, 'NN__hidden_layer_sizes': (50,), 'km__n_clusters': 30}",91,0.5631868131868132,0.5324494068387997,0.2569060773480663,0.25853658536585367,0.07799442896935933,0.1404728789986092,0.12885154061624648,0.12430555555555556,0.18309859154929578,0.13800277392510402,0.09164965425425872,0.000679857189866047,0.17187787007582925,0.15463297023405845
61,0.43369545936584475,0.0010025501251220703,0.1441291040623261,0.1508192522018878,0.01,"(50,)",35,"{'NN__alpha': 0.01, 'NN__hidden_layer_sizes': (50,), 'km__n_clusters': 35}",141,0.10164835164835165,0.10118632240055828,0.21823204419889503,0.23205574912891985,0.14763231197771587,0.16342141863699583,0.1092436974789916,0.10902777777777778,0.14366197183098592,0.14840499306518723,0.08025822125975028,0.00031673267090251916,0.041424683084317564,0.04684862161092414
62,0.5059607982635498,0.0011029720306396484,0.19755147468002227,0.2163809419834501,0.01,"(50,)",40,"{'NN__alpha': 0.01, 'NN__hidden_layer_sizes': (50,), 'km__n_clusters': 40}",108,0.12087912087912088,0.12351709699930216,0.12430939226519337,0.14912891986062718,0.15598885793871867,0.18636995827538247,0.12324929971988796,0.10277777777777777,0.4676056338028169,0.5201109570041609,0.08840289466544878,0.0002004863178421931,0.13461276291342678,0.15440517366331774
63,0.1647859573364258,0.0012033462524414062,0.12075681691708402,0.11689994285703018,0.01,"(25,)",2,"{'NN__alpha': 0.01, 'NN__hidden_layer_sizes': (25,), 'km__n_clusters': 2}",165,0.10164835164835165,0.10048848569434753,0.17679558011049723,0.1951219512195122,0.10027855153203342,0.10083449235048679,0.12324929971988796,0.0875,0.10140845070422536,0.10055478502080444,0.030252115464422413,0.0005126404280534267,0.0294200872405394,0.039440177593739974
64,0.2366936206817627,0.0010026454925537109,0.2826933778519755,0.27998525524984175,0.01,"(25,)",5,"{'NN__alpha': 0.01, 'NN__hidden_layer_sizes': (25,), 'km__n_clusters': 5}",78,0.0521978021978022,0.10327983251919051,0.4723756906077348,0.43763066202090595,0.1392757660167131,0.13630041724617525,0.5966386554621849,0.5777777777777777,0.15492957746478872,0.1449375866851595,0.041978330363828475,0.0005489019272325415,0.21195320046768085,0.19164575269432915
65,0.2598881721496582,0.0006017208099365235,0.15191986644407346,0.14277400675969032,0.01,"(25,)",10,"{'NN__alpha': 0.01, 'NN__hidden_layer_sizes': (25,), 'km__n_clusters': 10}",127,0.09615384615384616,0.08443824145150035,0.12154696132596685,0.09059233449477352,0.181058495821727,0.16968011126564672,0.17366946778711484,0.1638888888888889,0.18873239436619718,0.20527045769764216,0.05548675169514987,0.00020065330280537733,0.03670262082202264,0.04733195859313372
66,0.29677543640136717,0.0009013652801513672,0.14802448525319978,0.1465965816288914,0.01,"(25,)",15,"{'NN__alpha': 0.01, 'NN__hidden_layer_sizes': (25,), 'km__n_clusters': 15}",136,0.14285714285714285,0.13677599441730634,0.17955801104972377,0.17073170731707318,0.08635097493036212,0.09457579972183588,0.08683473389355742,0.07847222222222222,0.24507042253521127,0.2524271844660194,0.07429158006219216,0.0003736303674054042,0.05974911749548965,0.062009926329298415
67,0.33516812324523926,0.0008021831512451172,0.11853088480801335,0.12835181815892763,0.01,"(25,)",20,"{'NN__alpha': 0.01, 'NN__hidden_layer_sizes': (25,), 'km__n_clusters': 20}",170,0.10164835164835165,0.10188415910676901,0.1132596685082873,0.13658536585365855,0.0947075208913649,0.08970792767732963,0.0896358543417367,0.09236111111111112,0.19436619718309858,0.22122052704576978,0.06657982836696566,0.000245398516306938,0.03845389531483978,0.049359105824573535
68,0.3692981719970703,0.0013034820556640625,0.1352253756260434,0.13647968391137777,0.01,"(25,)",25,"{'NN__alpha': 0.01, 'NN__hidden_layer_sizes': (25,), 'km__n_clusters': 25}",155,0.10164835164835165,0.11653872993719469,0.16022099447513813,0.1818815331010453,0.13649025069637882,0.12030598052851182,0.11764705882352941,0.1076388888888889,0.16056338028169015,0.15603328710124825,0.03671572585589532,0.0008742873779612497,0.023297354933629524,0.02805242624656507
69,0.4107234001159668,0.0012034893035888672,0.1407902058987201,0.13869523329505132,0.01,"(25,)",30,"{'NN__alpha': 0.01, 'NN__hidden_layer_sizes': (25,), 'km__n_clusters': 30}",149,0.19505494505494506,0.1779483600837404,0.09944751381215469,0.08571428571428572,0.13649025069637882,0.1474269819193324,0.10084033613445378,0.10069444444444445,0.17183098591549295,0.18169209431345354,0.04690856793651186,0.00024580996667807124,0.03810373058744085,0.039285677323896484
70,0.45791034698486327,0.0010027408599853516,0.11185308848080133,0.12213904877998161,0.01,"(25,)",35,"{'NN__alpha': 0.01, 'NN__hidden_layer_sizes': (25,), 'km__n_clusters': 35}",179,0.08791208791208792,0.10118632240055828,0.09668508287292818,0.10174216027874565,0.1671309192200557,0.1905424200278164,0.10644257703081232,0.11875,0.10140845070422536,0.09847434119278779,0.0824516004032919,0.0003168834384959937,0.02828890655684171,0.03494445603569307
71,0.4946741104125977,0.0010086536407470704,0.15025041736227046,0.16613783086160833,0.01,"(25,)",40,"{'NN__alpha': 0.01, 'NN__hidden_layer_sizes': (25,), 'km__n_clusters': 40}",133,0.18406593406593408,0.2044661549197488,0.15469613259668508,0.13867595818815331,0.1532033426183844,0.21001390820584145,0.09803921568627451,0.10138888888888889,0.16056338028169015,0.17614424410540916,0.06372591577091655,0.0003170627059486881,0.028282868303232494,0.04108741615518872
72,0.1769498825073242,0.0007019519805908203,0.11296605453533667,0.11034891893585279,0.01,"(25, 25)",2,"{'NN__alpha': 0.01, 'NN__hidden_layer_sizes': (25, 25), 'km__n_clusters': 2}",174,0.09615384615384616,0.09699930216329379,0.16574585635359115,0.16376306620209058,0.09749303621169916,0.09666203059805285,0.11204481792717087,0.10486111111111111,0.09295774647887324,0.08945908460471567,0.04187679897978403,0.00040111595599092554,0.02730402976312165,0.02714816944704958
73,0.30742154121398924,0.0014033794403076171,0.32164718976071227,0.3435291154969192,0.01,"(25, 25)",5,"{'NN__alpha': 0.01, 'NN__hidden_layer_sizes': (25, 25), 'km__n_clusters': 5}",67,0.5521978021978022,0.5806001395673412,0.6104972375690608,0.662020905923345,0.10584958217270195,0.11752433936022254,0.226890756302521,0.25763888888888886,0.10422535211267606,0.09986130374479889,0.07088275989998098,0.0010707034360531323,0.21908946175125232,0.23472067798567423
74,0.4724850654602051,0.0015216350555419921,0.4741235392320534,0.5169381254276421,0.01,"(25, 25)",10,"{'NN__alpha': 0.01, 'NN__hidden_layer_sizes': (25, 25), 'km__n_clusters': 10}",42,0.782967032967033,0.801814375436148,0.19889502762430938,0.2494773519163763,0.6852367688022284,0.7684283727399166,0.47619047619047616,0.54375,0.22253521126760564,0.22122052704576978,0.028894320859433192,0.0010386467089437165,0.23662167198301928,0.24661908372636882
75,0.3222778797149658,0.0012031078338623046,0.14691151919866444,0.14740682083257328,0.01,"(25, 25)",15,"{'NN__alpha': 0.01, 'NN__hidden_layer_sizes': (25, 25), 'km__n_clusters': 15}",138,0.09615384615384616,0.10537334263782275,0.16298342541436464,0.13310104529616726,0.1615598885793872,0.1599443671766342,0.09523809523809523,0.14166666666666666,0.21971830985915494,0.19694868238557559,0.024802707570443304,0.0002451453823632284,0.046844576551705194,0.030384219546209512
76,0.4413862705230713,0.00100250244140625,0.25542570951585974,0.26018661988405534,0.01,"(25, 25)",20,"{'NN__alpha': 0.01, 'NN__hidden_layer_sizes': (25, 25), 'km__n_clusters': 20}",89,0.17857142857142858,0.17515701325889743,0.5580110497237569,0.5846689895470383,0.2479108635097493,0.2579972183588317,0.11204481792717087,0.12222222222222222,0.17746478873239438,0.1608876560332871,0.14189731401551126,0.00031658257845037477,0.15791334713973165,0.1681773438653382
77,0.36714816093444824,0.0009028434753417969,0.13689482470784642,0.1472136478704919,0.01,"(25, 25)",25,"{'NN__alpha': 0.01, 'NN__hidden_layer_sizes': (25, 25), 'km__n_clusters': 25}",151,0.12637362637362637,0.12909979064898813,0.1408839779005525,0.19233449477351916,0.12534818941504178,0.13908205841446453,0.1792717086834734,0.17291666666666666,0.11267605633802817,0.10263522884882108,0.06208356021371857,0.0002008452261451941,0.02291066754188636,0.03186849859493541
78,0.46600518226623533,0.0014036178588867187,0.1285475792988314,0.12423026642074557,0.01,"(25, 25)",30,"{'NN__alpha': 0.01, 'NN__hidden_layer_sizes': (25, 25), 'km__n_clusters': 30}",163,0.10714285714285714,0.09769713886950454,0.16574585635359115,0.13937282229965156,0.10584958217270195,0.16063977746870653,0.12885154061624648,0.10138888888888889,0.1352112676056338,0.12205270457697642,0.06770230767414111,0.0003741136653742727,0.021983296989822265,0.023602655164553222
79,0.4718003749847412,0.0011034011840820312,0.24207011686143573,0.2543801479142256,0.01,"(25, 25)",35,"{'NN__alpha': 0.01, 'NN__hidden_layer_sizes': (25, 25), 'km__n_clusters': 35}",92,0.13186813186813187,0.09839497557571528,0.09392265193370165,0.12195121951219512,0.6935933147632312,0.7475660639777468,0.18487394957983194,0.17569444444444443,0.10704225352112676,0.12829403606102635,0.05995248602058286,0.00020098700359334984,0.2277329677209312,0.2478670169277838
80,0.5181976318359375,0.0009027957916259765,0.21035058430717862,0.22850335026670726,0.01,"(25, 25)",40,"{'NN__alpha': 0.01, 'NN__hidden_layer_sizes': (25, 25), 'km__n_clusters': 40}",102,0.13736263736263737,0.1674808094905792,0.4972375690607735,0.624390243902439,0.10863509749303621,0.09735744089012517,0.1400560224089636,0.12083333333333333,0.16619718309859155,0.13245492371705964,0.14333385603387133,0.0003754131587740938,0.14523325156552658,0.1992323093128372
81,0.22259750366210937,0.0014035701751708984,0.22426265998887035,0.22632438354463344,0.01,"(100, 25, 100)",2,"{'NN__alpha': 0.01, 'NN__hidden_layer_sizes': (100, 25, 100), 'km__n_clusters': 2}",98,0.18956043956043955,0.1870202372644801,0.19337016574585636,0.24111498257839722,0.2479108635097493,0.2573018080667594,0.2184873949579832,0.19930555555555557,0.27323943661971833,0.24687933425797504,0.07608165867908355,0.0003752474250417815,0.03206871246528586,0.02784134202708108
82,0.3717006206512451,0.001203775405883789,0.6048970506399555,0.6413461318286647,0.01,"(100, 25, 100)",5,"{'NN__alpha': 0.01, 'NN__hidden_layer_sizes': (100, 25, 100), 'km__n_clusters': 5}",26,0.6126373626373627,0.636427076064201,0.6022099447513812,0.7073170731707317,0.5376044568245125,0.5285118219749653,0.6638655462184874,0.65625,0.6084507042253521,0.6782246879334258,0.051320664611992105,0.00024586678272601087,0.040144095713315966,0.06113934392545205
83,0.45739355087280276,0.0014036178588867187,0.6649972175848636,0.7246669819971676,0.01,"(100, 25, 100)",10,"{'NN__alpha': 0.01, 'NN__hidden_layer_sizes': (100, 25, 100), 'km__n_clusters': 10}",16,0.7527472527472527,0.7473831123517097,0.5248618784530387,0.6668989547038328,0.649025069637883,0.7559109874826148,0.7507002801120448,0.7152777777777778,0.647887323943662,0.7378640776699029,0.11837131968287402,0.00020053422829406411,0.08416478903102809,0.03191136451012842
84,0.5233545303344727,0.0019044876098632812,0.7317751808569839,0.7863418163223563,0.01,"(100, 25, 100)",15,"{'NN__alpha': 0.01, 'NN__hidden_layer_sizes': (100, 25, 100), 'km__n_clusters': 15}",5,0.7527472527472527,0.7683182135380321,0.7541436464088398,0.8445993031358885,0.713091922005571,0.7885952712100139,0.7675070028011205,0.7715277777777778,0.6704225352112676,0.7586685159500693,0.048511062770075136,0.001202941974531332,0.03545250906210862,0.030689184992703077
85,0.520759391784668,0.0015042781829833984,0.5915414579855315,0.6295351586762366,0.01,"(100, 25, 100)",20,"{'NN__alpha': 0.01, 'NN__hidden_layer_sizes': (100, 25, 100), 'km__n_clusters': 20}",27,0.5,0.5582693649685974,0.6850828729281768,0.7310104529616724,0.7270194986072424,0.7593880389429764,0.4061624649859944,0.38472222222222224,0.6394366197183099,0.7142857142857143,0.024202850973825303,0.00031703516714274806,0.12003000432507266,0.1409637185576603
86,0.5128651142120362,0.0014039039611816405,0.6867000556483027,0.7371444335827613,0.01,"(100, 25, 100)",25,"{'NN__alpha': 0.01, 'NN__hidden_layer_sizes': (100, 25, 100), 'km__n_clusters': 25}",15,0.6978021978021978,0.7292393579902303,0.580110497237569,0.6320557491289198,0.7325905292479109,0.7878998609179416,0.7787114845938375,0.8361111111111111,0.6450704225352113,0.7004160887656034,0.12943207777310142,0.0003754641520940283,0.0689830843164483,0.07046362153387789
87,0.5504673957824707,0.0016011714935302735,0.5347801892042293,0.605828861659916,0.01,"(100, 25, 100)",30,"{'NN__alpha': 0.01, 'NN__hidden_layer_sizes': (100, 25, 100), 'km__n_clusters': 30}",36,0.6318681318681318,0.6943475226796929,0.569060773480663,0.6731707317073171,0.12534818941504178,0.15855354659248957,0.6778711484593838,0.7152777777777778,0.6704225352112676,0.7877947295423023,0.08256553340907141,0.0007306949271962715,0.20817793114117372,0.22694331036293874
88,0.638276195526123,0.002907276153564453,0.6978297161936561,0.772738299804441,0.01,"(100, 25, 100)",35,"{'NN__alpha': 0.01, 'NN__hidden_layer_sizes': (100, 25, 100), 'km__n_clusters': 35}",12,0.6071428571428571,0.6824842986741103,0.6823204419889503,0.7540069686411149,0.7493036211699164,0.8421418636995828,0.773109243697479,0.8270833333333333,0.6788732394366197,0.7579750346740638,0.08186721382720012,0.003080021869027464,0.058655557545382236,0.057419228199440626
89,0.5856331825256348,0.0013092517852783202,0.562047857540345,0.6092915658973301,0.01,"(100, 25, 100)",40,"{'NN__alpha': 0.01, 'NN__hidden_layer_sizes': (100, 25, 100), 'km__n_clusters': 40}",30,0.5659340659340659,0.6064200976971389,0.56353591160221,0.6752613240418118,0.807799442896936,0.8643949930458971,0.226890756302521,0.175,0.6450704225352113,0.7253814147018031,0.0789627459529076,0.00023851743556006116,0.18906754157727335,0.23303391601533488
90,0.17131333351135253,0.0007017135620117187,0.16917084028937118,0.18770354039651288,0.001,"(50, 50)",2,"{'NN__alpha': 0.001, 'NN__hidden_layer_sizes': (50, 50), 'km__n_clusters': 2}",116,0.19505494505494506,0.16468946266573622,0.19889502762430938,0.267595818815331,0.20055710306406685,0.1870653685674548,0.10084033613445378,0.11944444444444445,0.14929577464788732,0.19972260748959778,0.06918763099845879,0.0002457294786930281,0.03893723969828942,0.04840783684903375
91,0.23760390281677246,0.0007012367248535156,0.3756260434056761,0.3853639853352592,0.001,"(50, 50)",5,"{'NN__alpha': 0.001, 'NN__hidden_layer_sizes': (50, 50), 'km__n_clusters': 5}",59,0.6263736263736264,0.64480111653873,0.08839779005524862,0.10801393728222997,0.41225626740947074,0.45479833101529904,0.5798319327731093,0.5479166666666667,0.16901408450704225,0.17128987517337033,0.06769013855838903,0.0002446609778115187,0.21526900711468178,0.2103819865918917
92,0.3568542003631592,0.0009026050567626954,0.6967167501391207,0.7394399840094799,0.001,"(50, 50)",10,"{'NN__alpha': 0.001, 'NN__hidden_layer_sizes': (50, 50), 'km__n_clusters': 10}",14,0.7637362637362637,0.7690160502442428,0.643646408839779,0.7233449477351916,0.6740947075208914,0.7406119610570236,0.7198879551820728,0.7076388888888889,0.6816901408450704,0.7565880721220527,0.01700221084716174,0.0002004863178421931,0.04160163778376588,0.022093139177487394
93,0.341753625869751,0.0012099266052246094,0.43850862548692265,0.4664211826369765,0.001,"(50, 50)",15,"{'NN__alpha': 0.001, 'NN__hidden_layer_sizes': (50, 50), 'km__n_clusters': 15}",50,0.5137362637362637,0.5533845080251221,0.7541436464088398,0.8174216027874565,0.6852367688022284,0.7267037552155772,0.15406162464985995,0.14375,0.07605633802816901,0.09084604715672677,0.05559290367539515,0.0007632383029468533,0.2745971456208368,0.29788733004002216
94,0.3757482051849365,0.0008073329925537109,0.29604897050639956,0.3287495924041541,0.001,"(50, 50)",20,"{'NN__alpha': 0.001, 'NN__hidden_layer_sizes': (50, 50), 'km__n_clusters': 20}",72,0.11263736263736264,0.12072575017445918,0.19337016574585636,0.24390243902439024,0.7632311977715878,0.8282336578581363,0.10644257703081232,0.08888888888888889,0.30704225352112674,0.361997226074896,0.1902722439926576,0.0002499765034899156,0.24435048187354605,0.2678043510664582
95,0.39586501121520995,0.0018049240112304687,0.2854757929883139,0.29480761126550376,0.001,"(50, 50)",25,"{'NN__alpha': 0.001, 'NN__hidden_layer_sizes': (50, 50), 'km__n_clusters': 25}",75,0.15934065934065933,0.12002791346824843,0.10220994475138122,0.09825783972125436,0.7688022284122563,0.8178025034770514,0.22128851540616246,0.26180555555555557,0.17746478873239438,0.17614424410540916,0.04119770343601968,0.0018654637440382094,0.24450093838740822,0.2675344998770883
96,0.43882217407226565,0.001303386688232422,0.3144129104062326,0.3527424386105637,0.001,"(50, 50)",30,"{'NN__alpha': 0.001, 'NN__hidden_layer_sizes': (50, 50), 'km__n_clusters': 30}",68,0.6401098901098901,0.7341242149337055,0.10220994475138122,0.10313588850174216,0.5710306406685237,0.6543810848400556,0.1484593837535014,0.16319444444444445,0.10422535211267606,0.108876560332871,0.05841584809784985,0.00024553481083311983,0.2406516434791211,0.28076337750794095
97,0.5221762657165527,0.0010025978088378906,0.4785754034501948,0.5175640384639808,0.001,"(50, 50)",35,"{'NN__alpha': 0.001, 'NN__hidden_layer_sizes': (50, 50), 'km__n_clusters': 35}",41,0.07142857142857142,0.0718771807397069,0.6767955801104972,0.7777003484320557,0.7186629526462396,0.7656467315716272,0.7310924369747899,0.7416666666666667,0.19718309859154928,0.23092926490984744,0.1021498591974887,1.784161275279017e-07,0.28516482044606506,0.30339221443842845
98,0.5288318634033203,0.0012039661407470704,0.523650528658876,0.5555649319042877,0.001,"(50, 50)",40,"{'NN__alpha': 0.001, 'NN__hidden_layer_sizes': (50, 50), 'km__n_clusters': 40}",37,0.6346153846153846,0.6957431960921144,0.6243093922651933,0.6829268292682927,0.7799442896935933,0.8268428372739917,0.16526610644257703,0.13680555555555557,0.4084507042253521,0.435506241331484,0.09469316159628212,0.0002460994592663799,0.2139999616924845,0.24463695757374063
99,0.11720638275146485,0.0005011081695556641,0.13077351140790205,0.1342549597738364,0.001,"(50,)",2,"{'NN__alpha': 0.001, 'NN__hidden_layer_sizes': (50,), 'km__n_clusters': 2}",160,0.10164835164835165,0.10188415910676901,0.1685082872928177,0.18466898954703834,0.10306406685236769,0.10152990264255911,0.1792717086834734,0.18125,0.10140845070422536,0.10194174757281553,0.01805564412635547,3.1629798797182086e-07,0.0353508797920704,0.03978203108603833
100,0.1730574607849121,0.0007019996643066406,0.1424596549805231,0.13495304591286966,0.001,"(50,)",5,"{'NN__alpha': 0.001, 'NN__hidden_layer_sizes': (50,), 'km__n_clusters': 5}",144,0.14560439560439561,0.11653872993719469,0.11878453038674033,0.12264808362369338,0.2479108635097493,0.2336578581363004,0.09523809523809523,0.08472222222222223,0.10422535211267606,0.11719833564493759,0.03292510376781643,0.00024559310703696014,0.05539154009525283,0.05113023463899201
101,0.21151328086853027,0.0014038562774658203,0.2593210907067334,0.2757287440602818,0.001,"(50,)",10,"{'NN__alpha': 0.001, 'NN__hidden_layer_sizes': (50,), 'km__n_clusters': 10}",85,0.1510989010989011,0.15771109560362875,0.5165745856353591,0.5986062717770034,0.2785515320334262,0.27816411682892905,0.1484593837535014,0.14097222222222222,0.2,0.2031900138696255,0.02631013541819701,0.0010704797666482996,0.13753081173913353,0.1682885509164465
102,0.2359029769897461,0.000786733627319336,0.16583194212576516,0.17195555567089044,0.001,"(50,)",15,"{'NN__alpha': 0.001, 'NN__hidden_layer_sizes': (50,), 'km__n_clusters': 15}",122,0.17032967032967034,0.19330076762037685,0.17679558011049723,0.17630662020905924,0.12256267409470752,0.12656467315716272,0.17647058823529413,0.1597222222222222,0.18309859154929578,0.20388349514563106,0.048158667766243474,0.0002344164351472474,0.021993714685301775,0.027217383480150497
103,0.2732521057128906,0.0009022712707519531,0.19532554257095158,0.20173370214607272,0.001,"(50,)",20,"{'NN__alpha': 0.001, 'NN__hidden_layer_sizes': (50,), 'km__n_clusters': 20}",109,0.16758241758241757,0.16538729937194696,0.09668508287292818,0.09825783972125436,0.20055710306406685,0.2663421418636996,0.15126050420168066,0.12916666666666668,0.36338028169014086,0.34951456310679613,0.02882815123964825,0.0002006769392741626,0.08992507521284285,0.09306741974126839
104,0.2903554916381836,0.0008023262023925781,0.16638842515303284,0.1779100620658935,0.001,"(50,)",25,"{'NN__alpha': 0.001, 'NN__hidden_layer_sizes': (50,), 'km__n_clusters': 25}",118,0.1510989010989011,0.17725052337752967,0.12154696132596685,0.13519163763066203,0.15041782729805014,0.19123783031988872,0.22408963585434175,0.2125,0.18591549295774648,0.17337031900138697,0.04459610753467569,0.00024551545595180444,0.03521555228594172,0.02537716003621882
105,0.3960436820983887,0.0009025096893310547,0.36616583194212576,0.3898720575040814,0.001,"(50,)",30,"{'NN__alpha': 0.001, 'NN__hidden_layer_sizes': (50,), 'km__n_clusters': 30}",62,0.7225274725274725,0.7055129099790649,0.26519337016574585,0.25923344947735194,0.07799442896935933,0.1411682892906815,0.12885154061624648,0.12430555555555556,0.6338028169014085,0.7191400832177531,0.07620004154749295,0.00020043857743937932,0.26402013809449243,0.2673919062710747
106,0.435140323638916,0.0009025096893310547,0.2621035058430718,0.27738431116226386,0.001,"(50,)",35,"{'NN__alpha': 0.001, 'NN__hidden_layer_sizes': (50,), 'km__n_clusters': 35}",84,0.10164835164835165,0.10118632240055828,0.212707182320442,0.23205574912891985,0.7437325905292479,0.7969401947148818,0.1092436974789916,0.10902777777777778,0.14366197183098592,0.14771151178918168,0.14606929205160613,0.0002005578221109009,0.2438475641068376,0.2638930401296387
107,0.4658113956451416,0.0009024620056152343,0.19922092376182526,0.21624224572824896,0.001,"(50,)",40,"{'NN__alpha': 0.001, 'NN__hidden_layer_sizes': (50,), 'km__n_clusters': 40}",106,0.12087912087912088,0.12351709699930216,0.12430939226519337,0.14912891986062718,0.15598885793871867,0.18636995827538247,0.12324929971988796,0.10277777777777777,0.476056338028169,0.5194174757281553,0.05787636584267641,0.00020029552634761794,0.13796231454759147,0.1541323527662283
108,0.1647653102874756,0.001886749267578125,0.12075681691708402,0.11689994285703018,0.001,"(25,)",2,"{'NN__alpha': 0.001, 'NN__hidden_layer_sizes': (25,), 'km__n_clusters': 2}",165,0.10164835164835165,0.10048848569434753,0.17679558011049723,0.1951219512195122,0.10027855153203342,0.10083449235048679,0.12324929971988796,0.0875,0.10140845070422536,0.10055478502080444,0.06165050609473318,0.0022802535163632827,0.0294200872405394,0.039440177593739974
109,0.21846675872802734,0.0007004737854003906,0.2832498608792432,0.28067969969428624,0.001,"(25,)",5,"{'NN__alpha': 0.001, 'NN__hidden_layer_sizes': (25,), 'km__n_clusters': 5}",77,0.0521978021978022,0.10327983251919051,0.4723756906077348,0.43763066202090595,0.1392757660167131,0.13630041724617525,0.5994397759103641,0.58125,0.15492957746478872,0.1449375866851595,0.05142683983465893,0.0002470536987222058,0.21277880234666668,0.19272681251931426
110,0.2139425754547119,0.0006012916564941406,0.15191986644407346,0.14277400675969032,0.001,"(25,)",10,"{'NN__alpha': 0.001, 'NN__hidden_layer_sizes': (25,), 'km__n_clusters': 10}",127,0.09615384615384616,0.08443824145150035,0.12154696132596685,0.09059233449477352,0.181058495821727,0.16968011126564672,0.17366946778711484,0.1638888888888889,0.18873239436619718,0.20527045769764216,0.0266104333376919,0.00020098762579939147,0.03670262082202264,0.04733195859313372
111,0.28126773834228513,0.001002359390258789,0.18419588202559822,0.17766454279393995,0.001,"(25,)",15,"{'NN__alpha': 0.001, 'NN__hidden_layer_sizes': (25,), 'km__n_clusters': 15}",112,0.14285714285714285,0.13677599441730634,0.17955801104972377,0.17073170731707318,0.08635097493036212,0.09457579972183588,0.08683473389355742,0.07847222222222222,0.428169014084507,0.4077669902912621,0.06810583257663805,0.0010009766760759172,0.12611539598944418,0.11950726306468577
112,0.3366591453552246,0.0009012222290039062,0.11853088480801335,0.12807374908142685,0.001,"(25,)",20,"{'NN__alpha': 0.001, 'NN__hidden_layer_sizes': (25,), 'km__n_clusters': 20}",170,0.10164835164835165,0.10188415910676901,0.1132596685082873,0.13588850174216027,0.0947075208913649,0.08970792767732963,0.0896358543417367,0.09236111111111112,0.19436619718309858,0.22052704576976423,0.042559914433698096,0.0003729572924375487,0.03845389531483978,0.04907526018991809
113,0.30558176040649415,0.000696563720703125,0.1352253756260434,0.13647968391137777,0.001,"(25,)",25,"{'NN__alpha': 0.001, 'NN__hidden_layer_sizes': (25,), 'km__n_clusters': 25}",155,0.10164835164835165,0.11653872993719469,0.16022099447513813,0.1818815331010453,0.13649025069637882,0.12030598052851182,0.11764705882352941,0.1076388888888889,0.16056338028169015,0.15603328710124825,0.026486384570906973,0.00023898479936723059,0.023297354933629524,0.02805242624656507
114,0.4015475273132324,0.0014037609100341797,0.14357262103505844,0.13855634440616243,0.001,"(25,)",30,"{'NN__alpha': 0.001, 'NN__hidden_layer_sizes': (25,), 'km__n_clusters': 30}",143,0.19505494505494506,0.1779483600837404,0.09944751381215469,0.08571428571428572,0.13649025069637882,0.1474269819193324,0.11484593837535013,0.1,0.17183098591549295,0.18169209431345354,0.08226993440817437,0.0005849011856926046,0.03550785273294169,0.0394207734319339
115,0.3801002502441406,0.0010027885437011719,0.11352253756260434,0.12604148780437185,0.001,"(25,)",35,"{'NN__alpha': 0.001, 'NN__hidden_layer_sizes': (25,), 'km__n_clusters': 35}",173,0.08791208791208792,0.10118632240055828,0.10773480662983426,0.12125435540069686,0.16434540389972144,0.1905424200278164,0.10644257703081232,0.11875,0.10140845070422536,0.09847434119278779,0.055439491574439836,0.00031695907875662466,0.026354751948034143,0.033508743659828574
116,0.4784860134124756,0.000976705551147461,0.15080690038953812,0.1679490954878956,0.001,"(25,)",40,"{'NN__alpha': 0.001, 'NN__hidden_layer_sizes': (25,), 'km__n_clusters': 40}",132,0.18406593406593408,0.2044661549197488,0.16022099447513813,0.14634146341463414,0.1532033426183844,0.21070931849791377,0.09803921568627451,0.10277777777777777,0.15774647887323945,0.1754507628294036,0.07412304629512953,0.00027855056339461386,0.028385654656629507,0.03983063577249348
117,0.17195000648498535,0.001806640625,0.11296605453533667,0.11034891893585279,0.001,"(25, 25)",2,"{'NN__alpha': 0.001, 'NN__hidden_layer_sizes': (25, 25), 'km__n_clusters': 2}",174,0.09615384615384616,0.09699930216329379,0.16574585635359115,0.16376306620209058,0.09749303621169916,0.09666203059805285,0.11204481792717087,0.10486111111111111,0.09295774647887324,0.08945908460471567,0.05415273885734821,0.001864125932545097,0.02730402976312165,0.02714816944704958
118,0.26329994201660156,0.0011032581329345702,0.3099610461880913,0.33237870615611964,0.001,"(25, 25)",5,"{'NN__alpha': 0.001, 'NN__hidden_layer_sizes': (25, 25), 'km__n_clusters': 5}",71,0.5494505494505495,0.578506629448709,0.5552486187845304,0.608362369337979,0.10584958217270195,0.11752433936022254,0.226890756302521,0.25763888888888886,0.10422535211267606,0.09986130374479889,0.0647887743577682,0.0007374866002188096,0.20443544825769241,0.22025381658809629
119,0.31418600082397463,0.0008022308349609375,0.47189760712298273,0.5061259341595539,0.001,"(25, 25)",10,"{'NN__alpha': 0.001, 'NN__hidden_layer_sizes': (25, 25), 'km__n_clusters': 10}",44,0.7967032967032966,0.8066992323796232,0.26243093922651933,0.29895470383275263,0.6406685236768802,0.7016689847009736,0.42857142857142855,0.5041666666666667,0.22535211267605634,0.21914008321775313,0.08960356189145097,0.00024543737268301806,0.21972700528399977,0.2253291052052325
120,0.25949583053588865,0.0011990070343017578,0.13411240957150808,0.1363111204164845,0.001,"(25, 25)",15,"{'NN__alpha': 0.001, 'NN__hidden_layer_sizes': (25, 25), 'km__n_clusters': 15}",159,0.09615384615384616,0.10537334263782275,0.16298342541436464,0.13310104529616726,0.1615598885793872,0.1599443671766342,0.09523809523809523,0.14166666666666666,0.15492957746478872,0.14147018030513175,0.04941898969117951,0.00068352091004165,0.03156122689393595,0.017783581209410846
121,0.37100777626037595,0.0009022712707519531,0.2582081246521981,0.2614391344564984,0.001,"(25, 25)",20,"{'NN__alpha': 0.001, 'NN__hidden_layer_sizes': (25, 25), 'km__n_clusters': 20}",86,0.17857142857142858,0.17585484996510817,0.5580110497237569,0.5853658536585366,0.2618384401114206,0.26286509040333794,0.11204481792717087,0.12222222222222222,0.17746478873239438,0.1608876560332871,0.1368298639525164,0.00020055844564842128,0.15787912093840073,0.16837290220246326
122,0.3345640659332275,0.0009035587310791016,0.13689482470784642,0.1472136478704919,0.001,"(25, 25)",25,"{'NN__alpha': 0.001, 'NN__hidden_layer_sizes': (25, 25), 'km__n_clusters': 25}",151,0.12637362637362637,0.12909979064898813,0.1408839779005525,0.19233449477351916,0.12534818941504178,0.13908205841446453,0.1792717086834734,0.17291666666666666,0.11267605633802817,0.10263522884882108,0.04783174238078384,0.0003767654328230826,0.02291066754188636,0.03186849859493541
123,0.39963598251342775,0.0008020401000976562,0.12799109627156371,0.12436896267594669,0.001,"(25, 25)",30,"{'NN__alpha': 0.001, 'NN__hidden_layer_sizes': (25, 25), 'km__n_clusters': 30}",164,0.10714285714285714,0.09769713886950454,0.16574585635359115,0.13937282229965156,0.10584958217270195,0.16063977746870653,0.12605042016806722,0.10138888888888889,0.1352112676056338,0.12274618585298197,0.07364343879636429,0.00024567152952598083,0.022004003057208954,0.023591486559249267
124,0.4717858791351318,0.0010022163391113282,0.24373956594323873,0.2598026966193496,0.001,"(25, 25)",35,"{'NN__alpha': 0.001, 'NN__hidden_layer_sizes': (25, 25), 'km__n_clusters': 35}",90,0.12637362637362637,0.09630146545708304,0.09116022099447514,0.12055749128919861,0.713091922005571,0.7788595271210014,0.18487394957983194,0.17569444444444443,0.10422535211267606,0.1276005547850208,0.16387062677580566,0.00031673283601315195,0.23669150522552884,0.2608039407213529
125,0.49737014770507815,0.0010071754455566405,0.22370617696160267,0.23268424417181163,0.001,"(25, 25)",40,"{'NN__alpha': 0.001, 'NN__hidden_layer_sizes': (25, 25), 'km__n_clusters': 40}",99,0.13736263736263737,0.1674808094905792,0.56353591160221,0.6445993031358885,0.10863509749303621,0.09805285118219749,0.1400560224089636,0.12083333333333333,0.16619718309859155,0.13245492371705964,0.08508218210439257,1.047045802969998e-05,0.17164751840397072,0.20717512331752147
126,0.22636075019836427,0.0012025833129882812,0.2392877017250974,0.24380313196606931,0.001,"(100, 25, 100)",2,"{'NN__alpha': 0.001, 'NN__hidden_layer_sizes': (100, 25, 100), 'km__n_clusters': 2}",94,0.18956043956043955,0.18771807397069085,0.19060773480662985,0.22229965156794426,0.25348189415041783,0.25382475660639775,0.2689075630252101,0.2798611111111111,0.29577464788732394,0.2753120665742025,0.054355109839536224,0.00024625714784838517,0.042698413966634215,0.03464493377154309
127,0.39287638664245605,0.0011072158813476562,0.6165831942125766,0.6583419096038214,0.001,"(100, 25, 100)",5,"{'NN__alpha': 0.001, 'NN__hidden_layer_sizes': (100, 25, 100), 'km__n_clusters': 5}",24,0.6071428571428571,0.677599441730635,0.6104972375690608,0.7080139372822299,0.5905292479108635,0.5716272600834492,0.6694677871148459,0.6520833333333333,0.6056338028169014,0.6823855755894591,0.11216910553148697,0.0002114810695975196,0.027210826217339133,0.046850530348552626
128,0.4109367847442627,0.0011034965515136718,0.7061769616026711,0.7537657578536033,0.001,"(100, 25, 100)",10,"{'NN__alpha': 0.001, 'NN__hidden_layer_sizes': (100, 25, 100), 'km__n_clusters': 10}",9,0.8186813186813187,0.8129797627355199,0.6077348066298343,0.6947735191637631,0.6518105849582173,0.758692628650904,0.7450980392156863,0.7180555555555556,0.7070422535211267,0.7843273231622746,0.0653916775972638,0.00020165451876967113,0.07353649867438058,0.04294155208636896
129,0.5281894683837891,0.0010024070739746093,0.7429048414023373,0.798734154901309,0.001,"(100, 25, 100)",15,"{'NN__alpha': 0.001, 'NN__hidden_layer_sizes': (100, 25, 100), 'km__n_clusters': 15}",2,0.7994505494505495,0.8011165387299372,0.7651933701657458,0.8480836236933798,0.7047353760445683,0.7920723226703755,0.7647058823529411,0.7791666666666667,0.6788732394366197,0.7732316227461858,0.13859721579474357,6.843900725558913e-07,0.0440816569132029,0.02652806654686894
130,0.5016506671905517,0.00120391845703125,0.5692821368948247,0.6196887757301176,0.001,"(100, 25, 100)",20,"{'NN__alpha': 0.001, 'NN__hidden_layer_sizes': (100, 25, 100), 'km__n_clusters': 20}",28,0.49725274725274726,0.5547801814375436,0.6629834254143646,0.7310104529616724,0.724233983286908,0.7760778859527121,0.3949579831932773,0.37083333333333335,0.5661971830985916,0.665742024965326,0.09214946334884663,0.00040285599657137987,0.1168561663072892,0.1449918123250542
131,0.4908007621765137,0.0015044212341308594,0.6466332776850306,0.6998569827529728,0.001,"(100, 25, 100)",25,"{'NN__alpha': 0.001, 'NN__hidden_layer_sizes': (100, 25, 100), 'km__n_clusters': 25}",20,0.6236263736263736,0.697138869504536,0.5662983425414365,0.6139372822299651,0.6629526462395543,0.7162726008344924,0.7366946778711485,0.7659722222222223,0.6450704225352113,0.7059639389736477,0.09167982787165035,0.0005508615737731816,0.05542889487656329,0.0491275389144427
132,0.52268385887146,0.0015024662017822266,0.5175292153589316,0.5678122625928761,0.001,"(100, 25, 100)",30,"{'NN__alpha': 0.001, 'NN__hidden_layer_sizes': (100, 25, 100), 'km__n_clusters': 30}",40,0.5521978021978022,0.5575715282623867,0.574585635359116,0.6752613240418118,0.12534818941504178,0.1592489568845619,0.7338935574229691,0.7722222222222223,0.6028169014084507,0.6747572815533981,0.08100876600241746,0.0003172052312453043,0.20582366742320138,0.2153113173492409
133,0.6138025760650635,0.0015039443969726562,0.662771285475793,0.738462455275544,0.001,"(100, 25, 100)",35,"{'NN__alpha': 0.001, 'NN__hidden_layer_sizes': (100, 25, 100), 'km__n_clusters': 35}",17,0.6153846153846154,0.6943475226796929,0.7292817679558011,0.8174216027874565,0.7214484679665738,0.780250347705146,0.5434173669467787,0.6111111111111112,0.704225352112676,0.7891816920943134,0.06632173466446338,0.0003171859343203937,0.07213417290293818,0.07578615711516011
134,0.5671952247619629,0.001968240737915039,0.5659432387312187,0.6205910410915063,0.001,"(100, 25, 100)",40,"{'NN__alpha': 0.001, 'NN__hidden_layer_sizes': (100, 25, 100), 'km__n_clusters': 40}",29,0.5769230769230769,0.6015352407536636,0.6270718232044199,0.7686411149825784,0.7632311977715878,0.8282336578581363,0.22969187675070027,0.17708333333333334,0.6309859154929578,0.7274618585298197,0.0811861200443632,0.0004553447480458214,0.17846779299296306,0.23388794866952994
135,0.16824836730957032,0.0010027408599853516,0.19476905954368393,0.20961094451691037,0.0001,"(50, 50)",2,"{'NN__alpha': 0.0001, 'NN__hidden_layer_sizes': (50, 50), 'km__n_clusters': 2}",110,0.2554945054945055,0.2575017445917655,0.26795580110497236,0.2843205574912892,0.1977715877437326,0.1870653685674548,0.10084033613445378,0.11944444444444445,0.14929577464788732,0.19972260748959778,0.025080254870533475,0.0004484608830985717,0.06315856931168404,0.05763876289784091
136,0.23516383171081542,0.0010025501251220703,0.3761825264329438,0.38508504382230047,0.0001,"(50, 50)",5,"{'NN__alpha': 0.0001, 'NN__hidden_layer_sizes': (50, 50), 'km__n_clusters': 5}",58,0.6263736263736264,0.6434054431263084,0.08839779005524862,0.10801393728222997,0.41225626740947074,0.45549374130737136,0.5826330532212886,0.5472222222222223,0.16901408450704225,0.17128987517337033,0.049285226279806936,0.0003173357915548945,0.21579913982629811,0.2099771655273868
137,0.33931756019592285,0.0010021209716796875,0.6499721758486366,0.681515387038282,0.0001,"(50, 50)",10,"{'NN__alpha': 0.0001, 'NN__hidden_layer_sizes': (50, 50), 'km__n_clusters': 10}",19,0.771978021978022,0.7725052337752966,0.6325966850828729,0.7073170731707317,0.6908077994428969,0.741307371349096,0.4649859943977591,0.4284722222222222,0.6873239436619718,0.7579750346740638,0.028581242205640497,0.0007756486609717116,0.1023866971644777,0.12837202310553728
138,0.3152294635772705,0.0034495830535888673,0.44184752365052865,0.4740623619711014,0.0001,"(50, 50)",15,"{'NN__alpha': 0.0001, 'NN__hidden_layer_sizes': (50, 50), 'km__n_clusters': 15}",49,0.5137362637362637,0.5547801814375436,0.7320441988950276,0.7951219512195122,0.724233983286908,0.7858136300417247,0.15406162464985995,0.14375,0.07605633802816901,0.09084604715672677,0.08050085160842675,0.0056510668735712324,0.27717993808542685,0.30421850035205117
139,0.42883877754211425,0.0007017135620117187,0.3722871452420701,0.41862901525572066,0.0001,"(50, 50)",20,"{'NN__alpha': 0.0001, 'NN__hidden_layer_sizes': (50, 50), 'km__n_clusters': 20}",61,0.11263736263736264,0.12072575017445918,0.18232044198895028,0.24668989547038328,0.766016713091922,0.8310152990264256,0.10644257703081232,0.08888888888888889,0.7014084507042253,0.8058252427184466,0.11086165701335383,0.0002456323954645221,0.29552524298364924,0.3307631578028685
140,0.42098298072814944,0.0012562274932861328,0.39232053422370616,0.41372373302693666,0.0001,"(50, 50)",25,"{'NN__alpha': 0.0001, 'NN__hidden_layer_sizes': (50, 50), 'km__n_clusters': 25}",56,0.6868131868131868,0.7194696441032798,0.10220994475138122,0.09825783972125436,0.766016713091922,0.8150208623087621,0.22128851540616246,0.2625,0.18028169014084508,0.17337031900138697,0.05073491956710333,0.000297169798564848,0.2776937225998762,0.294848116498386
141,0.41776304244995116,0.0010025501251220703,0.29437952142459656,0.31065784515948786,0.0001,"(50, 50)",30,"{'NN__alpha': 0.0001, 'NN__hidden_layer_sizes': (50, 50), 'km__n_clusters': 30}",73,0.24725274725274726,0.2756454989532449,0.10220994475138122,0.10313588850174216,0.22562674094707522,0.2545201668984701,0.7955182072829131,0.8111111111111111,0.10422535211267606,0.108876560332871,0.11402760491844888,0.00031726047761294397,0.2566500330178458,0.2602352105732001
142,0.5105795383453369,0.0008020877838134765,0.3789649415692821,0.408969923716089,0.0001,"(50, 50)",35,"{'NN__alpha': 0.0001, 'NN__hidden_layer_sizes': (50, 50), 'km__n_clusters': 35}",57,0.07142857142857142,0.0718771807397069,0.6795580110497238,0.7763066202090593,0.7966573816155988,0.8296244784422809,0.15126050420168066,0.13680555555555557,0.19436619718309858,0.2302357836338419,0.14856766265732754,0.00024571000033985434,0.2987421546772989,0.3260482652911263
143,0.5450678825378418,0.0011030197143554687,0.5203116304952699,0.5385600878619924,0.0001,"(50, 50)",40,"{'NN__alpha': 0.0001, 'NN__hidden_layer_sizes': (50, 50), 'km__n_clusters': 40}",39,0.6291208791208791,0.6734124214933705,0.638121546961326,0.6411149825783972,0.7493036211699164,0.7990264255910987,0.16526610644257703,0.13680555555555557,0.4140845070422535,0.44244105409153955,0.13629648785353637,0.00020058162853122015,0.2072250624901358,0.2311670150725936
144,0.138382625579834,0.001103973388671875,0.13077351140790205,0.1342549597738364,0.0001,"(50,)",2,"{'NN__alpha': 0.0001, 'NN__hidden_layer_sizes': (50,), 'km__n_clusters': 2}",160,0.10164835164835165,0.10188415910676901,0.1685082872928177,0.18466898954703834,0.10306406685236769,0.10152990264255911,0.1792717086834734,0.18125,0.10140845070422536,0.10194174757281553,0.015807317595813407,0.0003752229628499995,0.0353508797920704,0.03978203108603833
145,0.18722004890441896,0.0010011672973632812,0.1424596549805231,0.13495304591286966,0.0001,"(50,)",5,"{'NN__alpha': 0.0001, 'NN__hidden_layer_sizes': (50,), 'km__n_clusters': 5}",144,0.14560439560439561,0.11653872993719469,0.11878453038674033,0.12264808362369338,0.2479108635097493,0.2336578581363004,0.09523809523809523,0.08472222222222223,0.10422535211267606,0.11719833564493759,0.023544083767502888,0.000314701954346217,0.05539154009525283,0.05113023463899201
146,0.24551234245300294,0.0010026931762695313,0.2810239287701725,0.29719554152992084,0.0001,"(50,)",10,"{'NN__alpha': 0.0001, 'NN__hidden_layer_sizes': (50,), 'km__n_clusters': 10}",79,0.1510989010989011,0.15771109560362875,0.6298342541436464,0.7094076655052265,0.2785515320334262,0.27816411682892905,0.1484593837535014,0.14097222222222222,0.19436619718309858,0.19972260748959778,0.05439736534981466,1.9073486328125e-07,0.1813974284782532,0.2114916732638386
147,0.2526094913482666,0.0008020877838134765,0.1652754590984975,0.1716766155073486,0.0001,"(50,)",15,"{'NN__alpha': 0.0001, 'NN__hidden_layer_sizes': (50,), 'km__n_clusters': 15}",125,0.17032967032967034,0.19260293091416608,0.17403314917127072,0.17560975609756097,0.12256267409470752,0.12656467315716272,0.17647058823529413,0.1597222222222222,0.18309859154929578,0.20388349514563106,0.058209054309391835,0.0002458073766706199,0.02174278963976977,0.027087481347902266
148,0.30013651847839357,0.0008025646209716796,0.19365609348914858,0.2006223899323818,0.0001,"(50,)",20,"{'NN__alpha': 0.0001, 'NN__hidden_layer_sizes': (50,), 'km__n_clusters': 20}",111,0.16758241758241757,0.16399162595952546,0.09668508287292818,0.09825783972125436,0.20055710306406685,0.2663421418636996,0.15126050420168066,0.12916666666666668,0.35492957746478876,0.34535367545076284,0.03746853667682061,0.00024512669241617303,0.08681429866316935,0.0918612706185856
149,0.3280689239501953,0.0009024620056152343,0.16638842515303284,0.1776322842881157,0.0001,"(50,)",25,"{'NN__alpha': 0.0001, 'NN__hidden_layer_sizes': (50,), 'km__n_clusters': 25}",118,0.1510989010989011,0.17725052337752967,0.12154696132596685,0.13519163763066203,0.15041782729805014,0.19123783031988872,0.22408963585434175,0.2111111111111111,0.18591549295774648,0.17337031900138697,0.042958318961222396,0.0003752613732913432,0.03521555228594172,0.025001845157778965
150,0.4483808040618896,0.0013975143432617188,0.35058430717863104,0.3671326481108902,0.0001,"(50,)",30,"{'NN__alpha': 0.0001, 'NN__hidden_layer_sizes': (50,), 'km__n_clusters': 30}",65,0.6401098901098901,0.6001395673412422,0.26243093922651933,0.25923344947735194,0.07799442896935933,0.1404728789986092,0.12885154061624648,0.12430555555555556,0.6422535211267606,0.7115117891816921,0.06719511044128833,0.0005854748807896647,0.24487313762727933,0.24284608380311692
151,0.376176643371582,0.0009023666381835938,0.1441291040623261,0.15123678914101638,0.0001,"(50,)",35,"{'NN__alpha': 0.0001, 'NN__hidden_layer_sizes': (50,), 'km__n_clusters': 35}",141,0.10164835164835165,0.10118632240055828,0.21823204419889503,0.23275261324041813,0.14763231197771587,0.16481223922114047,0.1092436974789916,0.10902777777777778,0.14366197183098592,0.14840499306518723,0.035787316855257816,0.0002004862611366508,0.041424683084317564,0.04716734326564797
152,0.47538046836853026,0.0018049240112304687,0.24040066777963273,0.2657561322679466,0.0001,"(50,)",40,"{'NN__alpha': 0.0001, 'NN__hidden_layer_sizes': (50,), 'km__n_clusters': 40}",93,0.12087912087912088,0.12351709699930216,0.12430939226519337,0.14843205574912893,0.15598885793871867,0.18636995827538247,0.12324929971988796,0.10277777777777777,0.6845070422535211,0.7676837725381415,0.06548407433418352,0.00186533558273544,0.22073014870513621,0.25250439473635106
153,0.14226770401000977,0.0008023738861083985,0.12075681691708402,0.11689994285703018,0.0001,"(25,)",2,"{'NN__alpha': 0.0001, 'NN__hidden_layer_sizes': (25,), 'km__n_clusters': 2}",165,0.10164835164835165,0.10048848569434753,0.17679558011049723,0.1951219512195122,0.10027855153203342,0.10083449235048679,0.12324929971988796,0.0875,0.10140845070422536,0.10055478502080444,0.04321363488607859,0.0004013658375377269,0.0294200872405394,0.039440177593739974
154,0.22621078491210939,0.0006012439727783204,0.2843628269337785,0.2792908108053973,0.0001,"(25,)",5,"{'NN__alpha': 0.0001, 'NN__hidden_layer_sizes': (25,), 'km__n_clusters': 5}",76,0.0521978021978022,0.10327983251919051,0.4723756906077348,0.43763066202090595,0.1392757660167131,0.13630041724617525,0.6050420168067226,0.5743055555555555,0.15492957746478872,0.1449375866851595,0.10666696662434895,0.00019993790572619738,0.21443794538985486,0.19056868266425206
155,0.22960057258605956,0.001286792755126953,0.15191986644407346,0.14277400675969032,0.0001,"(25,)",10,"{'NN__alpha': 0.0001, 'NN__hidden_layer_sizes': (25,), 'km__n_clusters': 10}",127,0.09615384615384616,0.08443824145150035,0.12154696132596685,0.09059233449477352,0.181058495821727,0.16968011126564672,0.17366946778711484,0.1638888888888889,0.18873239436619718,0.20527045769764216,0.07184687405280889,0.0005865294251576858,0.03670262082202264,0.04733195859313372
156,0.2603580951690674,0.0009022235870361328,0.1457985531441291,0.14035525014484146,0.0001,"(25,)",15,"{'NN__alpha': 0.0001, 'NN__hidden_layer_sizes': (25,), 'km__n_clusters': 15}",139,0.14285714285714285,0.13677599441730634,0.17955801104972377,0.17073170731707318,0.08635097493036212,0.09457579972183588,0.08683473389355742,0.07847222222222222,0.23380281690140844,0.22122052704576978,0.08103069492575447,0.0002006534727803361,0.05619651107681406,0.051768717303150226
157,0.272991943359375,0.000902557373046875,0.11908736783528102,0.1277956800039261,0.0001,"(25,)",20,"{'NN__alpha': 0.0001, 'NN__hidden_layer_sizes': (25,), 'km__n_clusters': 20}",169,0.10164835164835165,0.10188415910676901,0.11602209944751381,0.13519163763066203,0.0947075208913649,0.08970792767732963,0.0896358543417367,0.09236111111111112,0.19436619718309858,0.21983356449375868,0.024562519337008645,0.0002004624547331949,0.03839352748379589,0.048792140423834354
158,0.3163729667663574,0.0013032913208007812,0.1352253756260434,0.13647968391137777,0.0001,"(25,)",25,"{'NN__alpha': 0.0001, 'NN__hidden_layer_sizes': (25,), 'km__n_clusters': 25}",155,0.10164835164835165,0.11653872993719469,0.16022099447513813,0.1818815331010453,0.13649025069637882,0.12030598052851182,0.11764705882352941,0.1076388888888889,0.16056338028169015,0.15603328710124825,0.02612196388785711,0.0008742163662650517,0.023297354933629524,0.02805242624656507
159,0.3613287448883057,0.0012040138244628906,0.14134668892598776,0.14425078885060685,0.0001,"(25,)",30,"{'NN__alpha': 0.0001, 'NN__hidden_layer_sizes': (25,), 'km__n_clusters': 30}",148,0.19505494505494506,0.1779483600837404,0.09944751381215469,0.08571428571428572,0.13649025069637882,0.1474269819193324,0.10364145658263306,0.1284722222222222,0.17183098591549295,0.18169209431345354,0.03892558872936946,0.000931012248789527,0.03753239318744071,0.03527875062543749
160,0.4216517448425293,0.0013035297393798827,0.11296605453533667,0.12506645957604468,0.0001,"(25,)",35,"{'NN__alpha': 0.0001, 'NN__hidden_layer_sizes': (25,), 'km__n_clusters': 35}",174,0.08791208791208792,0.10118632240055828,0.10497237569060773,0.11777003484320557,0.16434540389972144,0.18915159944367177,0.10644257703081232,0.11875,0.10140845070422536,0.09847434119278779,0.06897039107602175,0.0006019600406189192,0.026499850393453324,0.033098164115069335
161,0.4618067741394043,0.0017037391662597656,0.15358931552587646,0.17157075539588149,0.0001,"(25,)",40,"{'NN__alpha': 0.0001, 'NN__hidden_layer_sizes': (25,), 'km__n_clusters': 40}",126,0.1813186813186813,0.2030704815073273,0.17403314917127072,0.16376306620209058,0.1532033426183844,0.21070931849791377,0.09803921568627451,0.10416666666666667,0.16056338028169015,0.17614424410540916,0.055721933534151016,0.0012525108510702827,0.029370499442285005,0.03781335175232882
162,0.1686316967010498,0.0022086143493652345,0.11296605453533667,0.11034891893585279,0.0001,"(25, 25)",2,"{'NN__alpha': 0.0001, 'NN__hidden_layer_sizes': (25, 25), 'km__n_clusters': 2}",174,0.09615384615384616,0.09699930216329379,0.16574585635359115,0.16376306620209058,0.09749303621169916,0.09666203059805285,0.11204481792717087,0.10486111111111111,0.09295774647887324,0.08945908460471567,0.037328421631196776,0.0029150038179519043,0.02730402976312165,0.02714816944704958
163,0.2702752113342285,0.0008016586303710938,0.3105175292153589,0.33349388325345936,0.0001,"(25, 25)",5,"{'NN__alpha': 0.0001, 'NN__hidden_layer_sizes': (25, 25), 'km__n_clusters': 5}",70,0.5439560439560439,0.5792044661549197,0.56353591160221,0.6132404181184669,0.10584958217270195,0.11752433936022254,0.226890756302521,0.25763888888888886,0.10422535211267606,0.09986130374479889,0.03878579546309304,0.00040035440899736295,0.2051813736503664,0.2216361074311343
164,0.35138649940490724,0.0007021427154541016,0.46855870895937674,0.5109567176189834,0.0001,"(25, 25)",10,"{'NN__alpha': 0.0001, 'NN__hidden_layer_sizes': (25, 25), 'km__n_clusters': 10}",45,0.7747252747252747,0.7990230286113049,0.20165745856353592,0.25017421602787454,0.6629526462395543,0.741307371349096,0.4733893557422969,0.5451388888888888,0.22535211267605634,0.21914008321775313,0.13079725176601223,0.00024557460856529335,0.22929665381306885,0.24098817617664078
165,0.2572618007659912,0.0014067649841308593,0.1457985531441291,0.1476842133429755,0.0001,"(25, 25)",15,"{'NN__alpha': 0.0001, 'NN__hidden_layer_sizes': (25, 25), 'km__n_clusters': 15}",139,0.09615384615384616,0.10537334263782275,0.16298342541436464,0.13310104529616726,0.1615598885793872,0.1599443671766342,0.09523809523809523,0.14166666666666666,0.2140845070422535,0.19833564493758668,0.055547543623288315,0.000862597412269051,0.0451373782698287,0.03083818520185554
166,0.3713366508483887,0.0009023666381835938,0.27434613244296047,0.28415709577561243,0.0001,"(25, 25)",20,"{'NN__alpha': 0.0001, 'NN__hidden_layer_sizes': (25, 25), 'km__n_clusters': 20}",81,0.17857142857142858,0.17515701325889743,0.638121546961326,0.6996515679442509,0.2618384401114206,0.2635605006954103,0.11204481792717087,0.12222222222222222,0.17746478873239438,0.16019417475728157,0.14378804013081797,0.00020072552919428425,0.188771420618603,0.21285234468071682
167,0.31801528930664064,0.0012033462524414062,0.13689482470784642,0.1472136478704919,0.0001,"(25, 25)",25,"{'NN__alpha': 0.0001, 'NN__hidden_layer_sizes': (25, 25), 'km__n_clusters': 25}",151,0.12637362637362637,0.12909979064898813,0.1408839779005525,0.19233449477351916,0.12534818941504178,0.13908205841446453,0.1792717086834734,0.17291666666666666,0.11267605633802817,0.10263522884882108,0.04363941903916357,0.0009291510334761728,0.02291066754188636,0.03186849859493541
168,0.3946675300598145,0.0022258758544921875,0.20645520311630494,0.20259287900294579,0.0001,"(25, 25)",30,"{'NN__alpha': 0.0001, 'NN__hidden_layer_sizes': (25, 25), 'km__n_clusters': 30}",104,0.10714285714285714,0.09769713886950454,0.16574585635359115,0.13937282229965156,0.10584958217270195,0.1592489568845619,0.12605042016806722,0.10138888888888889,0.532394366197183,0.515256588072122,0.06119784826064269,0.0027038540514522412,0.163172380513367,0.1580376094707936
169,0.4692253589630127,0.0008028030395507812,0.3361157484696717,0.37284180703182473,0.0001,"(25, 25)",35,"{'NN__alpha': 0.0001, 'NN__hidden_layer_sizes': (25, 25), 'km__n_clusters': 35}",66,0.12362637362637363,0.09211444521981857,0.580110497237569,0.7121951219512195,0.6824512534818942,0.7559109874826148,0.18487394957983194,0.17569444444444443,0.10704225352112676,0.12829403606102635,0.14128791747206512,0.0004028925908871384,0.2449743295314822,0.296439274014054
170,0.4468533515930176,0.0009024620056152343,0.17696160267111852,0.18529816115702866,0.0001,"(25, 25)",40,"{'NN__alpha': 0.0001, 'NN__hidden_layer_sizes': (25, 25), 'km__n_clusters': 40}",114,0.13736263736263737,0.1674808094905792,0.3314917127071823,0.4083623693379791,0.10863509749303621,0.09805285118219749,0.1400560224089636,0.12083333333333333,0.16619718309859155,0.1317614424410541,0.06436388379931805,0.00020041479940724808,0.07971342476973758,0.11376180148153138
171,0.2071453094482422,0.0011029720306396484,0.2376182526432944,0.23183771567324096,0.0001,"(100, 25, 100)",2,"{'NN__alpha': 0.0001, 'NN__hidden_layer_sizes': (100, 25, 100), 'km__n_clusters': 2}",95,0.18956043956043955,0.18771807397069085,0.18232044198895028,0.19930313588850174,0.24233983286908078,0.2621696801112656,0.23249299719887956,0.20833333333333334,0.3436619718309859,0.3016643550624133,0.053388596291983434,0.00020084381103515624,0.057576111165436504,0.04325109314217764
172,0.3447082042694092,0.0011011600494384766,0.6188091263216472,0.6563616027967247,0.0001,"(100, 25, 100)",5,"{'NN__alpha': 0.0001, 'NN__hidden_layer_sizes': (100, 25, 100), 'km__n_clusters': 5}",23,0.6071428571428571,0.6734124214933705,0.6132596685082873,0.6808362369337979,0.5738161559888579,0.5563282336578581,0.6694677871148459,0.6576388888888889,0.6309859154929578,0.7135922330097088,0.038708943607784346,0.0003732411170625171,0.0312621145561075,0.05324169338024249
173,0.45657715797424314,0.00140380859375,0.7067334446299388,0.7558468491307959,0.0001,"(100, 25, 100)",10,"{'NN__alpha': 0.0001, 'NN__hidden_layer_sizes': (100, 25, 100), 'km__n_clusters': 10}",8,0.8104395604395604,0.8227494766224703,0.5662983425414365,0.659233449477352,0.6991643454038997,0.8025034770514604,0.7478991596638656,0.7131944444444445,0.7098591549295775,0.7815533980582524,0.12907212568991494,0.00037385708785945485,0.08063185794804079,0.060773358916718055
174,0.462687349319458,0.0015460968017578125,0.6599888703394546,0.7001041866156497,0.0001,"(100, 25, 100)",15,"{'NN__alpha': 0.0001, 'NN__hidden_layer_sizes': (100, 25, 100), 'km__n_clusters': 15}",18,0.7857142857142857,0.793440334961619,0.7569060773480663,0.8466898954703833,0.2646239554317549,0.260778859527121,0.8095238095238095,0.8201388888888889,0.6816901408450704,0.7794729542302358,0.10266955823983301,0.0010872126605928362,0.20213168582113059,0.22086805141189236
175,0.49149503707885744,0.001103353500366211,0.5609348914858097,0.6134627177170093,0.0001,"(100, 25, 100)",20,"{'NN__alpha': 0.0001, 'NN__hidden_layer_sizes': (100, 25, 100), 'km__n_clusters': 20}",31,0.4835164835164835,0.534542916957432,0.7541436464088398,0.8132404181184669,0.7270194986072424,0.7726008344923505,0.24369747899159663,0.2361111111111111,0.5943661971830986,0.7108183079056866,0.13783124147938236,0.00020017697732615698,0.18563129570175585,0.21134651673943733
176,0.563831377029419,0.0013036727905273438,0.7356705620478575,0.7839948965821265,0.0001,"(100, 25, 100)",25,"{'NN__alpha': 0.0001, 'NN__hidden_layer_sizes': (100, 25, 100), 'km__n_clusters': 25}",4,0.7472527472527473,0.7990230286113049,0.7403314917127072,0.7965156794425087,0.7520891364902507,0.799721835883171,0.7955182072829131,0.81875,0.6422535211267606,0.7059639389736477,0.12614908914081985,0.00040090147526554985,0.050209048474839375,0.039816325632547486
177,0.5241614818572998,0.0017052650451660155,0.523650528658876,0.5772211406892497,0.0001,"(100, 25, 100)",30,"{'NN__alpha': 0.0001, 'NN__hidden_layer_sizes': (100, 25, 100), 'km__n_clusters': 30}",37,0.6648351648351648,0.6692254012561061,0.569060773480663,0.6668989547038328,0.12534818941504178,0.15855354659248957,0.6778711484593838,0.7194444444444444,0.5802816901408451,0.6719833564493759,0.11642936490451226,0.0002462758720270774,0.2037284579378302,0.21023643561593636
178,0.6794484615325928,0.0016044139862060546,0.7390094602114635,0.7956824321570981,0.0001,"(100, 25, 100)",35,"{'NN__alpha': 0.0001, 'NN__hidden_layer_sizes': (100, 25, 100), 'km__n_clusters': 35}",3,0.771978021978022,0.78506629448709,0.7403314917127072,0.824390243902439,0.7855153203342619,0.8713490959666204,0.7507002801120448,0.7743055555555556,0.6450704225352113,0.7233009708737864,0.10007652472903536,0.00020082021685162348,0.049224497697228226,0.04971585589536378
179,0.6073844909667969,0.0015041351318359375,0.6277128547579299,0.6721831424552713,0.0001,"(100, 25, 100)",40,"{'NN__alpha': 0.0001, 'NN__hidden_layer_sizes': (100, 25, 100), 'km__n_clusters': 40}",21,0.7939560439560439,0.8101884159106769,0.7071823204419889,0.7916376306620209,0.7298050139275766,0.8136300417246175,0.226890756302521,0.1763888888888889,0.676056338028169,0.7690707350901526,0.10273049312390736,0.0003165068697635239,0.20330115959973516,0.24840338284458982
